1001;Vitoria-Gasteiz;Álava
1002;Vitoria-Gasteiz;Álava
1003;Vitoria-Gasteiz;Álava
1004;Vitoria-Gasteiz;Álava
1005;Vitoria-Gasteiz;Álava
1006;Vitoria-Gasteiz;Álava
1007;Vitoria-Gasteiz;Álava
1008;Vitoria-Gasteiz;Álava
1009;Vitoria-Gasteiz;Álava
1010;Vitoria-Gasteiz;Álava
1012;Labastida/Bastida;Álava
1012;Vitoria-Gasteiz;Álava
1013;Vitoria-Gasteiz;Álava
1015;Vitoria-Gasteiz;Álava
1110;Campezo/Kanpezu;Álava
1117;Campezo/Kanpezu;Álava
1117;Harana/Valle de Arana;Álava
1118;Bernedo;Álava
1118;Lagrán;Álava
1118;Condado de Treviño;Álava
1120;Arraia-Maeztu;Álava
1121;Berantevilla;Álava
1128;Bernedo;Álava
1128;Campezo/Kanpezu;Álava
1128;Arraia-Maeztu;Álava
1129;Arraia-Maeztu;Álava
1130;Zuia;Álava
1138;Zigoitia;Álava
1139;Zuia;Álava
1160;Aramaio;Álava
1165;Aramaio;Álava
1169;Aramaio;Álava
1170;Legutio;Álava
1171;Legutio;Álava
1191;Vitoria-Gasteiz;Álava
1191;Iruña Oka/Iruña de Oca;Álava
1192;Elburgo/Burgelu;Álava
1192;Vitoria-Gasteiz;Álava
1193;Alegría-Dulantzi;Álava
1193;Elburgo/Burgelu;Álava
1193;Iruraiz-Gauna;Álava
1193;Vitoria-Gasteiz;Álava
1194;Bernedo;Álava
1194;Vitoria-Gasteiz;Álava
1195;Vitoria-Gasteiz;Álava
1195;Iruña Oka/Iruña de Oca;Álava
1196;Zigoitia;Álava
1196;Vitoria-Gasteiz;Álava
1200;Agurain/Salvatierra;Álava
1206;Barrundia;Álava
1206;Iruraiz-Gauna;Álava
1207;Iruraiz-Gauna;Álava
1207;Agurain/Salvatierra;Álava
1207;San Millán/Donemiliaga;Álava
1208;Asparrena;Álava
1208;Barrundia;Álava
1208;San Millán/Donemiliaga;Álava
1208;Zalduondo;Álava
1211;Armiñón;Álava
1211;Berantevilla;Álava
1211;Lagrán;Álava
1211;Peñacerrada-Urizaharra;Álava
1211;Condado de Treviño;Álava
1212;Berantevilla;Álava
1212;Labastida/Bastida;Álava
1212;Peñacerrada-Urizaharra;Álava
1212;Zambrana;Álava
1213;Erriberagoitia/Ribera Alta;Álava
1213;Ribera Baja/Erribera Beitia;Álava
1213;Lantarón;Álava
1216;Bernedo;Álava
1216;Peñacerrada-Urizaharra;Álava
1220;Armiñón;Álava
1220;Berantevilla;Álava
1220;Erriberagoitia/Ribera Alta;Álava
1220;Ribera Baja/Erribera Beitia;Álava
1230;Iruña Oka/Iruña de Oca;Álava
1240;Alegría-Dulantzi;Álava
1250;Asparrena;Álava
1260;Asparrena;Álava
1300;Laguardia;Álava
1306;Lapuebla de Labarca;Álava
1307;Baños de Ebro/Mañueta;Álava
1307;Samaniego;Álava
1307;Villabuena de Álava/Eskuernaga;Álava
1308;Kripan;Álava
1308;Laguardia;Álava
1308;Lanciego/Lantziego;Álava
1309;Elvillar/Bilar;Álava
1309;Laguardia;Álava
1309;Leza;Álava
1309;Navaridas;Álava
1320;Oyón-Oion;Álava
1321;Laguardia;Álava
1322;Moreda de Álava/Moreda Araba;Álava
1322;Oyón-Oion;Álava
1322;Yécora/Iekora;Álava
1330;Labastida/Bastida;Álava
1340;Elciego;Álava
1400;Laudio/Llodio;Álava
1408;Ayala/Aiara;Álava
1409;Okondo;Álava
1420;Erriberagoitia/Ribera Alta;Álava
1423;Erriberagoitia/Ribera Alta;Álava
1423;Añana;Álava
1423;Valdegovía/Gaubea;Álava
1423;Lantarón;Álava
1426;Erriberagoitia/Ribera Alta;Álava
1426;Añana;Álava
1426;Valdegovía/Gaubea;Álava
1427;Valdegovía/Gaubea;Álava
1427;Berberana;Álava
1427;Jurisdicción de San Zadornil;Álava
1428;Erriberagoitia/Ribera Alta;Álava
1428;Valdegovía/Gaubea;Álava
1428;Iruña Oka/Iruña de Oca;Álava
1430;Kuartango;Álava
1439;Kuartango;Álava
1440;Urkabustaiz;Álava
1449;Urkabustaiz;Álava
1450;Amurrio;Álava
1450;Urkabustaiz;Álava
1450;Zuia;Álava
1468;Amurrio;Álava
1470;Amurrio;Álava
1470;Ayala/Aiara;Álava
1474;Artziniega;Álava
1476;Ayala/Aiara;Álava
1477;Ayala/Aiara;Álava
1478;Artziniega;Álava
1478;Ayala/Aiara;Álava
1479;Ayala/Aiara;Álava
1510;Arratzua-Ubarrundia;Álava
1510;Legutio;Álava
1510;Vitoria-Gasteiz;Álava
1520;Arratzua-Ubarrundia;Álava
1520;Vitoria-Gasteiz;Álava
1830;Torrejoncillo;Álava
1857;Acebo;Álava
2001;Albacete;Albacete
2002;Albacete;Albacete
2003;Albacete;Albacete
2004;Albacete;Albacete
2005;Albacete;Albacete
2006;Albacete;Albacete
2008;Albacete;Albacete
2013;Peñascosa;Albacete
2049;Albacete;Albacete
2071;Albacete;Albacete
2099;Albacete;Albacete
2099;Pozo Cañada;Albacete
2100;Tarazona de la Mancha;Albacete
2110;Gineta;Albacete
2120;Peñas de San Pedro;Albacete
2124;Alcadozo;Albacete
2124;Ayna;Albacete
2124;Liétor;Albacete
2125;Ayna;Albacete
2126;Ayna;Albacete
2127;Peñas de San Pedro;Albacete
2128;Alcadozo;Albacete
2128;Peñas de San Pedro;Albacete
2129;Pozohondo;Albacete
2130;Bogarra;Albacete
2136;Paterna del Madera;Albacete
2137;Paterna del Madera;Albacete
2138;Bogarra;Albacete
2138;Peñascosa;Albacete
2139;Ayna;Albacete
2139;Bogarra;Albacete
2140;Albacete;Albacete
2141;Pozohondo;Albacete
2142;Liétor;Albacete
2142;Pozohondo;Albacete
2150;Valdeganga;Albacete
2151;Casas de Juan Núñez;Albacete
2152;Alatoz;Albacete
2153;Carcelén;Albacete
2154;Pozo-Lorente;Albacete
2154;Villavaliente;Albacete
2155;Albacete;Albacete
2156;Chinchilla de Monte-Aragón;Albacete
2160;Lezuza;Albacete
2161;Lezuza;Albacete
2162;Herrera;Albacete
2170;Bollullos Par del Condado;Albacete
2200;Casas-Ibáñez;Albacete
2210;Alcalá del Júcar;Albacete
2211;Alcalá del Júcar;Albacete
2212;Casas de Ves;Albacete
2213;Balsa de Ves;Albacete
2213;Villa de Ves;Albacete
2214;Alcalá del Júcar;Albacete
2214;Balsa de Ves;Albacete
2215;Alborea;Albacete
2215;Villatoya;Albacete
2220;Motilleja;Albacete
2230;Madrigueras;Albacete
2236;Villalgordo del Júcar;Albacete
2240;Mahora;Albacete
2246;Navas de Jorquera;Albacete
2247;Cenizate;Albacete
2248;Jorquera;Albacete
2249;Fuentealbilla;Albacete
2249;Jorquera;Albacete
2249;Recueja;Albacete
2250;Abengibre;Albacete
2251;Fuentealbilla;Albacete
2253;Golosalvo;Albacete
2260;Fuentealbilla;Albacete
2270;Villamalea;Albacete
2300;Alcaraz;Albacete
2310;Viveros;Albacete
2311;Povedilla;Albacete
2312;Alcaraz;Albacete
2313;Peñascosa;Albacete
2314;Alcaraz;Albacete
2314;Masegoso;Albacete
2314;Peñascosa;Albacete
2315;Vianos;Albacete
2316;Salobre;Albacete
2320;Balazote;Albacete
2326;San Pedro;Albacete
2327;Pozuelo;Albacete
2328;Albacete;Albacete
2329;Casas de Lázaro;Albacete
2330;Alcaraz;Albacete
2331;Robledo;Albacete
2332;Robledo;Albacete
2340;Robledo;Albacete
2350;Villapalacios;Albacete
2360;Bienservida;Albacete
2395;Estepona;Albacete
2400;Hellín;Albacete
2409;Hellín;Albacete
2410;Liétor;Albacete
2410;Aranda de Duero;Albacete
2420;Hellín;Albacete
2430;Elche de la Sierra;Albacete
2434;Letur;Albacete
2435;Socovos;Albacete
2436;Férez;Albacete
2437;Socovos;Albacete
2439;Elche de la Sierra;Albacete
2440;Molinicos;Albacete
2448;Bogarra;Albacete
2448;Molinicos;Albacete
2449;Elche de la Sierra;Albacete
2449;Molinicos;Albacete
2450;Riópar;Albacete
2459;Riópar;Albacete
2460;Villaverde de Guadalimar;Albacete
2461;Cotillas;Albacete
2462;Riópar;Albacete
2462;Villaverde de Guadalimar;Albacete
2470;Elche de la Sierra;Albacete
2480;Yeste;Albacete
2482;Yeste;Albacete
2484;Yeste;Albacete
2485;Yeste;Albacete
2486;Yeste;Albacete
2487;Yeste;Albacete
2488;Yeste;Albacete
2489;Yeste;Albacete
2490;Hellín;Albacete
2498;Hellín;Albacete
2499;Hellín;Albacete
2500;Tobarra;Albacete
2510;Chinchilla de Monte-Aragón;Albacete
2510;Pozo Cañada;Albacete
2511;Albacete;Albacete
2512;Albacete;Albacete
2513;Tobarra;Albacete
2514;Tobarra;Albacete
2520;Chinchilla de Monte-Aragón;Albacete
2529;Chinchilla de Monte-Aragón;Albacete
2530;Nerpio;Albacete
2534;Nerpio;Albacete
2535;Nerpio;Albacete
2536;Nerpio;Albacete
2537;Nerpio;Albacete
2538;Nerpio;Albacete
2539;Nerpio;Albacete
2600;Villarrobledo;Albacete
2610;Bonillo;Albacete
2611;Ossa de Montiel;Albacete
2612;Munera;Albacete
2612;Villarrobledo;Albacete
2614;Ballestero;Albacete
2620;Minaya;Albacete
2630;Roda;Albacete
2636;Villalgordo del Júcar;Albacete
2636;Casas de Benítez;Albacete
2637;Fuensanta;Albacete
2638;Montalvos;Albacete
2639;Barrax;Albacete
2639;Roda;Albacete
2640;Almansa;Albacete
2650;Montealegre del Castillo;Albacete
2651;Fuente-Álamo;Albacete
2652;Ontur;Albacete
2653;Albatana;Albacete
2660;Caudete;Albacete
2660;Villarrobledo;Albacete
2690;Alpera;Albacete
2690;Higueruela;Albacete
2691;Bonete;Albacete
2692;Chinchilla de Monte-Aragón;Albacete
2692;Pétrola;Albacete
2693;Corral-Rubio;Albacete
2693;Pétrola;Albacete
2694;Higueruela;Albacete
2695;Chinchilla de Monte-Aragón;Albacete
2696;Hoya-Gonzalo;Albacete
2999;Ayna;Albacete
3001;Alicante/Alacant;Alicante
3002;Alicante/Alacant;Alicante
3003;Alicante/Alacant;Alicante
3004;Alicante/Alacant;Alicante
3005;Alicante/Alacant;Alicante
3006;Alicante/Alacant;Alicante
3007;Alicante/Alacant;Alicante
3008;Alicante/Alacant;Alicante
3009;Alicante/Alacant;Alicante
3010;Alicante/Alacant;Alicante
3011;Alicante/Alacant;Alicante
3012;Alicante/Alacant;Alicante
3013;Alicante/Alacant;Alicante
3014;Alicante/Alacant;Alicante
3015;Alicante/Alacant;Alicante
3016;Alicante/Alacant;Alicante
3100;Jijona/Xixona;Alicante
3108;Torremanzanas/Torre de les Masanes;Alicante
3109;Tibi;Alicante
3110;Mutxamel;Alicante
3111;Busot;Alicante
3112;Alicante/Alacant;Alicante
3113;Alicante/Alacant;Alicante
3113;Elche/Elx;Alicante
3114;Alicante/Alacant;Alicante
3115;Alicante/Alacant;Alicante
3119;Orihuela;Alicante
3130;Santa Pola;Alicante
3138;Alicante/Alacant;Alicante
3139;Elche/Elx;Alicante
3140;Guardamar del Segura;Alicante
3150;Dolores;Alicante
3158;Catral;Alicante
3158;Crevillent;Alicante
3159;Daya Nueva;Alicante
3160;Almoradí;Alicante
3169;Algorfa;Alicante
3170;Rojales;Alicante
3176;Algorfa;Alicante
3177;Daya Vieja;Alicante
3177;Formentera del Segura;Alicante
3177;San Fulgencio;Alicante
3178;Benijófar;Alicante
3179;Almoradí;Alicante
3179;Formentera del Segura;Alicante
3181;Torrevieja;Alicante
3182;Torrevieja;Alicante
3183;Torrevieja;Alicante
3184;Torrevieja;Alicante
3185;Torrevieja;Alicante
3186;Torrevieja;Alicante
3187;Montesinos;Alicante
3188;Torrevieja;Alicante
3189;Orihuela;Alicante
3190;Orihuela;Alicante
3190;Pilar de la Horadada;Alicante
3191;Pilar de la Horadada;Alicante
3193;San Miguel de Salinas;Alicante
3194;Elche/Elx;Alicante
3195;Elche/Elx;Alicante
3201;Elche/Elx;Alicante
3202;Elche/Elx;Alicante
3203;Elche/Elx;Alicante
3204;Elche/Elx;Alicante
3205;Elche/Elx;Alicante
3206;Elche/Elx;Alicante
3207;Elche/Elx;Alicante
3208;Elche/Elx;Alicante
3290;Elche/Elx;Alicante
3291;Elche/Elx;Alicante
3292;Elche/Elx;Alicante
3293;Elche/Elx;Alicante
3294;Elche/Elx;Alicante
3295;Elche/Elx;Alicante
3296;Elche/Elx;Alicante
3300;Orihuela;Alicante
3310;Jacarilla;Alicante
3311;Orihuela;Alicante
3312;Orihuela;Alicante
3313;Orihuela;Alicante
3314;Orihuela;Alicante
3315;Orihuela;Alicante
3316;Benferri;Alicante
3316;Orihuela;Alicante
3317;Callosa de Segura;Alicante
3317;Orihuela;Alicante
3319;Orihuela;Alicante
3320;Elche/Elx;Alicante
3321;Orihuela;Alicante
3322;Orihuela;Alicante
3325;Orihuela;Alicante
3330;Crevillent;Alicante
3339;Crevillent;Alicante
3340;Albatera;Alicante
3348;Granja de Rocamora;Alicante
3349;San Isidro;Alicante
3350;Cox;Alicante
3360;Callosa de Segura;Alicante
3369;Orihuela;Alicante
3369;Rafal;Alicante
3370;Redován;Alicante
3380;Bigastro;Alicante
3380;Orihuela;Alicante
3390;Benejúzar;Alicante
3400;Villena;Alicante
3408;Villena;Alicante
3409;Alicante/Alacant;Alicante
3409;Cañada;Alicante
3409;Salinas;Alicante
3409;Villena;Alicante
3410;Biar;Alicante
3420;Castalla;Alicante
3430;Onil;Alicante
3440;Ibi;Alicante
3450;Banyeres de Mariola;Alicante
3460;Beneixama;Alicante
3469;Beneixama;Alicante
3469;Campo de Mirra/Camp de Mirra;Alicante
3501;Benidorm;Alicante
3502;Benidorm;Alicante
3503;Benidorm;Alicante
3509;Finestrat;Alicante
3510;Callosa d'en Sarriá;Alicante
3516;Benimantell;Alicante
3517;Beniardá;Alicante
3517;Benifato;Alicante
3517;Confrides;Alicante
3517;Castell de Guadalest;Alicante
3518;Bolulla;Alicante
3518;Tárbena;Alicante
3520;Polop;Alicante
3530;Nucia;Alicante
3540;Alicante/Alacant;Alicante
3550;Alicante/Alacant;Alicante
3550;Sant Joan d'Alacant;Alicante
3559;Alicante/Alacant;Alicante
3560;Campello;Alicante
3569;Aigües;Alicante
3570;Villajoyosa/Vila Joiosa;Alicante
3578;Relleu;Alicante
3579;Orxeta;Alicante
3579;Sella;Alicante
3580;Alfás del Pi;Alicante
3581;Alfás del Pi;Alicante
3590;Altea;Alicante
3599;Altea;Alicante
3600;Elda;Alicante
3610;Petrer;Alicante
3630;Sax;Alicante
3638;Salinas;Alicante
3639;Villena;Alicante
3640;Monóvar;Alicante
3649;Monóvar;Alicante
3650;Pinós;Alicante
3657;Pinós;Alicante
3657;Yecla;Alicante
3658;Pinós;Alicante
3658;Salinas;Alicante
3659;Pinós;Alicante
3660;Novelda;Alicante
3660;Oliva;Alicante
3668;Algueña;Alicante
3669;Romana;Alicante
3670;Monforte del Cid;Alicante
3679;Monforte del Cid;Alicante
3680;Aspe;Alicante
3688;Fondó de les Neus;Alicante
3689;Fondó de les Neus;Alicante
3689;Hondón de los Frailes;Alicante
3689;Orihuela;Alicante
3690;San Vicente del Raspeig/Sant Vicent del Raspeig;Alicante
3698;Agost;Alicante
3699;Alicante/Alacant;Alicante
3700;Dénia;Alicante
3709;Dénia;Alicante
3710;Calpe;Alicante
3720;Benissa;Alicante
3723;Alcalalí;Alicante
3724;Teulada;Alicante
3725;Teulada;Alicante
3726;Benitachell/Poble Nou de Benitatxell;Alicante
3727;Xaló;Alicante
3728;Alcalalí;Alicante
3729;Llíber;Alicante
3729;Senija;Alicante
3730;Jávea/Xábia;Alicante
3737;Jávea/Xábia;Alicante
3738;Jávea/Xábia;Alicante
3739;Jávea/Xábia;Alicante
3740;Gata de Gorgos;Alicante
3749;Dénia;Alicante
3750;Pedreguer;Alicante
3759;Alcalalí;Alicante
3759;Beniarbeig;Alicante
3759;Benidoleig;Alicante
3760;Ondara;Alicante
3769;Benimeli;Alicante
3769;Ráfol d'Almúnia;Alicante
3769;Sanet y Negrals;Alicante
3770;Dénia;Alicante
3770;Verger;Alicante
3778;Beniarbeig;Alicante
3779;Dénia;Alicante
3779;Poblets;Alicante
3780;Dénia;Alicante
3780;Pego;Alicante
3780;Ráfol d'Almúnia;Alicante
3786;Atzúbia;Alicante
3787;Vall de Gallinera;Alicante
3788;Vall d'Alcalá;Alicante
3788;Vall de Gallinera;Alicante
3789;Vall d'Ebo;Alicante
3790;Orba;Alicante
3791;Orba;Alicante
3791;Vall de Laguar;Alicante
3792;Murla;Alicante
3792;Orba;Alicante
3792;Parcent;Alicante
3793;Castell de Castells;Alicante
3794;Benigembla;Alicante
3795;Orba;Alicante
3795;Sagra;Alicante
3795;Tormos;Alicante
3800;Alcoy/Alcoi;Alicante
3801;Alcoy/Alcoi;Alicante
3802;Alcoy/Alcoi;Alicante
3803;Alcoy/Alcoi;Alicante
3804;Alcoy/Alcoi;Alicante
3810;Benilloba;Alicante
3811;Quatretondeta;Alicante
3811;Gorga;Alicante
3812;Balones;Alicante
3812;Benimassot;Alicante
3812;Millena;Alicante
3813;Facheca;Alicante
3813;Famorca;Alicante
3813;Tollos;Alicante
3814;Alcoleja;Alicante
3814;Benasau;Alicante
3815;Penáguila;Alicante
3816;Benifallim;Alicante
3818;Alcoy/Alcoi;Alicante
3819;Alcoy/Alcoi;Alicante
3820;Cocentaina;Alicante
3827;Almudaina;Alicante
3827;Benillup;Alicante
3827;Benimarfull;Alicante
3828;Planes;Alicante
3829;Alqueria d'Asnar;Alicante
3829;Cocentaina;Alicante
3830;Muro de Alcoy;Alicante
3837;Agres;Alicante
3838;Alfafara;Alicante
3839;Muro de Alcoy;Alicante
3840;Gaianes;Alicante
3841;Alcocer de Planes;Alicante
3850;Beniarrés;Alicante
3860;Lorcha/Orxa;Alicante
3870;Cocentaina;Alicante
4001;Almería;Almería
4002;Almería;Almería
4003;Almería;Almería
4004;Almería;Almería
4005;Almería;Almería
4006;Almería;Almería
4007;Almería;Almería
4008;Almería;Almería
4009;Almería;Almería
4100;Níjar;Almería
4110;Níjar;Almería
4113;Níjar;Almería
4114;Lucainena de las Torres;Almería
4114;Níjar;Almería
4115;Níjar;Almería
4116;Níjar;Almería
4117;Níjar;Almería
4118;Níjar;Almería
4119;Níjar;Almería
4120;Almería;Almería
4130;Almería;Almería
4131;Almería;Almería
4140;Carboneras;Almería
4149;Carboneras;Almería
4149;Níjar;Almería
4149;Sorbas;Almería
4150;Almería;Almería
4151;Níjar;Almería
4160;Almería;Almería
4200;Tabernas;Almería
4210;Lucainena de las Torres;Almería
4211;Lucainena de las Torres;Almería
4211;Tabernas;Almería
4211;Turrillas;Almería
4212;Castro de Filabres;Almería
4212;Olula de Castro;Almería
4212;Velefique;Almería
4213;Senés;Almería
4230;Huércal de Almería;Almería
4240;Viator;Almería
4248;Sorbas;Almería
4250;Pechina;Almería
4259;Pechina;Almería
4260;Rioja;Almería
4270;Sorbas;Almería
4271;Lubrín;Almería
4271;Sorbas;Almería
4274;Benizalón;Almería
4274;Tahal;Almería
4274;Uleila del Campo;Almería
4275;Tahal;Almería
4275;Tíjola;Almería
4276;Alcudia de Monteagud;Almería
4276;Benitagla;Almería
4276;Benizalón;Almería
4277;Sorbas;Almería
4277;Turre;Almería
4278;Sorbas;Almería
4279;Sorbas;Almería
4279;Tahal;Almería
4279;Uleila del Campo;Almería
4280;Gallardos;Almería
4288;Bédar;Almería
4288;Gallardos;Almería
4289;Bédar;Almería
4289;Gallardos;Almería
4289;Sorbas;Almería
4400;Alhama de Almería;Almería
4409;Alicún;Almería
4409;Huécija;Almería
4410;Benahadux;Almería
4420;Santa Fe de Mondújar;Almería
4430;Instinción;Almería
4431;Íllar;Almería
4440;Rágol;Almería
4450;Canjáyar;Almería
4450;Gérgal;Almería
4458;Almócita;Almería
4458;Beires;Almería
4458;Padules;Almería
4459;Ohanes;Almería
4460;Fondón;Almería
4470;Láujar de Andarax;Almería
4479;Bayárcal;Almería
4479;Fondón;Almería
4479;Paterna del Río;Almería
4480;Alcolea;Almería
4500;Fiñana;Almería
4510;Abla;Almería
4520;Abrucena;Almería
4530;Tres Villas;Almería
4531;Alboloduy;Almería
4532;Tres Villas;Almería
4533;Abrucena;Almería
4540;Nacimiento;Almería
4549;Gérgal;Almería
4550;Gérgal;Almería
4558;Alboloduy;Almería
4558;Gérgal;Almería
4559;Gérgal;Almería
4560;Gádor;Almería
4567;Alhabia;Almería
4568;Alsodux;Almería
4568;Santa Cruz de Marchena;Almería
4569;Bentarique;Almería
4569;Terque;Almería
4600;Albox;Almería
4600;Huércal-Overa;Almería
4610;Cuevas del Almanzora;Almería
4616;Cuevas del Almanzora;Almería
4617;Cuevas del Almanzora;Almería
4618;Cuevas del Almanzora;Almería
4619;Cuevas del Almanzora;Almería
4620;Vera;Almería
4628;Antas;Almería
4629;Antas;Almería
4630;Garrucha;Almería
4638;Mojácar;Almería
4639;Mojácar;Almería
4639;Turre;Almería
4640;Oria;Almería
4640;Pulpí;Almería
4647;Cuevas del Almanzora;Almería
4647;Pulpí;Almería
4648;Cuevas del Almanzora;Almería
4648;Pulpí;Almería
4649;Pulpí;Almería
4650;Zurgena;Almería
4660;Arboleas;Almería
4661;Taberno;Almería
4661;Zurgena;Almería
4662;Huércal-Overa;Almería
4662;Zurgena;Almería
4690;Huércal-Overa;Almería
4691;Huércal-Overa;Almería
4692;Albox;Almería
4692;Huércal-Overa;Almería
4692;Taberno;Almería
4693;Huércal-Overa;Almería
4694;Huércal-Overa;Almería
4700;Ejido;Almería
4710;Ejido;Almería
4711;Ejido;Almería
4712;Ejido;Almería
4713;Balanegra;Almería
4715;Ejido;Almería
4716;Ejido;Almería
4720;Roquetas de Mar;Almería
4721;Vícar;Almería
4727;Vícar;Almería
4728;Felix;Almería
4729;Enix;Almería
4738;Vícar;Almería
4740;Roquetas de Mar;Almería
4741;Roquetas de Mar;Almería
4743;Roquetas de Mar;Almería
4745;Mojonera;Almería
4746;Mojonera;Almería
4750;Dalías;Almería
4760;Berja;Almería
4768;Alcolea;Almería
4768;Berja;Almería
4769;Berja;Almería
4770;Adra;Almería
4778;Adra;Almería
4779;Adra;Almería
4800;Albox;Almería
4810;Oria;Almería
4810;Partaloa;Almería
4811;Oria;Almería
4812;Albox;Almería
4813;Albox;Almería
4813;Oria;Almería
4814;Albox;Almería
4815;Cantoria;Almería
4820;Vélez-Rubio;Almería
4825;Chirivel;Almería
4826;Vélez-Rubio;Almería
4827;Vélez-Rubio;Almería
4828;Vélez-Rubio;Almería
4829;Vélez-Blanco;Almería
4829;Vélez-Rubio;Almería
4830;Vélez-Blanco;Almería
4838;María;Almería
4839;María;Almería
4839;Vélez-Blanco;Almería
4850;Cantoria;Almería
4857;Albánchez;Almería
4858;Albánchez;Almería
4858;Cantoria;Almería
4859;Cóbdar;Almería
4859;Chercos;Almería
4859;Líjar;Almería
4860;Olula del Río;Almería
4867;Macael;Almería
4868;Laroya;Almería
4869;Fines;Almería
4870;Purchena;Almería
4877;Lúcar;Almería
4877;Somontín;Almería
4878;Sierro;Almería
4878;Suflí;Almería
4879;Urrácal;Almería
4880;Tíjola;Almería
4887;Lúcar;Almería
4887;Tíjola;Almería
4888;Armuña de Almanzora;Almería
4888;Bayarque;Almería
4889;Bacares;Almería
4889;Tíjola;Almería
4890;Serón;Almería
4897;Alcóntar;Almería
4897;Serón;Almería
4898;Alcóntar;Almería
4898;Serón;Almería
4899;Oria;Almería
4899;Serón;Almería
4964;Huércal-Overa;Almería
5001;Ávila;Ávila
5002;Ávila;Ávila
5003;Ávila;Ávila
5004;Ávila;Ávila
5005;Ávila;Ávila
5100;Navaluenga;Ávila
5110;Barraco;Ávila
5111;San Juan de la Nava;Ávila
5113;Burgohondo;Ávila
5114;Villanueva de Ávila;Ávila
5115;Navarrevisca;Ávila
5115;Serranillos;Ávila
5116;Serranillos;Ávila
5120;Navalmoral;Ávila
5120;Navarredondilla;Ávila
5120;San Juan del Molinillo;Ávila
5122;Navaquesera;Ávila
5122;Navatalgordo;Ávila
5123;Hoyocasero;Ávila
5123;Navalosa;Ávila
5125;Donvidas;Ávila
5130;Solosancho;Ávila
5131;Hija de Dios;Ávila
5131;Mengamuñoz;Ávila
5131;Narros del Puerto;Ávila
5132;Cepeda la Mora;Ávila
5132;Hoyos de Miguel Muñoz;Ávila
5132;San Martín del Pimpollar;Ávila
5133;San Martín de la Vega del Alberche;Ávila
5134;Garganta del Villar;Ávila
5134;Navadijos;Ávila
5134;Navalacruz;Ávila
5140;Bularros;Ávila
5140;Casasola;Ávila
5140;Marlín;Ávila
5140;Martiherrero;Ávila
5141;Chamartín;Ávila
5141;Gallegos de Altamiros;Ávila
5141;Narrillos del Rebollar;Ávila
5141;Sanchorreja;Ávila
5143;Valdecasa;Ávila
5145;Manjabálago y Ortigosa de Rioalmar;Ávila
5145;Muñico;Ávila
5145;San Juan del Olmo;Ávila
5146;Blascomillán;Ávila
5146;Herreros de Suso;Ávila
5146;Mancera de Arriba;Ávila
5146;Mirueña de los Infanzones;Ávila
5146;Parral;Ávila
5146;San García de Ingelmos;Ávila
5146;Vita;Ávila
5147;Gallegos de Sobrinos;Ávila
5147;Hurtumpascual;Ávila
5148;Cabezas del Villar;Ávila
5149;Cillán;Ávila
5149;Solana de Rioalmar;Ávila
5150;Pascualcobo;Ávila
5150;Riocabado;Ávila
5150;San Miguel de Serrezuela;Ávila
5151;Martínez;Ávila
5151;Diego del Carpio;Ávila
5152;Martínez;Ávila
5153;Arevalillo;Ávila
5153;Becedillas;Ávila
5153;Collado del Mirón;Ávila
5153;Malpartida de Corneja;Ávila
5153;Mirón;Ávila
5154;Mirón;Ávila
5154;Narrillos del Álamo;Ávila
5154;Zapardiel de la Cañada;Ávila
5160;Ávila;Ávila
5161;Mingorría;Ávila
5162;Berlanas;Ávila
5163;Gotarrendura;Ávila
5163;Monsalupe;Ávila
5163;Peñalba de Ávila;Ávila
5164;Hernansancho;Ávila
5164;Oso;Ávila
5164;Riocabado;Ávila
5164;San Pascual;Ávila
5164;Villanueva de Gómez;Ávila
5165;Bohodón;Ávila
5165;Cabizuela;Ávila
5165;Pedro-Rodríguez;Ávila
5165;Tiñosillos;Ávila
5190;Riofrío;Ávila
5191;Mironcillo;Ávila
5191;Niharra;Ávila
5192;Colilla;Ávila
5192;Muñopepe;Ávila
5192;Serrada;Ávila
5193;Ojos-Albos;Ávila
5193;Santa María del Cubillo;Ávila
5194;Ávila;Ávila
5194;Berrocalejo de Aragona;Ávila
5194;Mediana de Voltoya;Ávila
5195;Ávila;Ávila
5196;Herradón de Pinares;Ávila
5196;Tornadizos de Ávila;Ávila
5197;Ávila;Ávila
5197;Fresno;Ávila
5197;Gemuño;Ávila
5198;Poyales del Hoyo;Ávila
5198;Sotalbo;Ávila
5200;Arévalo;Ávila
5210;Horcajo de las Torres;Ávila
5210;San Juan de la Encinilla;Ávila
5211;Bernuy-Zapardiel;Ávila
5211;Cabezas del Pozo;Ávila
5211;Cantiveros;Ávila
5211;Cisla;Ávila
5212;Aldeaseca;Ávila
5212;Canales;Ávila
5212;Fuente el Saúz;Ávila
5212;Fuentes de Año;Ávila
5212;Villanueva del Aceral;Ávila
5213;Langa;Ávila
5215;Donvidas;Ávila
5215;Palacios de Goda;Ávila
5215;Sinlabajos;Ávila
5216;Nava de Arévalo;Ávila
5217;Cabezas de Alambre;Ávila
5217;Constanzana;Ávila
5217;Donjimeno;Ávila
5217;San Vicente de Arévalo;Ávila
5220;Madrigal de las Altas Torres;Ávila
5229;Barromán;Ávila
5229;Bercial de Zapardiel;Ávila
5229;Castellanos de Zapardiel;Ávila
5229;San Esteban de Zapardiel;Ávila
5230;Navas del Marqués;Ávila
5239;Navas del Marqués;Ávila
5239;Peguerinos;Ávila
5240;Navalperal de Pinares;Ávila
5250;Hoyo de Pinares;Ávila
5260;Cebreros;Ávila
5267;San Bartolomé de Pinares;Ávila
5268;Herradón de Pinares;Ávila
5268;Santa Cruz de Pinares;Ávila
5270;Tiemblo;Ávila
5278;Barraco;Ávila
5278;Tiemblo;Ávila
5279;Tiemblo;Ávila
5280;Mingorría;Ávila
5289;San Esteban de los Patos;Ávila
5289;Tolbaños;Ávila
5290;Blascosancho;Ávila
5290;Sanchidrián;Ávila
5291;Maello;Ávila
5292;Pajares de Adaja;Ávila
5292;Pozanco;Ávila
5292;Santo Domingo de las Posadas;Ávila
5292;Vega de Santa María;Ávila
5292;Velayos;Ávila
5294;Herradón de Pinares;Ávila
5296;Adanero;Ávila
5296;Espinosa de los Caballeros;Ávila
5296;Gutierre-Muñoz;Ávila
5296;Orbita;Ávila
5298;Mamblas;Ávila
5298;Rasueros;Ávila
5298;Tolbaños;Ávila
5299;Blasconuño de Matacabras;Ávila
5299;Moraleja de Matacabras;Ávila
5300;Crespos;Ávila
5309;Collado de Contreras;Ávila
5309;Crespos;Ávila
5309;Muñogrande;Ávila
5309;Rivilla de Barajas;Ávila
5309;Viñegra de Moraña;Ávila
5310;Fontiveros;Ávila
5320;Cardeñosa;Ávila
5340;Bularros;Ávila
5350;San Pedro del Arroyo;Ávila
5357;Aveinte;Ávila
5357;Brabos;Ávila
5357;Grandes y San Martín;Ávila
5357;Muñogrande;Ávila
5357;Santo Tomé de Zabarcos;Ávila
5357;Sigeres;Ávila
5357;Villaflor;Ávila
5358;Albornos;Ávila
5358;Muñomer del Peco;Ávila
5358;Narros de Saldueña;Ávila
5358;Papatrigo;Ávila
5358;San Juan de la Encinilla;Ávila
5364;Hoyos del Espino;Ávila
5370;Flores de Ávila;Ávila
5370;Narros del Castillo;Ávila
5380;Gimialcón;Ávila
5380;Muñosancho;Ávila
5380;Salvadiós;Ávila
5400;Arenas de San Pedro;Ávila
5410;Mombeltrán;Ávila
5412;San Esteban del Valle;Ávila
5413;Mombeltrán;Ávila
5413;Santa Cruz del Valle;Ávila
5413;Villarejo del Valle;Ávila
5414;Cuevas del Valle;Ávila
5415;Hornillo;Ávila
5416;Arenal;Ávila
5417;Guisando;Ávila
5418;Arenas de San Pedro;Ávila
5420;Sotillo de la Adrada;Ávila
5427;Fresnedilla;Ávila
5427;Higuera de las Dueñas;Ávila
5428;Casillas;Ávila
5429;Casillas;Ávila
5429;Navahondilla;Ávila
5429;Santa María del Tiétar;Ávila
5430;Adrada;Ávila
5440;Piedralaves;Ávila
5450;Casavieja;Ávila
5460;Gavilanes;Ávila
5461;Mijares;Ávila
5470;Pedro Bernardo;Ávila
5480;Candeleda;Ávila
5489;Candeleda;Ávila
5490;Lanzahíta;Ávila
5491;Mombeltrán;Ávila
5492;Poyales del Hoyo;Ávila
5500;Piedrahíta;Ávila
5510;Santa María del Berrocal;Ávila
5511;Santa María del Berrocal;Ávila
5513;Burgohondo;Ávila
5514;Bonilla de la Sierra;Ávila
5514;Mesegar de Corneja;Ávila
5514;Navaescurial;Ávila
5514;San Miguel de Corneja;Ávila
5514;Tórtoles;Ávila
5515;Piedrahíta;Ávila
5516;Hoyorredondo;Ávila
5516;San Bartolomé de Corneja;Ávila
5516;Villar de Corneja;Ávila
5520;Padiernos;Ávila
5520;Salobral;Ávila
5520;Torre;Ávila
5530;Muñogalindo;Ávila
5530;Santa María del Arroyo;Ávila
5540;Muñana;Ávila
5540;Piedralaves;Ávila
5540;Torre;Ávila
5560;Amavida;Ávila
5560;Muñotello;Ávila
5560;Poveda;Ávila
5560;Pradosegar;Ávila
5560;Vadillo de la Sierra;Ávila
5560;Villatoro;Ávila
5570;Bonilla de la Sierra;Ávila
5571;Casas del Puerto;Ávila
5571;Navacepedilla de Corneja;Ávila
5571;Villafranca de la Sierra;Ávila
5580;Aldeanueva de Santa Cruz;Ávila
5580;Avellaneda;Ávila
5580;Santa María de los Caballeros;Ávila
5581;Santa María de los Caballeros;Ávila
5591;Villanueva del Campillo;Ávila
5592;Santiago del Collado;Ávila
5593;Aldehuela;Ávila
5600;Barco de Ávila;Ávila
5610;Becedas;Ávila
5619;Gilbuena;Ávila
5619;Medinilla;Ávila
5619;Neila de San Miguel;Ávila
5619;San Bartolomé de Béjar;Ávila
5620;Carrera;Ávila
5621;Puerto Castilla;Ávila
5621;Solana de Ávila;Ávila
5630;Bohoyo;Ávila
5630;Santiago del Tormes;Ávila
5631;Navalperal de Tormes;Ávila
5631;Zapardiel de la Ribera;Ávila
5631;San Juan de Gredos;Ávila
5632;Navalperal de Tormes;Ávila
5632;San Juan de Gredos;Ávila
5633;San Juan de Gredos;Ávila
5634;Hoyos del Collado;Ávila
5634;Hoyos del Espino;Ávila
5635;Navarredonda de Gredos;Ávila
5640;Gavilanes;Ávila
5690;Bohoyo;Ávila
5690;Llanos de Tormes;Ávila
5691;Solana de Ávila;Ávila
5692;Losar del Barco;Ávila
5693;Gil García;Ávila
5693;Umbrías;Ávila
5694;Becedas;Ávila
5694;Junciana;Ávila
5695;Horcajada;Ávila
5696;Horcajada;Ávila
5696;San Lorenzo de Tormes;Ávila
5697;Nava del Barco;Ávila
5697;Navalonguilla;Ávila
5697;Navatejares;Ávila
5697;Tormellas;Ávila
6001;Badajoz;Badajoz
6002;Badajoz;Badajoz
6003;Badajoz;Badajoz
6004;Badajoz;Badajoz
6005;Badajoz;Badajoz
6006;Badajoz;Badajoz
6007;Badajoz;Badajoz
6008;Badajoz;Badajoz
6009;Badajoz;Badajoz
6010;Badajoz;Badajoz
6011;Badajoz;Badajoz
6020;Bienvenida;Badajoz
6100;Olivenza;Badajoz
6105;Cheles;Badajoz
6106;Olivenza;Badajoz
6107;Olivenza;Badajoz
6108;Olivenza;Badajoz
6109;Olivenza;Badajoz
6110;Villanueva del Fresno;Badajoz
6120;Oliva de la Frontera;Badajoz
6129;Zahínos;Badajoz
6130;Valverde de Leganés;Badajoz
6131;Alconchel;Badajoz
6132;Higuera de Vargas;Badajoz
6133;Táliga;Badajoz
6134;Valencia del Mombuey;Badajoz
6140;Talavera la Real;Badajoz
6150;Santa Marta;Badajoz
6160;Barcarrota;Badajoz
6170;Albuera;Badajoz
6170;Badajoz;Badajoz
6171;Almendral;Badajoz
6172;Torre de Miguel Sesmero;Badajoz
6173;Nogales;Badajoz
6174;Haba;Badajoz
6174;Salvaleón;Badajoz
6175;Parra;Badajoz
6175;Salvatierra de los Barros;Badajoz
6176;Morera;Badajoz
6176;Parra;Badajoz
6177;Valle de Matamoros;Badajoz
6178;Valle de Santa Ana;Badajoz
6180;Badajoz;Badajoz
6181;Badajoz;Badajoz
6182;Badajoz;Badajoz
6183;Badajoz;Badajoz
6184;Pueblonuevo del Guadiana;Badajoz
6185;Valdelacalzada;Badajoz
6186;Guadiana del Caudillo;Badajoz
6187;Lobón;Badajoz
6190;Roca de la Sierra;Badajoz
6191;Puebla de Obando;Badajoz
6192;Villar del Rey;Badajoz
6193;Badajoz;Badajoz
6194;Badajoz;Badajoz
6195;Badajoz;Badajoz
6196;Corte de Peleas;Badajoz
6196;Solana de los Barros;Badajoz
6197;Entrín Bajo;Badajoz
6198;Solana de los Barros;Badajoz
6200;Almendralejo;Badajoz
6207;Aceuchal;Badajoz
6208;Villalba de los Barros;Badajoz
6209;Solana de los Barros;Badajoz
6210;Torremejía;Badajoz
6220;Villafranca de los Barros;Badajoz
6225;Ribera del Fresno;Badajoz
6226;Hinojosa del Valle;Badajoz
6227;Llera;Badajoz
6228;Hornachos;Badajoz
6229;Puebla del Prior;Badajoz
6230;Santos de Maimona;Badajoz
6240;Fuente de Cantos;Badajoz
6249;Calzadilla de los Barros;Badajoz
6250;Bienvenida;Badajoz
6260;Monesterio;Badajoz
6270;Segura de León;Badajoz
6275;Salvatierra de los Barros;Badajoz
6280;Fuentes de León;Badajoz
6290;Usagre;Badajoz
6291;Montemolín;Badajoz
6292;Calera de León;Badajoz
6293;Cabeza la Vaca;Badajoz
6300;Zafra;Badajoz
6310;Puebla de Sancho Pérez;Badajoz
6320;Medina de las Torres;Badajoz
6329;Atalaya;Badajoz
6330;Valencia del Ventoso;Badajoz
6340;Fregenal de la Sierra;Badajoz
6350;Higuera la Real;Badajoz
6360;Fuente del Maestre;Badajoz
6370;Burguillos del Cerro;Badajoz
6378;Valverde de Burguillos;Badajoz
6380;Jerez de los Caballeros;Badajoz
6389;Jerez de los Caballeros;Badajoz
6390;Feria;Badajoz
6391;Lapa;Badajoz
6392;Puebla de Sancho Pérez;Badajoz
6393;Alconera;Badajoz
6394;Bodonal de la Sierra;Badajoz
6400;Don Benito;Badajoz
6400;Olivenza;Badajoz
6410;Aceuchal;Badajoz
6410;Don Benito;Badajoz
6410;Guareña;Badajoz
6410;Santa Amalia;Badajoz
6411;Medellín;Badajoz
6412;Don Benito;Badajoz
6413;Mengabril;Badajoz
6420;Castuera;Badajoz
6427;Monterrubio de la Serena;Badajoz
6428;Benquerencia de la Serena;Badajoz
6429;Benquerencia de la Serena;Badajoz
6430;Zalamea de la Serena;Badajoz
6431;Mengabril;Badajoz
6439;Esparragosa de la Serena;Badajoz
6440;Malpartida de la Serena;Badajoz
6441;Higuera de la Serena;Badajoz
6442;Retamal de Llerena;Badajoz
6442;Zalamea de la Serena;Badajoz
6443;Campillo de Llerena;Badajoz
6444;Valencia de las Torres;Badajoz
6445;Higuera de Llerena;Badajoz
6450;Quintana de la Serena;Badajoz
6458;Valle de la Serena;Badajoz
6459;Campanario;Badajoz
6460;Campanario;Badajoz
6468;Magacela;Badajoz
6469;Coronada;Badajoz
6470;Guareña;Badajoz
6473;Villagonzalo;Badajoz
6474;Valdetorres;Badajoz
6475;Oliva de Mérida;Badajoz
6476;Palomas;Badajoz
6477;Puebla de la Reina;Badajoz
6478;Manchita;Badajoz
6479;Cristina;Badajoz
6480;Montijo;Badajoz
6486;Nava de Santiago;Badajoz
6487;Cordobilla de Lácara;Badajoz
6488;Carmonita;Badajoz
6489;Montijo;Badajoz
6490;Puebla de la Calzada;Badajoz
6498;Lobón;Badajoz
6499;Montijo;Badajoz
6500;San Vicente de Alcántara;Badajoz
6501;Alburquerque;Badajoz
6510;Alburquerque;Badajoz
6518;Codosera;Badajoz
6519;Alburquerque;Badajoz
6600;Cabeza del Buey;Badajoz
6610;Peñalsordo;Badajoz
6611;Zarza-Capilla;Badajoz
6612;Capilla;Badajoz
6613;Benquerencia de la Serena;Badajoz
6614;Cabeza del Buey;Badajoz
6615;Benquerencia de la Serena;Badajoz
6620;Esparragosa de Lares;Badajoz
6630;Puebla de Alcocer;Badajoz
6640;Talarrubias;Badajoz
6650;Siruela;Badajoz
6650;Talarrubias;Badajoz
6655;Sancti-Spíritus;Badajoz
6656;Garlitos;Badajoz
6657;Risco;Badajoz
6658;Tamurejo;Badajoz
6659;Baterno;Badajoz
6660;Fuenlabrada de los Montes;Badajoz
6670;Burguillos del Cerro;Badajoz
6670;Herrera del Duque;Badajoz
6678;Villarta de los Montes;Badajoz
6679;Herrera del Duque;Badajoz
6680;Castilblanco;Badajoz
6689;Valdecaballeros;Badajoz
6690;Garbayuela;Badajoz
6692;Helechosa de los Montes;Badajoz
6700;Villanueva de la Serena;Badajoz
6710;Villanueva de la Serena;Badajoz
6711;Don Benito;Badajoz
6712;Villanueva de la Serena;Badajoz
6713;Acedera;Badajoz
6714;Haba;Badajoz
6715;Rena;Badajoz
6716;Villar de Rena;Badajoz
6717;Don Benito;Badajoz
6717;Villar de Rena;Badajoz
6718;Villanueva de la Serena;Badajoz
6720;Villanueva de la Serena;Badajoz
6730;Acedera;Badajoz
6730;Navalvillar de Pela;Badajoz
6731;Navalvillar de Pela;Badajoz
6740;Orellana la Vieja;Badajoz
6750;Orellana de la Sierra;Badajoz
6760;Navalvillar de Pela;Badajoz
6770;Casas de Don Pedro;Badajoz
6800;Badajoz;Badajoz
6800;Mérida;Badajoz
6810;Calamonte;Badajoz
6820;Don Álvaro;Badajoz
6830;Zarza;Badajoz
6840;Alange;Badajoz
6850;Arroyo de San Serván;Badajoz
6860;Esparragalejo;Badajoz
6870;Garrovilla;Badajoz
6880;Torremayor;Badajoz
6890;Valverde de Mérida;Badajoz
6891;Mirandilla;Badajoz
6892;Trujillanos;Badajoz
6893;San Pedro de Mérida;Badajoz
6894;Aljucén;Badajoz
6894;Carrascalejo;Badajoz
6900;Llerena;Badajoz
6906;Puebla del Maestre;Badajoz
6907;Montemolín;Badajoz
6908;Montemolín;Badajoz
6909;Trasierra;Badajoz
6910;Granja de Torrehermosa;Badajoz
6919;Peraleda del Zaucejo;Badajoz
6920;Azuaga;Badajoz
6927;Valverde de Llerena;Badajoz
6928;Malcocinado;Badajoz
6929;Azuaga;Badajoz
6930;Berlanga;Badajoz
6939;Maguilla;Badajoz
6940;Ahillones;Badajoz
6950;Villagarcía de la Torre;Badajoz
6960;Casas de Reina;Badajoz
6970;Reina;Badajoz
6980;Fuente del Arco;Badajoz
7001;Palma de Mallorca;Baleares
7002;Palma de Mallorca;Baleares
7003;Palma de Mallorca;Baleares
7004;Palma de Mallorca;Baleares
7005;Palma de Mallorca;Baleares
7006;Palma de Mallorca;Baleares
7007;Palma de Mallorca;Baleares
7008;Palma de Mallorca;Baleares
7009;Palma de Mallorca;Baleares
7010;Palma de Mallorca;Baleares
7011;Palma de Mallorca;Baleares
7012;Palma de Mallorca;Baleares
7013;Palma de Mallorca;Baleares
7014;Palma de Mallorca;Baleares
7015;Palma de Mallorca;Baleares
7071;Palma de Mallorca;Baleares
7100;Sóller;Baleares
7101;Sóller;Baleares
7108;Sóller;Baleares
7109;Fornalutx;Baleares
7110;Bunyola;Baleares
7120;Almería;Baleares
7120;Palma de Mallorca;Baleares
7140;Sencelles;Baleares
7141;Marratxí;Baleares
7142;Santa Eugénia;Baleares
7143;Sencelles;Baleares
7144;Costitx;Baleares
7144;Sencelles;Baleares
7150;Andratx;Baleares
7157;Andratx;Baleares
7159;Andratx;Baleares
7160;Andratx;Baleares
7160;Calviá;Baleares
7170;Valldemossa;Baleares
7179;Deiá;Baleares
7179;Sóller;Baleares
7180;Calviá;Baleares
7181;Calviá;Baleares
7183;Calviá;Baleares
7184;Calviá;Baleares
7190;Banyalbufar;Baleares
7190;Esporles;Baleares
7190;Valldemossa;Baleares
7191;Banyalbufar;Baleares
7192;Estellencs;Baleares
7193;Bunyola;Baleares
7194;Puigpunyent;Baleares
7195;Puigpunyent;Baleares
7196;Calviá;Baleares
7198;Palma de Mallorca;Baleares
7199;Palma de Mallorca;Baleares
7200;Felanitx;Baleares
7208;Felanitx;Baleares
7209;Felanitx;Baleares
7210;Algaida;Baleares
7220;Algaida;Baleares
7230;Montuiri;Baleares
7240;Sant Joan;Baleares
7250;Vilafranca de Bonany;Baleares
7259;Ariany;Baleares
7260;Porreres;Baleares
7300;Inca;Baleares
7310;Campanet;Baleares
7311;Búger;Baleares
7312;Mancor de la Vall;Baleares
7313;Selva;Baleares
7314;Selva;Baleares
7315;Escorca;Baleares
7316;Selva;Baleares
7320;Santa María del Camí;Baleares
7330;Consell;Baleares
7340;Alaró;Baleares
7349;Bunyola;Baleares
7350;Binissalem;Baleares
7360;Lloseta;Baleares
7369;Selva;Baleares
7400;Alcúdia;Baleares
7420;Pobla;Baleares
7430;Llubí;Baleares
7440;Muro;Baleares
7450;Santa Margalida;Baleares
7458;Muro;Baleares
7458;Santa Margalida;Baleares
7459;Santa Margalida;Baleares
7460;Pollensa;Baleares
7469;Pollensa;Baleares
7470;Pollensa;Baleares
7500;Manacor;Baleares
7509;Manacor;Baleares
7510;Sineu;Baleares
7511;Sencelles;Baleares
7518;Lloret de Vistalegre;Baleares
7519;Maria de la Salut;Baleares
7520;Petra;Baleares
7529;Ariany;Baleares
7530;Sant Llorens des Cardassar;Baleares
7540;Sant Llorens des Cardassar;Baleares
7550;Son Servera;Baleares
7559;Son Servera;Baleares
7560;Sant Llorens des Cardassar;Baleares
7560;Santanyí;Baleares
7560;Son Servera;Baleares
7570;Artá;Baleares
7579;Artá;Baleares
7580;Capdepera;Baleares
7589;Capdepera;Baleares
7590;Capdepera;Baleares
7590;Son Servera;Baleares
7600;Llucmajor;Baleares
7600;Palma de Mallorca;Baleares
7608;Palma de Mallorca;Baleares
7609;Llucmajor;Baleares
7610;Palma de Mallorca;Baleares
7620;Llucmajor;Baleares
7629;Algaida;Baleares
7630;Campos;Baleares
7638;Salines;Baleares
7639;Campos;Baleares
7639;Llucmajor;Baleares
7640;Salines;Baleares
7650;Santanyí;Baleares
7659;Santanyí;Baleares
7660;Santanyí;Baleares
7669;Felanitx;Baleares
7669;Santanyí;Baleares
7670;Felanitx;Baleares
7680;Manacor;Baleares
7687;Manacor;Baleares
7687;Sant Llorens des Cardassar;Baleares
7688;Manacor;Baleares
7689;Manacor;Baleares
7690;Santanyí;Baleares
7691;Santanyí;Baleares
7700;Maó-Mahón;Baleares
7701;Maó-Mahón;Baleares
7702;Maó-Mahón;Baleares
7703;Maó-Mahón;Baleares
7710;Sant Lluís;Baleares
7711;Sant Lluís;Baleares
7712;Maó-Mahón;Baleares
7713;Sant Lluís;Baleares
7714;Maó-Mahón;Baleares
7720;Sant Joan;Baleares
7720;Castell;Baleares
7730;Alaior;Baleares
7730;Mercadal;Baleares
7740;Mercadal;Baleares
7748;Mercadal;Baleares
7749;Migjorn Gran;Baleares
7750;Ciutadella de Menorca;Baleares
7750;Ferreries;Baleares
7750;Son Servera;Baleares
7760;Ciutadella de Menorca;Baleares
7760;Santanyí;Baleares
7769;Ciutadella de Menorca;Baleares
7800;Eivissa;Baleares
7800;Sant Antoni de Portmany;Baleares
7800;Santa Eulária des Riu;Baleares
7810;Sant Joan de Labritja;Baleares
7811;Sant Joan de Labritja;Baleares
7812;Sant Joan de Labritja;Baleares
7814;Santa Eulária des Riu;Baleares
7815;Sant Joan de Labritja;Baleares
7816;Sant Antoni de Portmany;Baleares
7817;Sant Josep de sa Talaia;Baleares
7818;Sant Josep de sa Talaia;Baleares
7819;Santa Eulária des Riu;Baleares
7820;Sant Antoni de Portmany;Baleares
7828;Sant Antoni de Portmany;Baleares
7829;Sant Josep de sa Talaia;Baleares
7830;Sant Josep de sa Talaia;Baleares
7839;Sant Josep de sa Talaia;Baleares
7840;Santa Eulária des Riu;Baleares
7849;Santa Eulária des Riu;Baleares
7850;Santa Eulária des Riu;Baleares
7850;Santanyí;Baleares
7860;Formentera;Baleares
7870;Formentera;Baleares
7871;Formentera;Baleares
7872;Formentera;Baleares
7961;Santanyí;Baleares
8001;Barcelona;Barcelona
8002;Barcelona;Barcelona
8003;Barcelona;Barcelona
8004;Barcelona;Barcelona
8005;Barcelona;Barcelona
8006;Barcelona;Barcelona
8007;Barcelona;Barcelona
8008;Barcelona;Barcelona
8009;Barcelona;Barcelona
8010;Barcelona;Barcelona
8011;Barcelona;Barcelona
8012;Barcelona;Barcelona
8013;Barcelona;Barcelona
8014;Barcelona;Barcelona
8015;Barcelona;Barcelona
8016;Barcelona;Barcelona
8017;Barcelona;Barcelona
8018;Barcelona;Barcelona
8019;Barcelona;Barcelona
8020;Barcelona;Barcelona
8021;Barcelona;Barcelona
8022;Barcelona;Barcelona
8023;Barcelona;Barcelona
8024;Barcelona;Barcelona
8025;Barcelona;Barcelona
8026;Barcelona;Barcelona
8027;Barcelona;Barcelona
8028;Barcelona;Barcelona
8029;Barcelona;Barcelona
8030;Barcelona;Barcelona
8031;Barcelona;Barcelona
8032;Barcelona;Barcelona
8033;Barcelona;Barcelona
8034;Barcelona;Barcelona
8035;Barcelona;Barcelona
8036;Barcelona;Barcelona
8037;Barcelona;Barcelona
8038;Barcelona;Barcelona
8039;Barcelona;Barcelona
8040;Barcelona;Barcelona
8041;Barcelona;Barcelona
8042;Barcelona;Barcelona
8073;Cornellá de Llobregat;Barcelona
8100;Mollet del Vallés;Barcelona
8101;Piera;Barcelona
8104;Mollet del Vallés;Barcelona
8105;Sant Fost de Campsentelles;Barcelona
8106;Santa Maria de Martorelles;Barcelona
8107;Martorelles;Barcelona
8110;Montcada i Reixac;Barcelona
8120;Llagosta;Barcelona
8130;Santa Perpétua de Mogoda;Barcelona
8140;Caldes de Montbui;Barcelona
8146;Gallifa;Barcelona
8148;Estany;Barcelona
8150;Parets del Vallés;Barcelona
8160;Montmeló;Barcelona
8170;Montornés del Vallés;Barcelona
8172;Sant Cugat del Vallés;Barcelona
8173;Sant Cugat del Vallés;Barcelona
8174;Sant Cugat del Vallés;Barcelona
8175;Sant Cugat del Vallés;Barcelona
8178;Collsuspina;Barcelona
8180;Moiá;Barcelona
8181;Sentmenat;Barcelona
8182;Sant Feliu de Codines;Barcelona
8183;Castellcir;Barcelona
8183;Castelltersol;Barcelona
8183;Granera;Barcelona
8184;Palau-solitá i Plegamans;Barcelona
8184;Sabadell;Barcelona
8185;Llisá de Vall;Barcelona
8186;Llisá d'Amunt;Barcelona
8187;Santa Eulália de Ronsana;Barcelona
8188;Vallromanes;Barcelona
8189;Sant Quirze Safaja;Barcelona
8190;Sant Cugat del Vallés;Barcelona
8191;Rubí;Barcelona
8192;Sant Quirze del Vallés;Barcelona
8193;Cerdanyola del Vallés;Barcelona
8194;Sant Quirze del Vallés;Barcelona
8195;Sant Cugat del Vallés;Barcelona
8196;Sant Cugat del Vallés;Barcelona
8197;Sant Cugat del Vallés;Barcelona
8198;Sant Cugat del Vallés;Barcelona
8201;Sabadell;Barcelona
8202;Sabadell;Barcelona
8203;Sabadell;Barcelona
8204;Mataró;Barcelona
8204;Sabadell;Barcelona
8205;Sabadell;Barcelona
8206;Sabadell;Barcelona
8207;Sabadell;Barcelona
8208;Sabadell;Barcelona
8210;Barberá del Vallés;Barcelona
8211;Castellar del Vallés;Barcelona
8212;Sant Llorens Savall;Barcelona
8213;Polinyá;Barcelona
8214;Badia del Vallés;Barcelona
8220;Sant Boi de Llobregat;Barcelona
8221;Terrassa;Barcelona
8222;Terrassa;Barcelona
8223;Terrassa;Barcelona
8224;Terrassa;Barcelona
8225;Terrassa;Barcelona
8226;Terrassa;Barcelona
8227;Terrassa;Barcelona
8228;Terrassa;Barcelona
8230;Matadepera;Barcelona
8231;Ullastrell;Barcelona
8232;Viladecavalls;Barcelona
8233;Vacarisses;Barcelona
8240;Manresa;Barcelona
8241;Castellbell i el Vilar;Barcelona
8241;Manresa;Barcelona
8242;Manresa;Barcelona
8243;Manresa;Barcelona
8250;Sant Joan de Vilatorrada;Barcelona
8251;Castellnou de Bages;Barcelona
8251;Santpedor;Barcelona
8253;Sant Salvador de Guardiola;Barcelona
8254;Pont de Vilomara i Rocafort;Barcelona
8255;Castellfollit del Boix;Barcelona
8256;Aguilar de Segarra;Barcelona
8256;Rajadell;Barcelona
8257;Santa Eugénia de Berga;Barcelona
8259;Fonollosa;Barcelona
8260;Súria;Barcelona
8261;Cardona;Barcelona
8262;Callús;Barcelona
8263;Sant Mateu de Bages;Barcelona
8269;Navás;Barcelona
8269;Sant Mateu de Bages;Barcelona
8270;Navarcles;Barcelona
8271;Artés;Barcelona
8272;Sant Fruitós de Bages;Barcelona
8273;Santa Maria d'Oló;Barcelona
8274;Sant Feliu Sasserra;Barcelona
8275;Calders;Barcelona
8275;Monistrol de Calders;Barcelona
8278;Mura;Barcelona
8278;Talamanca;Barcelona
8279;Avinyó;Barcelona
8280;Calaf;Barcelona
8281;Calonge de Segarra;Barcelona
8281;Prats de Rei;Barcelona
8281;Sant Pere Sallavinera;Barcelona
8281;Molsosa;Barcelona
8282;Pujalt;Barcelona
8282;Sant Martí Sesgueioles;Barcelona
8283;Castellfollit de Riubregós;Barcelona
8289;Copons;Barcelona
8289;Veciana;Barcelona
8289;Sant Guim de Freixenet;Barcelona
8290;Cerdanyola del Vallés;Barcelona
8291;Ripollet;Barcelona
8292;Esparreguera;Barcelona
8293;Collbató;Barcelona
8294;Bruc;Barcelona
8295;Sant Vicens de Castellet;Barcelona
8296;Castellbell i el Vilar;Barcelona
8297;Castellgalí;Barcelona
8298;Marganell;Barcelona
8299;Rellinars;Barcelona
8301;Mataró;Barcelona
8302;Mataró;Barcelona
8303;Mataró;Barcelona
8304;Mataró;Barcelona
8310;Argentona;Barcelona
8317;Órrius;Barcelona
8318;Dosrius;Barcelona
8319;Dosrius;Barcelona
8320;Masnou;Barcelona
8328;Alella;Barcelona
8329;Teiá;Barcelona
8330;Premiá de Mar;Barcelona
8338;Premiá de Dalt;Barcelona
8339;Vilassar de Dalt;Barcelona
8340;Vilassar de Mar;Barcelona
8348;Cabrils;Barcelona
8349;Cabrera de Mar;Barcelona
8350;Arenys de Mar;Barcelona
8358;Arenys de Munt;Barcelona
8359;Sant Iscle de Vallalta;Barcelona
8360;Canet de Mar;Barcelona
8370;Calella;Barcelona
8380;Malgrat de Mar;Barcelona
8389;Palafolls;Barcelona
8390;Montgat;Barcelona
8391;Tiana;Barcelona
8392;Sant Andreu de Llavaneres;Barcelona
8393;Caldes d'Estrac;Barcelona
8394;Sant Vicens de Montalt;Barcelona
8395;Sant Pol de Mar;Barcelona
8396;Sant Cebriá de Vallalta;Barcelona
8397;Pineda de Mar;Barcelona
8398;Santa Susanna;Barcelona
8401;Granollers;Barcelona
8402;Granollers;Barcelona
8403;Granollers;Barcelona
8410;Vilanova del Vallés;Barcelona
8415;Bigues i Riells;Barcelona
8416;Bigues i Riells;Barcelona
8420;Canovelles;Barcelona
8430;Roca del Vallés;Barcelona
8440;Cardedeu;Barcelona
8445;Cánoves i Samalús;Barcelona
8450;Llinars del Vallés;Barcelona
8455;Vilalba Sasserra;Barcelona
8458;Sant Pere de Vilamajor;Barcelona
8459;Sant Antoni de Vilamajor;Barcelona
8460;Santa Maria de Palautordera;Barcelona
8461;Sant Esteve de Palautordera;Barcelona
8469;Fogars de Montclús;Barcelona
8469;Montseny;Barcelona
8470;Sant Celoni;Barcelona
8471;Vallgorguina;Barcelona
8472;Campins;Barcelona
8474;Gualba;Barcelona
8476;Sant Celoni;Barcelona
8479;Fogars de Montclús;Barcelona
8480;Ametlla del Vallés;Barcelona
8490;Tordera;Barcelona
8495;Fogars de la Selva;Barcelona
8500;Vic;Barcelona
8503;Gurb;Barcelona
8503;Sant Bartomeu del Grau;Barcelona
8504;Sant Juliá de Vilatorta;Barcelona
8504;Sant Sadurní d'Osormort;Barcelona
8505;Santa Eulália de Riuprimer;Barcelona
8506;Calldetenes;Barcelona
8507;Santa Eugénia de Berga;Barcelona
8508;Masies de Voltregá;Barcelona
8509;Santa Cecília de Voltregá;Barcelona
8510;Masies de Roda;Barcelona
8510;Roda de Ter;Barcelona
8511;Esquirol;Barcelona
8511;Tavertet;Barcelona
8512;Sant Hipólit de Voltregá;Barcelona
8513;Prats de Llusanés;Barcelona
8514;Llusá;Barcelona
8515;Sant Martí d'Albars;Barcelona
8516;Olost;Barcelona
8517;Sagás;Barcelona
8517;Santa Maria de Merlés;Barcelona
8518;Oristá;Barcelona
8519;Folgueroles;Barcelona
8519;Tavérnoles;Barcelona
8519;Vic;Barcelona
8519;Vilanova de Sau;Barcelona
8520;Franqueses del Vallés;Barcelona
8521;Franqueses del Vallés;Barcelona
8522;Malla;Barcelona
8529;Muntanyola;Barcelona
8530;Garriga;Barcelona
8540;Centelles;Barcelona
8550;Balenyá;Barcelona
8551;Tona;Barcelona
8552;Taradell;Barcelona
8553;Seva;Barcelona
8554;Seva;Barcelona
8559;Brull;Barcelona
8560;Manlleu;Barcelona
8569;Esquirol;Barcelona
8569;Rupit i Pruit;Barcelona
8570;Torelló;Barcelona
8571;Sant Vicens de Torelló;Barcelona
8572;Sant Pere de Torelló;Barcelona
8573;Orís;Barcelona
8580;Sant Quirze de Besora;Barcelona
8584;Santa Maria de Besora;Barcelona
8585;Montesquiu;Barcelona
8586;Sant Agustí de Llusanés;Barcelona
8587;Alpens;Barcelona
8588;Sora;Barcelona
8589;Perafita;Barcelona
8589;Sant Boi de Llusanés;Barcelona
8589;Sobremunt;Barcelona
8590;Figaró-Montmany;Barcelona
8591;Aiguafreda;Barcelona
8592;Sant Martí de Centelles;Barcelona
8593;Tagamanent;Barcelona
8600;Berga;Barcelona
8604;Castell de l'Areny;Barcelona
8605;Montclar;Barcelona
8607;Sant Jaume de Frontanyá;Barcelona
8610;Aviá;Barcelona
8611;Olvan;Barcelona
8612;Montmajor;Barcelona
8613;Vilada;Barcelona
8614;Espunyola;Barcelona
8617;Capolat;Barcelona
8618;Castellar del Riu;Barcelona
8619;Borredá;Barcelona
8619;Quar;Barcelona
8620;Sant Vicens dels Horts;Barcelona
8629;Torrelles de Llobregat;Barcelona
8630;Abrera;Barcelona
8635;Sant Esteve Sesrovires;Barcelona
8640;Olesa de Montserrat;Barcelona
8650;Sallent;Barcelona
8660;Balsareny;Barcelona
8660;Sitges;Barcelona
8670;Navás;Barcelona
8672;Gaiá;Barcelona
8673;Viver i Serrateix;Barcelona
8680;Gironella;Barcelona
8690;Santa Coloma de Cervelló;Barcelona
8691;Monistrol de Montserrat;Barcelona
8692;Puig-reig;Barcelona
8693;Casserres;Barcelona
8694;Guardiola de Berguedá;Barcelona
8694;Sant Juliá de Cerdanyola;Barcelona
8695;Bagá;Barcelona
8695;Gisclareny;Barcelona
8696;Castellar de n'Hug;Barcelona
8696;Pobla de Lillet;Barcelona
8697;Saldes;Barcelona
8697;Josa i Tuixén;Barcelona
8698;Fígols;Barcelona
8698;Nou de Berguedá;Barcelona
8698;Marganell;Barcelona
8698;Cercs;Barcelona
8699;Vallcebre;Barcelona
8700;Igualada;Barcelona
8710;Santa Margarida de Montbui;Barcelona
8711;Ódena;Barcelona
8712;Sant Martí de Tous;Barcelona
8717;Argensola;Barcelona
8717;Montmaneu;Barcelona
8717;Talavera;Barcelona
8718;Cabrera d'Anoia;Barcelona
8719;Castellolí;Barcelona
8719;Jorba;Barcelona
8719;Rubió;Barcelona
8720;Vilafranca del Penedés;Barcelona
8729;Castellet i la Gornal;Barcelona
8730;Santa Margarida i els Monjos;Barcelona
8731;Sant Martí Sarroca;Barcelona
8732;Castellet i la Gornal;Barcelona
8732;Castellví de la Marca;Barcelona
8733;Pla del Penedés;Barcelona
8734;Avinyonet del Penedés;Barcelona
8734;Olérdola;Barcelona
8735;Vilobí del Penedés;Barcelona
8736;Font-rubí;Barcelona
8737;Torrelles de Foix;Barcelona
8738;Pontons;Barcelona
8739;Subirats;Barcelona
8740;Sant Andreu de la Barca;Barcelona
8750;Molins de Rei;Barcelona
8753;Pallejá;Barcelona
8754;Papiol;Barcelona
8755;Castellbisbal;Barcelona
8756;Palma de Cervelló;Barcelona
8757;Corbera de Llobregat;Barcelona
8758;Cervelló;Barcelona
8759;Vallirana;Barcelona
8760;Martorell;Barcelona
8769;Castellví de Rosanes;Barcelona
8770;Sant Sadurní d'Anoia;Barcelona
8773;Mediona;Barcelona
8775;Torrelavit;Barcelona
8776;Sant Pere de Riudebitlles;Barcelona
8777;Sant Quintí de Mediona;Barcelona
8779;Llacuna;Barcelona
8780;Pallejá;Barcelona
8781;Hostalets de Pierola;Barcelona
8782;Masquefa;Barcelona
8783;Masquefa;Barcelona
8784;Piera;Barcelona
8785;Vallbona d'Anoia;Barcelona
8786;Capellades;Barcelona
8787;Carme;Barcelona
8787;Orpí;Barcelona
8787;Pobla de Claramunt;Barcelona
8787;Santa Maria de Miralles;Barcelona
8788;Vilanova del Camí;Barcelona
8789;Torre de Claramunt;Barcelona
8790;Gelida;Barcelona
8791;Sant Llorens d'Hortons;Barcelona
8792;Granada;Barcelona
8792;Santa Fe del Penedés;Barcelona
8793;Avinyonet del Penedés;Barcelona
8794;Cabanyes;Barcelona
8795;Olesa de Bonesvalls;Barcelona
8796;Pacs del Penedés;Barcelona
8797;Puigdálber;Barcelona
8798;Avinyonet del Penedés;Barcelona
8798;Sant Cugat Sesgarrigues;Barcelona
8799;Olérdola;Barcelona
8800;Vilanova i la Geltrú;Barcelona
8801;Terrassa;Barcelona
8810;Sant Pere de Ribes;Barcelona
8811;Canyelles;Barcelona
8812;Sant Pere de Ribes;Barcelona
8818;Olivella;Barcelona
8820;Prat de Llobregat;Barcelona
8830;Sant Boi de Llobregat;Barcelona
8840;Viladecans;Barcelona
8849;Sant Climent de Llobregat;Barcelona
8850;Gavá;Barcelona
8859;Begues;Barcelona
8860;Castelldefels;Barcelona
8860;Sitges;Barcelona
8870;Sitges;Barcelona
8871;Sitges;Barcelona
8872;Sitges;Barcelona
8880;Cubelles;Barcelona
8901;Hospitalet de Llobregat;Barcelona
8902;Hospitalet de Llobregat;Barcelona
8903;Hospitalet de Llobregat;Barcelona
8904;Hospitalet de Llobregat;Barcelona
8905;Hospitalet de Llobregat;Barcelona
8906;Hospitalet de Llobregat;Barcelona
8907;Hospitalet de Llobregat;Barcelona
8908;Hospitalet de Llobregat;Barcelona
8911;Badalona;Barcelona
8912;Badalona;Barcelona
8913;Badalona;Barcelona
8914;Badalona;Barcelona
8915;Badalona;Barcelona
8916;Badalona;Barcelona
8917;Badalona;Barcelona
8918;Badalona;Barcelona
8921;Santa Coloma de Gramenet;Barcelona
8922;Santa Coloma de Gramenet;Barcelona
8923;Santa Coloma de Gramenet;Barcelona
8924;Santa Coloma de Gramenet;Barcelona
8930;Sant Adriá de Besós;Barcelona
8940;Cornellá de Llobregat;Barcelona
8950;Esplugues de Llobregat;Barcelona
8960;Sant Just Desvern;Barcelona
8970;Sant Joan Despí;Barcelona
8980;Sant Feliu de Llobregat;Barcelona
9001;Burgos;Burgos
9002;Burgos;Burgos
9003;Burgos;Burgos
9004;Burgos;Burgos
9004;Sotragero;Burgos
9005;Burgos;Burgos
9006;Burgos;Burgos
9007;Burgos;Burgos
9100;Melgar de Fernamental;Burgos
9107;Arenillas de Riopisuerga;Burgos
9107;Castrillo Mota de Judíos;Burgos
9107;Itero del Castillo;Burgos
9107;Palacios de Riopisuerga;Burgos
9108;Castrillo de Riopisuerga;Burgos
9108;Melgar de Fernamental;Burgos
9108;Padilla de Arriba;Burgos
9108;Rezmondo;Burgos
9108;Zarzosa de Río Pisuerga;Burgos
9109;Castrojeriz;Burgos
9109;Padilla de Abajo;Burgos
9109;Sasamón;Burgos
9109;Villasandino;Burgos
9110;Castrojeriz;Burgos
9119;Balbases;Burgos
9119;Castrojeriz;Burgos
9119;Pedrosa del Príncipe;Burgos
9119;Villaquirán de la Puebla;Burgos
9120;Villadiego;Burgos
9121;Melgar de Fernamental;Burgos
9123;Sasamón;Burgos
9124;Humada;Burgos
9124;Villadiego;Burgos
9125;Basconcillos del Tozo;Burgos
9125;Huérmeces;Burgos
9125;Montorio;Burgos
9125;Úrbel del Castillo;Burgos
9125;Villadiego;Burgos
9126;Basconcillos del Tozo;Burgos
9126;Humada;Burgos
9127;Basconcillos del Tozo;Burgos
9127;Valle de Valdelucio;Burgos
9128;Grijalba;Burgos
9128;Ibeas de Juarros;Burgos
9128;Sordillos;Burgos
9128;Villadiego;Burgos
9128;Villamayor de Treviño;Burgos
9128;Villegas;Burgos
9129;Villadiego;Burgos
9130;Rabé de las Calzadas;Burgos
9130;Tardajos;Burgos
9131;Pedrosa de Río Úrbel;Burgos
9131;Quintanillas;Burgos
9131;Valle de Santibáñez;Burgos
9131;Alfoz de Quintanadueñas;Burgos
9133;Hormazas;Burgos
9133;Isar;Burgos
9133;Manciles;Burgos
9133;Pedrosa del Páramo;Burgos
9133;Susinos del Páramo;Burgos
9133;Tobar;Burgos
9133;Villadiego;Burgos
9135;Sotresgudo;Burgos
9136;Sotresgudo;Burgos
9140;Quintanaortuño;Burgos
9140;Quintanilla Vivar;Burgos
9140;Merindad de Río Ubierna;Burgos
9141;Abajas;Burgos
9141;Merindad de Río Ubierna;Burgos
9142;Valle de Sedano;Burgos
9142;Merindad de Río Ubierna;Burgos
9143;Sargentes de la Lora;Burgos
9143;Tubilla del Agua;Burgos
9144;Sargentes de la Lora;Burgos
9145;Sargentes de la Lora;Burgos
9145;Tubilla del Agua;Burgos
9145;Valle de Sedano;Burgos
9146;Altos;Burgos
9146;Valle de Zamanzas;Burgos
9146;Valle de Sedano;Burgos
9150;Hormazas;Burgos
9150;Huérmeces;Burgos
9150;Valle de Santibáñez;Burgos
9159;Valle de Santibáñez;Burgos
9163;Revilla y Ahedo;Burgos
9191;Hurones;Burgos
9191;Villayerno Morquillas;Burgos
9191;Valle de las Navas;Burgos
9192;Burgos;Burgos
9192;Cardeñuela Riopico;Burgos
9192;Orbaneja Riopico;Burgos
9193;Burgos;Burgos
9193;Carcedo de Burgos;Burgos
9193;Cardeñajimeno;Burgos
9193;Castrillo del Val;Burgos
9194;Ausines;Burgos
9194;Carcedo de Burgos;Burgos
9194;Cardeñadijo;Burgos
9194;Ibeas de Juarros;Burgos
9194;Revilla del Campo;Burgos
9195;Arcos;Burgos
9195;Villagonzalo Pedernales;Burgos
9195;Villalbilla de Burgos;Burgos
9195;Villariezo;Burgos
9197;Sotragero;Burgos
9197;Villalbilla de Burgos;Burgos
9197;Merindad de Río Ubierna;Burgos
9197;Alfoz de Quintanadueñas;Burgos
9198;Castrillo del Val;Burgos
9198;Ibeas de Juarros;Burgos
9198;San Adrián de Juarros;Burgos
9199;Arlanzón;Burgos
9199;Atapuerca;Burgos
9199;Barrios de Colina;Burgos
9199;Burgos;Burgos
9199;Cardeñajimeno;Burgos
9199;Pineda de la Sierra;Burgos
9199;Rábanos;Burgos
9199;Rubena;Burgos
9199;Villasur de Herreros;Burgos
9200;Miranda de Ebro;Burgos
9210;Valle de Tobalina;Burgos
9211;Frías;Burgos
9211;Oña;Burgos
9211;Partido de la Sierra en Tobalina;Burgos
9211;Valle de Tobalina;Burgos
9212;Merindad de Cuesta-Urria;Burgos
9212;Miranda de Ebro;Burgos
9212;Valle de Tobalina;Burgos
9213;Cillaperlata;Burgos
9213;Trespaderne;Burgos
9213;Valle de Tobalina;Burgos
9214;Bozoó;Burgos
9215;Condado de Treviño;Burgos
9216;Condado de Treviño;Burgos
9217;Condado de Treviño;Burgos
9218;Condado de Treviño;Burgos
9218;Miranda de Ebro;Burgos
9219;Altable;Burgos
9219;Ameyugo;Burgos
9219;Bozoó;Burgos
9219;Encío;Burgos
9219;Miranda de Ebro;Burgos
9219;Santa Gadea del Cid;Burgos
9219;Santa María Rivarredonda;Burgos
9219;Valluércanes;Burgos
9219;Villanueva de Teba;Burgos
9220;Pampliega;Burgos
9226;Barrio de Muñó;Burgos
9226;Belbimbre;Burgos
9226;Celada del Camino;Burgos
9226;Palazuelos de Muñó;Burgos
9226;Pampliega;Burgos
9226;Villaquirán de los Infantes;Burgos
9226;Villaverde-Mogina;Burgos
9226;Villazopeque;Burgos
9227;Castellanos de Castro;Burgos
9227;Hontanas;Burgos
9227;Iglesias;Burgos
9227;Tamarón;Burgos
9227;Villaldemiro;Burgos
9228;Ciadoncha;Burgos
9228;Mahamud;Burgos
9228;Mazuela;Burgos
9228;Olmillos de Muñó;Burgos
9228;Presencio;Burgos
9228;Villaverde del Monte;Burgos
9230;Buniel;Burgos
9230;Estépar;Burgos
9230;Frandovínez;Burgos
9230;Hornillos del Camino;Burgos
9230;San Mamés de Burgos;Burgos
9233;Alfoz de Bricia;Burgos
9239;Albillos;Burgos
9239;Arcos;Burgos
9239;Cavia;Burgos
9239;Cayuela;Burgos
9239;Estépar;Burgos
9240;Briviesca;Burgos
9244;Busto de Bureba;Burgos
9244;Fuentebureba;Burgos
9244;Quintanaélez;Burgos
9245;Berzosa de Bureba;Burgos
9245;Briviesca;Burgos
9245;Grisaleña;Burgos
9245;Vallarta de Bureba;Burgos
9245;Zuñeda;Burgos
9246;Barrios de Bureba;Burgos
9246;Carcedo de Bureba;Burgos
9246;Llano de Bureba;Burgos
9246;Oña;Burgos
9246;Piérnigas;Burgos
9246;Poza de la Sal;Burgos
9246;Quintanabureba;Burgos
9246;Rojas;Burgos
9247;Galbarros;Burgos
9247;Salinillas de Bureba;Burgos
9248;Bañuelos de Bureba;Burgos
9248;Belorado;Burgos
9248;Briviesca;Burgos
9248;Carrias;Burgos
9248;Prádanos de Bureba;Burgos
9248;Reinoso;Burgos
9249;Aguilar de Bureba;Burgos
9249;Barrios de Bureba;Burgos
9249;Briviesca;Burgos
9249;Navas de Bureba;Burgos
9249;Oña;Burgos
9249;Vid de Bureba;Burgos
9249;Vileña;Burgos
9250;Belorado;Burgos
9250;Miraveche;Burgos
9251;Cubo de Bureba;Burgos
9252;Miraveche;Burgos
9257;Villafranca Montes de Oca;Burgos
9258;Alcocero de Mola;Burgos
9258;Belorado;Burgos
9258;Castil de Peones;Burgos
9258;Espinosa del Camino;Burgos
9258;Tosantos;Burgos
9258;Valle de Oca;Burgos
9258;Villafranca Montes de Oca;Burgos
9258;Villambistia;Burgos
9259;Bascuñana;Burgos
9259;Castildelgado;Burgos
9259;Fresneña;Burgos
9259;Ibrillos;Burgos
9259;Redecilla del Camino;Burgos
9259;Redecilla del Campo;Burgos
9259;Viloria de Rioja;Burgos
9260;Pradoluengo;Burgos
9267;Belorado;Burgos
9267;Fresneda de la Sierra Tirón;Burgos
9268;Pradoluengo;Burgos
9268;Rábanos;Burgos
9268;Santa Cruz del Valle Urbión;Burgos
9268;San Vicente del Valle;Burgos
9268;Valmala;Burgos
9268;Villagalijo;Burgos
9269;Rábanos;Burgos
9270;Cerezo de Río Tirón;Burgos
9270;Redecilla del Campo;Burgos
9271;Quintanilla San García;Burgos
9272;Belorado;Burgos
9272;Fresno de Río Tirón;Burgos
9280;Cascajares de Bureba;Burgos
9280;Encío;Burgos
9280;Pancorbo;Burgos
9290;Fresno de Rodilla;Burgos
9290;Quintanapalla;Burgos
9292;Arraya de Oca;Burgos
9292;Briviesca;Burgos
9292;Cerratón de Juarros;Burgos
9292;Monasterio de Rodilla;Burgos
9292;Quintanavides;Burgos
9292;Santa María del Invierno;Burgos
9292;Santa Olalla de Bureba;Burgos
9292;Villaescusa la Sombría;Burgos
9293;Bugedo;Burgos
9293;Miranda de Ebro;Burgos
9294;Condado de Treviño;Burgos
9294;Puebla de Arganzón;Burgos
9300;Roa;Burgos
9310;Torresandino;Burgos
9310;Tórtoles de Esgueva;Burgos
9310;Villatuelda;Burgos
9311;Horra;Burgos
9311;Olmedillo de Roa;Burgos
9312;Anguix;Burgos
9312;Tórtoles de Esgueva;Burgos
9314;Pedrosa de Duero;Burgos
9314;Villaescusa de Roa;Burgos
9315;Cueva de Roa;Burgos
9315;Fuentecén;Burgos
9315;Fuentemolinos;Burgos
9316;Berlangas de Roa;Burgos
9316;Hoyales de Roa;Burgos
9317;Mambrilla de Castrejón;Burgos
9317;Pedrosa de Duero;Burgos
9317;San Martín de Rubiales;Burgos
9318;Fuentelisendo;Burgos
9318;Nava de Roa;Burgos
9318;Valdezate;Burgos
9320;Cogollos;Burgos
9320;Madrigal del Monte;Burgos
9320;Valdorros;Burgos
9330;Madrigalejo del Monte;Burgos
9338;Valles de Palenzuela;Burgos
9339;Villamayor de los Montes;Burgos
9339;Villangómez;Burgos
9339;Villaverde del Monte;Burgos
9339;Zael;Burgos
9340;Lerma;Burgos
9341;Lerma;Burgos
9341;Santa Cecilia;Burgos
9341;Tordómar;Burgos
9342;Peral de Arlanza;Burgos
9342;Santa María del Campo;Burgos
9342;Torrepadre;Burgos
9343;Villahoz;Burgos
9344;Royuela de Río Franco;Burgos
9344;Villafruela;Burgos
9345;Avellanosa de Muñó;Burgos
9345;Iglesiarrubia;Burgos
9345;Royuela de Río Franco;Burgos
9345;Torrepadre;Burgos
9346;Covarrubias;Burgos
9346;Mecerreyes;Burgos
9347;Covarrubias;Burgos
9347;Lerma;Burgos
9347;Puentedura;Burgos
9347;Retuerta;Burgos
9347;Quintanilla del Agua y Tordueles;Burgos
9348;Cebrecos;Burgos
9348;Lerma;Burgos
9348;Nebreda;Burgos
9348;Quintanilla del Coco;Burgos
9348;Solarana;Burgos
9349;Cilleruelo de Abajo;Burgos
9349;Cilleruelo de Arriba;Burgos
9349;Fontioso;Burgos
9349;Lerma;Burgos
9349;Pineda Trasmonte;Burgos
9349;Quintanilla de la Mata;Burgos
9350;Bahabón de Esgueva;Burgos
9350;Cabañes de Esgueva;Burgos
9350;Oquillas;Burgos
9350;Santibáñez de Esgueva;Burgos
9351;Ausines;Burgos
9351;Hontoria de la Cantera;Burgos
9352;Cubillo del Campo;Burgos
9353;Santa María del Mercadillo;Burgos
9354;Pinilla Trasmonte;Burgos
9370;Aranda de Duero;Burgos
9370;Gumiel de Izán;Burgos
9370;Quintana del Pidio;Burgos
9384;Lerma;Burgos
9384;Tordómar;Burgos
9390;Madrigalejo del Monte;Burgos
9390;Santa Inés;Burgos
9390;Torrecilla del Monte;Burgos
9390;Villalmanzo;Burgos
9391;Castrillo de la Vega;Burgos
9400;Aranda de Duero;Burgos
9410;Arandilla;Burgos
9410;Coruña del Conde;Burgos
9410;Peñaranda de Duero;Burgos
9427;Villadiego;Burgos
9430;Huerta de Rey;Burgos
9440;Sotillo de la Ribera;Burgos
9441;Sotillo de la Ribera;Burgos
9442;Terradillos de Esgueva;Burgos
9443;Gumiel de Mercado;Burgos
9443;Villalba de Duero;Burgos
9450;Aranda de Duero;Burgos
9450;Baños de Valdearados;Burgos
9450;Hontoria de Valdearados;Burgos
9450;Villanueva de Gumiel;Burgos
9451;Arauzo de Miel;Burgos
9451;Arauzo de Salce;Burgos
9451;Arauzo de Torre;Burgos
9451;Caleruega;Burgos
9453;Tubilla del Lago;Burgos
9453;Valdeande;Burgos
9453;Villalbilla de Gumiel;Burgos
9454;Huerta de Rey;Burgos
9454;Quemada;Burgos
9460;Milagros;Burgos
9461;Fuentenebro;Burgos
9462;Adrada de Haza;Burgos
9462;Hontangas;Burgos
9462;Moradillo de Roa;Burgos
9462;Pardilla;Burgos
9462;Sequera de Haza;Burgos
9463;Haza;Burgos
9471;Fuentelcésped;Burgos
9471;Fuentespina;Burgos
9471;Santa Cruz de la Salceda;Burgos
9471;Vid y Barrios;Burgos
9490;Brazacorta;Burgos
9490;Peñaranda de Duero;Burgos
9490;San Juan del Monte;Burgos
9490;Zazuar;Burgos
9491;Fresnillo de las Dueñas;Burgos
9491;Vadocondes;Burgos
9491;Vid y Barrios;Burgos
9493;Campillo de Aranda;Burgos
9493;Torregalindo;Burgos
9500;Medina de Pomar;Burgos
9510;Junta de Traslaloma;Burgos
9510;Valle de Losa;Burgos
9511;Berberana;Burgos
9511;Junta de Villalba de Losa;Burgos
9511;Valle de Losa;Burgos
9512;Medina de Pomar;Burgos
9512;Valle de Losa;Burgos
9513;Medina de Pomar;Burgos
9513;Villarcayo de Merindad de Castilla la Vieja;Burgos
9514;Junta de Traslaloma;Burgos
9514;Medina de Pomar;Burgos
9514;Merindad de Montija;Burgos
9515;Medina de Pomar;Burgos
9515;Merindad de Cuesta-Urria;Burgos
9530;Oña;Burgos
9540;Trespaderne;Burgos
9545;Valle de Mena;Burgos
9549;Merindad de Cuesta-Urria;Burgos
9549;Trespaderne;Burgos
9549;Valle de Tobalina;Burgos
9549;Villarcayo de Merindad de Castilla la Vieja;Burgos
9550;Villarcayo de Merindad de Castilla la Vieja;Burgos
9551;Altos;Burgos
9551;Valle de Sedano;Burgos
9553;Villarcayo de Merindad de Castilla la Vieja;Burgos
9554;Villarcayo de Merindad de Castilla la Vieja;Burgos
9555;Villarcayo de Merindad de Castilla la Vieja;Burgos
9556;Villarcayo de Merindad de Castilla la Vieja;Burgos
9557;Merindad de Sotoscueva;Burgos
9557;Merindad de Valdeporres;Burgos
9557;Villarcayo de Merindad de Castilla la Vieja;Burgos
9558;Valle de Manzanedo;Burgos
9558;Villarcayo de Merindad de Castilla la Vieja;Burgos
9559;Altos;Burgos
9559;Merindad de Valdivielso;Burgos
9559;Oña;Burgos
9560;Espinosa de los Monteros;Burgos
9566;Espinosa de los Monteros;Burgos
9567;Espinosa de los Monteros;Burgos
9567;Merindad de Sotoscueva;Burgos
9568;Merindad de Sotoscueva;Burgos
9569;Espinosa de los Monteros;Burgos
9569;Merindad de Montija;Burgos
9569;Valle de Mena;Burgos
9570;Arija;Burgos
9571;Alfoz de Bricia;Burgos
9571;Alfoz de Santa Gadea;Burgos
9571;Valle de Valdebezana;Burgos
9572;Alfoz de Bricia;Burgos
9572;Valle de Manzanedo;Burgos
9572;Valle de Valdebezana;Burgos
9573;Merindad de Valdeporres;Burgos
9574;Merindad de Valdeporres;Burgos
9580;Valle de Mena;Burgos
9585;Valle de Mena;Burgos
9586;Valle de Mena;Burgos
9587;Valle de Mena;Burgos
9588;Valle de Mena;Burgos
9589;Pampliega;Burgos
9589;Valle de Mena;Burgos
9591;Valle de las Navas;Burgos
9591;Merindad de Río Ubierna;Burgos
9592;Carcedo de Bureba;Burgos
9592;Poza de la Sal;Burgos
9592;Rublacedo de Abajo;Burgos
9593;Aguas Cándidas;Burgos
9593;Cantabrana;Burgos
9593;Oña;Burgos
9593;Padrones de Bureba;Burgos
9593;Rucandio;Burgos
9593;Salas de Bureba;Burgos
9594;Merindad de Cuesta-Urria;Burgos
9600;Salas de los Infantes;Burgos
9610;Ciruelos de Cervera;Burgos
9610;Espinosa de Cervera;Burgos
9610;Santo Domingo de Silos;Burgos
9611;Carazo;Burgos
9611;Hacinas;Burgos
9611;Villanueva de Carazo;Burgos
9612;Cabezón de la Sierra;Burgos
9612;Gallega;Burgos
9612;Mamolar;Burgos
9612;Pinilla de los Barruecos;Burgos
9613;Barbadillo del Mercado;Burgos
9613;Contreras;Burgos
9613;Monasterio de la Sierra;Burgos
9613;Pinilla de los Moros;Burgos
9613;Revilla y Ahedo;Burgos
9613;Salas de los Infantes;Burgos
9613;Vizcaínos;Burgos
9614;Barbadillo del Pez;Burgos
9614;Huerta de Arriba;Burgos
9614;Valle de Valdelaguna;Burgos
9615;Barbadillo de Herreros;Burgos
9615;Monterrubio de la Demanda;Burgos
9615;Riocavado de la Sierra;Burgos
9615;Salas de los Infantes;Burgos
9616;Tejada;Burgos
9617;Santibáñez del Val;Burgos
9618;Santibáñez del Val;Burgos
9619;Hontoria del Pinar;Burgos
9620;Modúbar de la Emparedada;Burgos
9620;Revillarruz;Burgos
9620;Saldaña de Burgos;Burgos
9620;Sarracín;Burgos
9631;Arauzo de Miel;Burgos
9640;Cascajares de la Sierra;Burgos
9640;Hortigüela;Burgos
9640;Jaramillo de la Fuente;Burgos
9640;Jaramillo Quemado;Burgos
9640;Jurisdicción de Lara;Burgos
9640;Mambrillas de Lara;Burgos
9640;San Millán de Lara;Burgos
9640;Tinieblas de la Sierra;Burgos
9640;Villaespasa;Burgos
9640;Villoruebo;Burgos
9641;Cuevas de San Clemente;Burgos
9642;Ausines;Burgos
9642;Mambrillas de Lara;Burgos
9645;Torrelara;Burgos
9646;Villoruebo;Burgos
9647;Revilla del Campo;Burgos
9649;Palazuelos de la Sierra;Burgos
9649;Tinieblas de la Sierra;Burgos
9649;Villamiel de la Sierra;Burgos
9650;Campolara;Burgos
9650;Villaespasa;Burgos
9651;Jurisdicción de Lara;Burgos
9652;Villanueva de Argaño;Burgos
9653;Isar;Burgos
9654;Isar;Burgos
9660;Hontoria del Pinar;Burgos
9660;Rabanera del Pinar;Burgos
9670;Quintanar de la Sierra;Burgos
9679;Neila;Burgos
9680;Palacios de la Sierra;Burgos
9690;Vilviestre del Pinar;Burgos
9691;Castrillo de la Reina;Burgos
9691;Moncalvillo;Burgos
9692;Canicosa de la Sierra;Burgos
9693;Regumiel de la Sierra;Burgos
10000;Cáceres;Cáceres
10001;Cáceres;Cáceres
10002;Cáceres;Cáceres
10003;Cáceres;Cáceres
10004;Cáceres;Cáceres
10005;Cáceres;Cáceres
10095;Cáceres;Cáceres
10100;Miajadas;Cáceres
10109;Miajadas;Cáceres
10110;Losar de la Vera;Cáceres
10110;Madrigalejo;Cáceres
10120;Logrosán;Cáceres
10129;Berzocana;Cáceres
10130;Zorita;Cáceres
10131;Valdemorales;Cáceres
10132;Almoharín;Cáceres
10133;Escurial;Cáceres
10134;Campo Lugar;Cáceres
10135;Alcollarín;Cáceres
10136;Cañamero;Cáceres
10137;Alía;Cáceres
10140;Guadalupe;Cáceres
10160;Alcuéscar;Cáceres
10161;Arroyomolinos;Cáceres
10162;Casas de Don Antonio;Cáceres
10163;Aldea del Cano;Cáceres
10164;Cáceres;Cáceres
10169;Zarza de Montánchez;Cáceres
10170;Montánchez;Cáceres
10180;Valdefuentes;Cáceres
10181;Sierra de Fuentes;Cáceres
10182;Torreorgaz;Cáceres
10183;Torrequemada;Cáceres
10184;Torremocha;Cáceres
10185;Benquerencia;Cáceres
10185;Botija;Cáceres
10186;Torre de Santa María;Cáceres
10187;Albalá;Cáceres
10189;Ruanes;Cáceres
10189;Salvatierra de Santiago;Cáceres
10189;Santa Ana;Cáceres
10189;Zarza de Montánchez;Cáceres
10190;Casar de Cáceres;Cáceres
10191;Santiago del Campo;Cáceres
10192;Hinojal;Cáceres
10193;Talaván;Cáceres
10194;Monroy;Cáceres
10195;Cáceres;Cáceres
10197;Albalá;Cáceres
10198;Santa Marta de Magasca;Cáceres
10199;Cáceres;Cáceres
10200;Trujillo;Cáceres
10210;Madroñera;Cáceres
10220;Trujillo;Cáceres
10230;Herguijuela;Cáceres
10240;Conquista de la Sierra;Cáceres
10250;Garciaz;Cáceres
10251;Aldeacentenera;Cáceres
10252;Torrecillas de la Tiesa;Cáceres
10260;Santa Cruz de la Sierra;Cáceres
10261;Puerto de Santa Cruz;Cáceres
10261;Robledillo de Trujillo;Cáceres
10262;Abertura;Cáceres
10263;Villamesías;Cáceres
10269;Robledillo de Trujillo;Cáceres
10270;Cumbre;Cáceres
10270;Romangordo;Cáceres
10271;Plasenzuela;Cáceres
10272;Ruanes;Cáceres
10280;Ibahernando;Cáceres
10290;Trujillo;Cáceres
10291;Aldea del Obispo;Cáceres
10291;Trujillo;Cáceres
10292;Trujillo;Cáceres
10300;Navalmoral de la Mata;Cáceres
10310;Talayuela;Cáceres
10317;Collado de la Vera;Cáceres
10318;Talayuela;Cáceres
10318;Pueblonuevo de Miramontes;Cáceres
10319;Talayuela;Cáceres
10319;Tiétar;Cáceres
10320;Bohonal de Ibor;Cáceres
10328;Fresnedoso de Ibor;Cáceres
10329;Campillo de Deleitosa;Cáceres
10329;Mesas de Ibor;Cáceres
10329;Valdecañas de Tajo;Cáceres
10330;Villar del Pedroso;Cáceres
10331;Carrascalejo;Cáceres
10331;Villar del Pedroso;Cáceres
10332;Valdecañas de Tajo;Cáceres
10332;Valdelacasa de Tajo;Cáceres
10333;Garvín;Cáceres
10334;Peraleda de San Román;Cáceres
10335;Peraleda de la Mata;Cáceres
10340;Castañar de Ibor;Cáceres
10341;Navalvillar de Ibor;Cáceres
10350;Almaraz;Cáceres
10359;Higuera;Cáceres
10359;Romangordo;Cáceres
10360;Casas de Miravete;Cáceres
10370;Deleitosa;Cáceres
10370;Hernán-Pérez;Cáceres
10371;Robledollano;Cáceres
10372;Cabañas del Castillo;Cáceres
10373;Cabañas del Castillo;Cáceres
10374;Navezuelas;Cáceres
10380;Jaraicejo;Cáceres
10390;Saucedilla;Cáceres
10391;Rosalejo;Cáceres
10392;Berrocalejo;Cáceres
10392;Gordo;Cáceres
10393;Valdehúncar;Cáceres
10394;Belvís de Monroy;Cáceres
10394;Millanes;Cáceres
10400;Jaraíz de la Vera;Cáceres
10410;Arroyomolinos de la Vera;Cáceres
10411;Pasarón de la Vera;Cáceres
10412;Garganta la Olla;Cáceres
10413;Torremenga;Cáceres
10414;Collado de la Vera;Cáceres
10420;Tejeda de Tiétar;Cáceres
10430;Cuacos de Yuste;Cáceres
10440;Aldeanueva de la Vera;Cáceres
10450;Jaraíz de la Vera;Cáceres
10450;Jarandilla de la Vera;Cáceres
10459;Guijo de Santa Bárbara;Cáceres
10460;Losar de la Vera;Cáceres
10470;Villanueva de la Vera;Cáceres
10480;Madrigal de la Vera;Cáceres
10484;Vegaviana;Cáceres
10490;Valverde de la Vera;Cáceres
10490;Villanueva de la Vera;Cáceres
10491;Talaveruela de la Vera;Cáceres
10492;Viandar de la Vera;Cáceres
10493;Robledillo de la Vera;Cáceres
10500;Valencia de Alcántara;Cáceres
10509;Valencia de Alcántara;Cáceres
10510;Santiago de Alcántara;Cáceres
10511;Carbajo;Cáceres
10512;Herrera de Alcántara;Cáceres
10513;Cedillo;Cáceres
10514;Valencia de Alcántara;Cáceres
10515;Valencia de Alcántara;Cáceres
10516;Valencia de Alcántara;Cáceres
10519;Valencia de Alcántara;Cáceres
10520;Casatejada;Cáceres
10520;Toril;Cáceres
10521;Toril;Cáceres
10528;Serrejón;Cáceres
10529;Majadas;Cáceres
10530;Serradilla;Cáceres
10540;Mirabel;Cáceres
10550;Aliseda;Cáceres
10560;Herguijuela;Cáceres
10560;Herreruela;Cáceres
10570;Salorino;Cáceres
10580;Membrío;Cáceres
10590;Malpartida de Plasencia;Cáceres
10591;Herguijuela;Cáceres
10591;Malpartida de Plasencia;Cáceres
10591;Toril;Cáceres
10592;Casas de Millán;Cáceres
10593;Casar de Cáceres;Cáceres
10600;Plasencia;Cáceres
10610;Cabezuela del Valle;Cáceres
10611;Tornavacas;Cáceres
10612;Jerte;Cáceres
10613;Navaconcejo;Cáceres
10614;Valdastillas;Cáceres
10615;Piornal;Cáceres
10616;Cabrero;Cáceres
10616;Casas del Castañar;Cáceres
10616;Guijo de Granadilla;Cáceres
10617;Rebollar;Cáceres
10617;Torno;Cáceres
10620;Caminomorisco;Cáceres
10623;Caminomorisco;Cáceres
10623;Nuñomoral;Cáceres
10624;Caminomorisco;Cáceres
10624;Ladrillar;Cáceres
10625;Ladrillar;Cáceres
10626;Nuñomoral;Cáceres
10627;Nuñomoral;Cáceres
10628;Casares de las Hurdes;Cáceres
10628;Nuñomoral;Cáceres
10629;Caminomorisco;Cáceres
10629;Nuñomoral;Cáceres
10630;Caminomorisco;Cáceres
10630;Casar de Palomero;Cáceres
10630;Pinofranqueado;Cáceres
10630;Serradilla;Cáceres
10638;Pinofranqueado;Cáceres
10639;Pinofranqueado;Cáceres
10640;Casar de Palomero;Cáceres
10649;Casar de Palomero;Cáceres
10649;Pesga;Cáceres
10650;Ahigal;Cáceres
10660;Palomero;Cáceres
10660;Santa Cruz de Paniagua;Cáceres
10661;Santa Cruz de Paniagua;Cáceres
10662;Marchagaz;Cáceres
10663;Cerezo;Cáceres
10663;Jaraicejo;Cáceres
10664;Mohedas de Granadilla;Cáceres
10665;Guijo de Granadilla;Cáceres
10666;Aceituna;Cáceres
10666;Santibáñez el Bajo;Cáceres
10667;Oliva de Plasencia;Cáceres
10670;Carcaboso;Cáceres
10671;Aldehuela de Jerte;Cáceres
10671;Carcaboso;Cáceres
10671;Plasencia;Cáceres
10672;Valdeobispo;Cáceres
10680;Malpartida de Plasencia;Cáceres
10690;Plasencia;Cáceres
10690;Alagón del Río;Cáceres
10691;Galisteo;Cáceres
10692;Guijo de Galisteo;Cáceres
10693;Riolobos;Cáceres
10694;Torrejón el Rubio;Cáceres
10695;Serradilla;Cáceres
10696;Barrado;Cáceres
10696;Gargüera;Cáceres
10697;Malpartida de Plasencia;Cáceres
10697;Tejeda de Tiétar;Cáceres
10697;Toril;Cáceres
10700;Hervás;Cáceres
10710;Zarza de Granadilla;Cáceres
10711;Granja;Cáceres
10720;Villar de Plasencia;Cáceres
10728;Jarilla;Cáceres
10729;Cabezabellosa;Cáceres
10730;Casas del Monte;Cáceres
10739;Segura de Toro;Cáceres
10740;Aldeanueva del Camino;Cáceres
10748;Abadía;Cáceres
10749;Gargantilla;Cáceres
10750;Baños de Montemayor;Cáceres
10759;Garganta;Cáceres
10800;Coria;Cáceres
10810;Montehermoso;Cáceres
10810;Valdefuentes;Cáceres
10811;Coria;Cáceres
10811;Guijo de Galisteo;Cáceres
10811;Morcillo;Cáceres
10812;Villanueva de la Sierra;Cáceres
10813;Pozuelo de Zarzón;Cáceres
10814;Villa del Campo;Cáceres
10815;Guijo de Coria;Cáceres
10816;Casas de Don Gómez;Cáceres
10816;Guijo de Galisteo;Cáceres
10817;Calzadilla;Cáceres
10818;Casas de Don Gómez;Cáceres
10818;Casillas de Coria;Cáceres
10820;Cañaveral;Cáceres
10824;Holguera;Cáceres
10828;Portezuelo;Cáceres
10829;Cañaveral;Cáceres
10829;Holguera;Cáceres
10829;Pedroso de Acim;Cáceres
10829;Riolobos;Cáceres
10830;Torrejoncillo;Cáceres
10839;Torrejoncillo;Cáceres
10840;Moraleja;Cáceres
10848;Vegaviana;Cáceres
10849;Gata;Cáceres
10849;Huélaga;Cáceres
10850;Hoyos;Cáceres
10857;Acebo;Cáceres
10858;Villasbuenas de Gata;Cáceres
10859;Santibáñez el Alto;Cáceres
10860;Gata;Cáceres
10864;Torre de Don Miguel;Cáceres
10865;Cadalso;Cáceres
10866;Descargamaría;Cáceres
10867;Robledillo de Gata;Cáceres
10868;Hernán-Pérez;Cáceres
10869;Torrecilla de los Ángeles;Cáceres
10870;Ceclavín;Cáceres
10879;Acehúche;Cáceres
10880;Gata;Cáceres
10880;Zarza la Mayor;Cáceres
10881;Cachorrilla;Cáceres
10882;Pescueza;Cáceres
10883;Portaje;Cáceres
10885;Cadalso;Cáceres
10890;Valverde del Fresno;Cáceres
10891;Eljas;Cáceres
10892;San Martín de Trevejo;Cáceres
10893;Villamiel;Cáceres
10895;Cilleros;Cáceres
10896;Perales del Puerto;Cáceres
10897;Cañaveral;Cáceres
10900;Arroyo de la Luz;Cáceres
10910;Malpartida de Cáceres;Cáceres
10920;Cáceres;Cáceres
10930;Navas del Madroño;Cáceres
10940;Garrovillas de Alconétar;Cáceres
10950;Brozas;Cáceres
10960;Villa del Rey;Cáceres
10970;Mata de Alcántara;Cáceres
10980;Alcántara;Cáceres
10989;Alcántara;Cáceres
10990;Alcántara;Cáceres
10991;Piedras Albas;Cáceres
11001;Cádiz;Cádiz
11002;Cádiz;Cádiz
11003;Cádiz;Cádiz
11004;Cádiz;Cádiz
11005;Cádiz;Cádiz
11006;Cádiz;Cádiz
11007;Cádiz;Cádiz
11008;Cádiz;Cádiz
11009;Cádiz;Cádiz
11010;Cádiz;Cádiz
11011;Cádiz;Cádiz
11012;Cádiz;Cádiz
11100;San Fernando;Cádiz
11130;Chiclana de la Frontera;Cádiz
11139;Chiclana de la Frontera;Cádiz
11140;Conil de la Frontera;Cádiz
11149;Conil de la Frontera;Cádiz
11150;Barbate;Cádiz
11150;Vejer de la Frontera;Cádiz
11158;Vejer de la Frontera;Cádiz
11159;Barbate;Cádiz
11159;Vejer de la Frontera;Cádiz
11160;Barbate;Cádiz
11170;Medina-Sidonia;Cádiz
11178;Paterna de Rivera;Cádiz
11179;Medina-Sidonia;Cádiz
11179;Vejer de la Frontera;Cádiz
11180;Alcalá de los Gazules;Cádiz
11190;Benalup-Casas Viejas;Cádiz
11201;Algeciras;Cádiz
11202;Algeciras;Cádiz
11203;Algeciras;Cádiz
11204;Algeciras;Cádiz
11205;Algeciras;Cádiz
11206;Algeciras;Cádiz
11207;Algeciras;Cádiz
11300;Línea de la Concepción;Cádiz
11300;Puerto Serrano;Cádiz
11310;San Roque;Cádiz
11311;Sanlúcar de Barrameda;Cádiz
11311;San Roque;Cádiz
11312;San Roque;Cádiz
11313;San Roque;Cádiz
11314;San Roque;Cádiz
11320;Jimena de la Frontera;Cádiz
11330;Jimena de la Frontera;Cádiz
11339;Jimena de la Frontera;Cádiz
11350;Castellar de la Frontera;Cádiz
11360;San Roque;Cádiz
11368;San Roque;Cádiz
11369;San Roque;Cádiz
11370;Barrios;Cádiz
11379;Barrios;Cádiz
11380;Tarifa;Cádiz
11389;Algodonales;Cádiz
11390;Algeciras;Cádiz
11390;Tarifa;Cádiz
11391;Algeciras;Cádiz
11391;Tarifa;Cádiz
11392;Tarifa;Cádiz
11393;Barbate;Cádiz
11393;Tarifa;Cádiz
11400;Jerez de la Frontera;Cádiz
11401;Jerez de la Frontera;Cádiz
11402;Jerez de la Frontera;Cádiz
11403;Jerez de la Frontera;Cádiz
11404;Jerez de la Frontera;Cádiz
11405;Jerez de la Frontera;Cádiz
11406;Jerez de la Frontera;Cádiz
11407;Jerez de la Frontera;Cádiz
11408;Jerez de la Frontera;Cádiz
11500;Puerto de Santa María;Cádiz
11510;Puerto Real;Cádiz
11518;Puerto Real;Cádiz
11519;Puerto Real;Cádiz
11520;Bornos;Cádiz
11520;Rota;Cádiz
11540;Sanlúcar de Barrameda;Cádiz
11549;Sanlúcar de Barrameda;Cádiz
11550;Chipiona;Cádiz
11560;Trebujena;Cádiz
11570;Jerez de la Frontera;Cádiz
11579;Jerez de la Frontera;Cádiz
11580;San José del Valle;Cádiz
11590;Jerez de la Frontera;Cádiz
11591;Jerez de la Frontera;Cádiz
11592;Jerez de la Frontera;Cádiz
11593;Jerez de la Frontera;Cádiz
11594;Jerez de la Frontera;Cádiz
11595;Jerez de la Frontera;Cádiz
11596;Jerez de la Frontera;Cádiz
11600;Ubrique;Cádiz
11610;Grazalema;Cádiz
11611;Villaluenga del Rosario;Cádiz
11612;Benaocaz;Cádiz
11620;Arcos de la Frontera;Cádiz
11630;Arcos de la Frontera;Cádiz
11638;Arcos de la Frontera;Cádiz
11639;Algar;Cádiz
11640;Bornos;Cádiz
11648;Espera;Cádiz
11649;Bornos;Cádiz
11650;Villamartín;Cádiz
11659;Puerto Serrano;Cádiz
11660;Prado del Rey;Cádiz
11670;Bosque;Cádiz
11679;Grazalema;Cádiz
11680;Algodonales;Cádiz
11687;Gastor;Cádiz
11688;Zahara;Cádiz
11689;Algodonales;Cádiz
11690;Olvera;Cádiz
11691;Torre Alháquime;Cádiz
11692;Setenil de las Bodegas;Cádiz
11693;Alcalá del Valle;Cádiz
12001;Castellón de la Plana/Castelló de la Plana;Castellón
12002;Castellón de la Plana/Castelló de la Plana;Castellón
12003;Castellón de la Plana/Castelló de la Plana;Castellón
12004;Castellón de la Plana/Castelló de la Plana;Castellón
12005;Castellón de la Plana/Castelló de la Plana;Castellón
12006;Castellón de la Plana/Castelló de la Plana;Castellón
12100;Alcora;Castellón
12100;Castellón de la Plana/Castelló de la Plana;Castellón
12110;Alcora;Castellón
12118;Useras/Useres;Castellón
12119;Alcora;Castellón
12119;Costur;Castellón
12120;Llucena/Lucena del Cid;Castellón
12121;Alcora;Castellón
12122;Figueroles;Castellón
12122;Useras/Useres;Castellón
12123;Castillo de Villamalefa;Castellón
12123;Ludiente;Castellón
12124;Chodos/Xodos;Castellón
12124;Villahermosa del Río;Castellón
12125;Zucaina;Castellón
12126;Cortes de Arenoso;Castellón
12127;Cortes de Arenoso;Castellón
12130;Sant Joan de Moró;Castellón
12131;Useras/Useres;Castellón
12132;Atzeneta del Maestrat;Castellón
12133;Atzeneta del Maestrat;Castellón
12134;Benafigos;Castellón
12134;Chodos/Xodos;Castellón
12135;Geldo;Castellón
12135;Vistabella del Maestrat;Castellón
12138;Cinctorres;Castellón
12140;Albocásser;Castellón
12150;Villafranca del Cid/Vilafranca;Castellón
12159;Castellfort;Castellón
12160;Benassal;Castellón
12161;Torre d'En Besora;Castellón
12162;Vilar de Canes;Castellón
12163;Culla;Castellón
12164;Sierra Engarcerán;Castellón
12165;Ares del Maestrat;Castellón
12166;Sierra Engarcerán;Castellón
12170;Sant Mateu;Castellón
12179;Tírig;Castellón
12180;Cabanes;Castellón
12181;Benlloch;Castellón
12182;Sierra Engarcerán;Castellón
12183;Vilanova d'Alcolea;Castellón
12184;Serratella;Castellón
12184;Torre d'en Doménec;Castellón
12185;Coves de Vinromá;Castellón
12186;Salzadella;Castellón
12190;Borriol;Castellón
12190;Vall d'Alba;Castellón
12191;Pobla Tornesa;Castellón
12192;Vilafamés;Castellón
12193;Sierra Engarcerán;Castellón
12193;Vall d'Alba;Castellón
12194;Vall d'Alba;Castellón
12200;Onda;Castellón
12210;Ribesalbes;Castellón
12220;Onda;Castellón
12221;Tales;Castellón
12222;Aín;Castellón
12222;Alcudia de Veo;Castellón
12223;Sueras/Suera;Castellón
12224;Ayódar;Castellón
12224;Villamalur;Castellón
12225;Fuentes de Ayódar;Castellón
12225;Torralba del Pinar;Castellón
12230;Argelita;Castellón
12230;Espadilla;Castellón
12230;Fanzara;Castellón
12230;Toga;Castellón
12230;Vallat;Castellón
12231;Cirat;Castellón
12232;Arañuel;Castellón
12232;Cirat;Castellón
12232;Torrechiva;Castellón
12300;Morella;Castellón
12310;Figueroles;Castellón
12310;Forcall;Castellón
12311;Palanques;Castellón
12311;Villores;Castellón
12311;Zorita del Maestrazgo;Castellón
12312;Mata de Morella;Castellón
12312;Olocau del Rey;Castellón
12312;Todolella;Castellón
12315;Vallibona;Castellón
12316;Morella;Castellón
12317;Herbés;Castellón
12318;Cinctorres;Castellón
12318;Portell de Morella;Castellón
12319;Castell de Cabres;Castellón
12320;Sant Jordi/San Jorge;Castellón
12330;San Rafael del Río;Castellón
12330;Traiguera;Castellón
12340;Jana;Castellón
12350;Canet lo Roig;Castellón
12360;Xert;Castellón
12370;Xert;Castellón
12400;Segorbe;Castellón
12410;Altura;Castellón
12412;Geldo;Castellón
12412;Segorbe;Castellón
12413;Almedíjar;Castellón
12413;Castellnovo;Castellón
12414;Algimia de Almonacid;Castellón
12414;Segorbe;Castellón
12414;Vall de Almonacid;Castellón
12415;Gaibiel;Castellón
12415;Matet;Castellón
12420;Barracas;Castellón
12428;Fuente la Reina;Castellón
12428;Puebla de Arenoso;Castellón
12428;Villanueva de Viver;Castellón
12429;Fuente la Reina;Castellón
12429;Pina de Montalgrao;Castellón
12429;Toro;Castellón
12430;Bejís;Castellón
12431;Torás;Castellón
12440;Caudiel;Castellón
12447;Montán;Castellón
12448;Montanejos;Castellón
12449;Benafer;Castellón
12449;Higueras;Castellón
12449;Pavías;Castellón
12450;Jérica;Castellón
12460;Viver;Castellón
12469;Sacañet;Castellón
12469;Teresa;Castellón
12469;Viver;Castellón
12470;Navajas;Castellón
12480;Soneja;Castellón
12489;Sot de Ferrer;Castellón
12490;Azuébar;Castellón
12499;Chóvar;Castellón
12500;Vinarós;Castellón
12510;San Rafael del Río;Castellón
12511;Rossell;Castellón
12512;Rossell;Castellón
12513;Catí;Castellón
12520;Nules;Castellón
12526;Vilavella;Castellón
12527;Artana;Castellón
12528;Eslida;Castellón
12529;Nules;Castellón
12530;Benicarló;Castellón
12530;Borriana/Burriana;Castellón
12539;Alqueries;Castellón
12540;Vila-real;Castellón
12549;Betxí;Castellón
12550;Almazora/Almassora;Castellón
12560;Benicasim/Benicássim;Castellón
12560;Castellón de la Plana/Castelló de la Plana;Castellón
12570;Alcalá de Xivert;Castellón
12578;Cervera del Maestre;Castellón
12579;Alcalá de Xivert;Castellón
12580;Benicarló;Castellón
12589;Cálig;Castellón
12590;Almenara;Castellón
12591;Llosa;Castellón
12592;Chilches/Xilxes;Castellón
12593;Moncofa;Castellón
12594;Oropesa del Mar/Orpesa;Castellón
12595;Cabanes;Castellón
12596;Torreblanca;Castellón
12597;Santa Magdalena de Pulpis;Castellón
12598;Peníscola/Peñíscola;Castellón
12599;Pobla de Benifassá;Castellón
12599;Rossell;Castellón
12600;Vall d'Uixó;Castellón
12609;Alfondeguilla;Castellón
12952;Chilches/Xilxes;Castellón
13001;Ciudad Real;Ciudad Real
13002;Ciudad Real;Ciudad Real
13003;Ciudad Real;Ciudad Real
13004;Ciudad Real;Ciudad Real
13005;Ciudad Real;Ciudad Real
13100;Piedrabuena;Ciudad Real
13107;Alcolea de Calatrava;Ciudad Real
13108;Luciana;Ciudad Real
13109;Puebla de Don Rodrigo;Ciudad Real
13110;Helechosa de los Montes;Ciudad Real
13110;Horcajo de los Montes;Ciudad Real
13114;Robledo;Ciudad Real
13115;Alcoba;Ciudad Real
13116;Alcoba;Ciudad Real
13117;Anchuras;Ciudad Real
13118;Anchuras;Ciudad Real
13118;Porzuna;Ciudad Real
13120;Porzuna;Ciudad Real
13129;Porzuna;Ciudad Real
13130;Fuencaliente;Ciudad Real
13140;Fernán Caballero;Ciudad Real
13150;Carrión de Calatrava;Ciudad Real
13160;Torralba de Calatrava;Ciudad Real
13170;Miguelturra;Ciudad Real
13179;Almodóvar del Campo;Ciudad Real
13179;Pozuelo de Calatrava;Ciudad Real
13180;Abenójar;Ciudad Real
13189;Almodóvar del Campo;Ciudad Real
13190;Corral de Calatrava;Ciudad Real
13190;Miguelturra;Ciudad Real
13191;Caracuel de Calatrava;Ciudad Real
13191;Pozuelos de Calatrava;Ciudad Real
13192;Almodóvar del Campo;Ciudad Real
13192;Cabezarados;Ciudad Real
13193;Arroba de los Montes;Ciudad Real
13193;Fontanarejo;Ciudad Real
13193;Navalpino;Ciudad Real
13194;Malagón;Ciudad Real
13194;Navas de Estena;Ciudad Real
13194;Porzuna;Ciudad Real
13194;Retuerta del Bullaque;Ciudad Real
13195;Ciudad Real;Ciudad Real
13195;Poblete;Ciudad Real
13196;Ciudad Real;Ciudad Real
13196;Picón;Ciudad Real
13196;Piedrabuena;Ciudad Real
13197;Ciudad Real;Ciudad Real
13200;Manzanares;Ciudad Real
13210;Villarta de San Juan;Ciudad Real
13220;Llanos del Caudillo;Ciudad Real
13230;Membrilla;Ciudad Real
13240;Solana;Ciudad Real
13247;San Carlos del Valle;Ciudad Real
13248;Alhambra;Ciudad Real
13249;Ruidera;Ciudad Real
13250;Daimiel;Ciudad Real
13260;Almagro;Ciudad Real
13260;Bolaños de Calatrava;Ciudad Real
13270;Almagro;Ciudad Real
13279;Valenzuela de Calatrava;Ciudad Real
13300;Valdepeñas;Ciudad Real
13310;Valdepeñas;Ciudad Real
13320;Villanueva de los Infantes;Ciudad Real
13326;Montiel;Ciudad Real
13327;Santa Cruz de los Cáñamos;Ciudad Real
13328;Almedina;Ciudad Real
13329;Carrizosa;Ciudad Real
13330;Villanueva de la Fuente;Ciudad Real
13331;Villahermosa;Ciudad Real
13332;Villahermosa;Ciudad Real
13333;Fuenllana;Ciudad Real
13340;Albaladejo;Ciudad Real
13341;Terrinches;Ciudad Real
13342;Puebla del Príncipe;Ciudad Real
13343;Villamanrique;Ciudad Real
13344;Torre de Juan Abad;Ciudad Real
13345;Cózar;Ciudad Real
13350;Moral de Calatrava;Ciudad Real
13360;Granátula de Calatrava;Ciudad Real
13370;Calzada de Calatrava;Ciudad Real
13379;Villanueva de San Carlos;Ciudad Real
13380;Aldea del Rey;Ciudad Real
13390;Alhambra;Ciudad Real
13391;Alcubillas;Ciudad Real
13400;Almadén;Ciudad Real
13410;Agudo;Ciudad Real
13411;Valdemanco del Esteras;Ciudad Real
13412;Chillón;Ciudad Real
13413;Alamillo;Ciudad Real
13414;Almadenejos;Ciudad Real
13414;Saceruela;Ciudad Real
13415;Almodóvar del Campo;Ciudad Real
13420;Malagón;Ciudad Real
13427;Cortijos;Ciudad Real
13428;Fuente el Fresno;Ciudad Real
13428;Malagón;Ciudad Real
13429;Malagón;Ciudad Real
13430;Cañada de Calatrava;Ciudad Real
13431;Villar del Pozo;Ciudad Real
13432;Ballesteros de Calatrava;Ciudad Real
13440;Argamasilla de Calatrava;Ciudad Real
13449;Brazatortas;Ciudad Real
13450;Brazatortas;Ciudad Real
13459;Almodóvar del Campo;Ciudad Real
13460;Almodóvar del Campo;Ciudad Real
13470;Almodóvar del Campo;Ciudad Real
13473;Abenójar;Ciudad Real
13473;Almodóvar del Campo;Ciudad Real
13480;Almadenejos;Ciudad Real
13490;Guadalmez;Ciudad Real
13499;Guadalmez;Ciudad Real
13500;Puertollano;Ciudad Real
13580;Almodóvar del Campo;Ciudad Real
13590;Hinojosas de Calatrava;Ciudad Real
13591;Cabezarrubias del Puerto;Ciudad Real
13592;Mestanza;Ciudad Real
13593;Solana del Pino;Ciudad Real
13594;Mestanza;Ciudad Real
13595;Villamayor de Calatrava;Ciudad Real
13596;Almodóvar del Campo;Ciudad Real
13597;Puertollano;Ciudad Real
13598;Almodóvar del Campo;Ciudad Real
13600;Alcázar de San Juan;Ciudad Real
13610;Campo de Criptana;Ciudad Real
13619;Arenales de San Gregorio;Ciudad Real
13620;Pedro Muñoz;Ciudad Real
13629;Tomelloso;Ciudad Real
13630;Socuéllamos;Ciudad Real
13640;Herencia;Ciudad Real
13650;Puerto Lápice;Ciudad Real
13660;Labores;Ciudad Real
13670;Villarrubia de los Ojos;Ciudad Real
13679;Arenas de San Juan;Ciudad Real
13680;Fuente el Fresno;Ciudad Real
13690;Alcázar de San Juan;Ciudad Real
13700;Tomelloso;Ciudad Real
13710;Argamasilla de Alba;Ciudad Real
13720;Alcázar de San Juan;Ciudad Real
13730;Santa Cruz de Mudela;Ciudad Real
13739;Calzada de Calatrava;Ciudad Real
13739;Viso del Marqués;Ciudad Real
13740;Torrenueva;Ciudad Real
13750;Castellar de Santiago;Ciudad Real
13760;Almuradiel;Ciudad Real
13768;Almuradiel;Ciudad Real
13768;Viso del Marqués;Ciudad Real
13770;Viso del Marqués;Ciudad Real
13779;Calzada de Calatrava;Ciudad Real
13779;San Lorenzo de Calatrava;Ciudad Real
14001;Córdoba;Córdoba
14002;Córdoba;Córdoba
14003;Córdoba;Córdoba
14004;Córdoba;Córdoba
14005;Córdoba;Córdoba
14006;Córdoba;Córdoba
14007;Córdoba;Córdoba
14008;Córdoba;Córdoba
14009;Córdoba;Córdoba
14010;Córdoba;Córdoba
14011;Córdoba;Córdoba
14012;Córdoba;Córdoba
14013;Córdoba;Córdoba
14014;Córdoba;Córdoba
14029;Córdoba;Córdoba
14035;Hinojosa del Duque;Córdoba
14071;Villafranca de Córdoba;Córdoba
14100;Carlota;Córdoba
14110;Fuente Palmera;Córdoba
14111;Carlota;Córdoba
14112;Fuente Palmera;Córdoba
14113;Fuente Palmera;Córdoba
14115;Carpio;Córdoba
14115;Fuente Palmera;Córdoba
14120;Fuente Palmera;Córdoba
14129;Fuente Palmera;Córdoba
14129;Hornachuelos;Córdoba
14130;Guadalcázar;Córdoba
14140;Victoria;Córdoba
14150;San Sebastián de los Ballesteros;Córdoba
14190;Benamejí;Córdoba
14190;Córdoba;Córdoba
14191;Carlota;Córdoba
14192;Córdoba;Córdoba
14193;Córdoba;Córdoba
14193;Encinas Reales;Córdoba
14200;Peñarroya-Pueblonuevo;Córdoba
14206;Valsequillo;Córdoba
14207;Granjuela;Córdoba
14208;Blázquez;Córdoba
14209;Belmez;Córdoba
14209;Fuente Obejuna;Córdoba
14209;Hornachuelos;Córdoba
14210;Espiel;Córdoba
14210;Villaharta;Córdoba
14220;Espiel;Córdoba
14230;Villanueva del Rey;Córdoba
14240;Belmez;Córdoba
14248;Belmez;Córdoba
14249;Belmez;Córdoba
14249;Fuente Obejuna;Córdoba
14250;Villanueva del Duque;Córdoba
14260;Fuente la Lancha;Córdoba
14270;Hinojosa del Duque;Córdoba
14280;Belalcázar;Córdoba
14290;Fuente Obejuna;Córdoba
14297;Fuente Obejuna;Córdoba
14298;Fuente Obejuna;Córdoba
14299;Fuente Obejuna;Córdoba
14300;Villaviciosa de Córdoba;Córdoba
14310;Obejo;Córdoba
14320;Espiel;Córdoba
14320;Obejo;Córdoba
14320;Villaviciosa de Córdoba;Córdoba
14330;Córdoba;Córdoba
14350;Córdoba;Córdoba
14350;Obejo;Córdoba
14400;Pozoblanco;Córdoba
14410;Torrecampo;Córdoba
14412;Pedroche;Córdoba
14413;Guijo;Córdoba
14420;Villafranca de Córdoba;Córdoba
14430;Adamuz;Córdoba
14439;Adamuz;Córdoba
14440;Villanueva de Córdoba;Córdoba
14445;Cardeña;Córdoba
14446;Cardeña;Córdoba
14447;Cardeña;Córdoba
14448;Conquista;Córdoba
14449;Almodóvar del Campo;Córdoba
14450;Añora;Córdoba
14450;Montilla;Córdoba
14460;Dos Torres;Córdoba
14470;Viso;Córdoba
14480;Alcaracejos;Córdoba
14490;Villaralto;Córdoba
14491;Santa Eufemia;Córdoba
14500;Puente Genil;Córdoba
14510;Moriles;Córdoba
14511;Lucena;Córdoba
14512;Puente Genil;Córdoba
14520;Fernán-Núñez;Córdoba
14530;Montemayor;Córdoba
14540;Rambla;Córdoba
14546;Santaella;Córdoba
14547;Santaella;Córdoba
14548;Montalbán de Córdoba;Córdoba
14549;Santaella;Córdoba
14550;Montilla;Córdoba
14600;Montoro;Córdoba
14610;Adamuz;Córdoba
14610;Córdoba;Córdoba
14620;Carpio;Córdoba
14630;Pedro Abad;Córdoba
14640;Villa del Río;Córdoba
14650;Bujalance;Córdoba
14659;Bujalance;Córdoba
14660;Cañete de las Torres;Córdoba
14670;Valenzuela;Córdoba
14700;Palma del Río;Córdoba
14709;Hornachuelos;Córdoba
14710;Córdoba;Córdoba
14711;Córdoba;Córdoba
14719;Córdoba;Córdoba
14720;Almodóvar del Río;Córdoba
14729;Almodóvar del Río;Córdoba
14730;Posadas;Córdoba
14739;Posadas;Córdoba
14740;Hornachuelos;Córdoba
14800;Priego de Córdoba;Córdoba
14810;Carcabuey;Córdoba
14811;Cabra;Córdoba
14811;Carcabuey;Córdoba
14811;Priego de Córdoba;Córdoba
14812;Almedinilla;Córdoba
14813;Almedinilla;Córdoba
14814;Priego de Córdoba;Córdoba
14815;Fuente-Tójar;Córdoba
14815;Priego de Córdoba;Córdoba
14816;Priego de Córdoba;Córdoba
14817;Priego de Córdoba;Córdoba
14820;Córdoba;Córdoba
14830;Espejo;Córdoba
14840;Castro del Río;Córdoba
14850;Baena;Córdoba
14857;Castro del Río;Córdoba
14857;Nueva Carteya;Córdoba
14858;Castro del Río;Córdoba
14859;Baena;Córdoba
14860;Doña Mencía;Córdoba
14870;Zuheros;Córdoba
14880;Luque;Córdoba
14900;Lucena;Córdoba
14910;Benamejí;Córdoba
14911;Lucena;Córdoba
14913;Encinas Reales;Córdoba
14914;Palenciana;Córdoba
14915;Benamejí;Córdoba
14920;Aguilar de la Frontera;Córdoba
14930;Monturque;Córdoba
14940;Cabra;Córdoba
14941;Santa Eufemia;Córdoba
14949;Cabra;Córdoba
14950;Baena;Córdoba
14950;Hornachuelos;Córdoba
14950;Rute;Córdoba
14960;Rute;Córdoba
14970;Iznájar;Córdoba
14978;Iznájar;Córdoba
14979;Iznájar;Córdoba
15001;Coruña;Coruña
15002;Coruña;Coruña
15003;Coruña;Coruña
15004;Coruña;Coruña
15005;Coruña;Coruña
15006;Coruña;Coruña
15007;Coruña;Coruña
15008;Arteixo;Coruña
15008;Coruña;Coruña
15009;Coruña;Coruña
15010;Coruña;Coruña
15011;Coruña;Coruña
15100;Carballo;Coruña
15102;Carballo;Coruña
15105;Carballo;Coruña
15106;Carballo;Coruña
15107;Carballo;Coruña
15108;Carballo;Coruña
15109;Carballo;Coruña
15110;Cabana de Bergantiños;Coruña
15110;Ponteceso;Coruña
15111;Malpica de Bergantiños;Coruña
15112;Malpica de Bergantiños;Coruña
15113;Malpica de Bergantiños;Coruña
15114;Ponteceso;Coruña
15115;Cabana de Bergantiños;Coruña
15116;Cabana de Bergantiños;Coruña
15117;Laxe;Coruña
15118;Laxe;Coruña
15119;Cabana de Bergantiños;Coruña
15121;Camariñas;Coruña
15121;Vimianzo;Coruña
15122;Camariñas;Coruña
15123;Camariñas;Coruña
15124;Muxía;Coruña
15125;Muxía;Coruña
15126;Muxía;Coruña
15126;Vimianzo;Coruña
15127;Vimianzo;Coruña
15128;Vimianzo;Coruña
15129;Vimianzo;Coruña
15130;Corcubión;Coruña
15137;Corcubión;Coruña
15138;Cee;Coruña
15139;Culleredo;Coruña
15140;Arteixo;Coruña
15141;Arteixo;Coruña
15142;Arteixo;Coruña
15144;Arteixo;Coruña
15145;Laracha;Coruña
15146;Laracha;Coruña
15147;Coristanco;Coruña
15148;Coristanco;Coruña
15149;Cabana de Bergantiños;Coruña
15150;Vimianzo;Coruña
15150;Zas;Coruña
15151;Dumbría;Coruña
15152;Dumbría;Coruña
15153;Fisterra;Coruña
15154;Fisterra;Coruña
15155;Fisterra;Coruña
15160;Sada;Coruña
15165;Bergondo;Coruña
15166;Bergondo;Coruña
15167;Bergondo;Coruña
15168;Sada;Coruña
15169;Sada;Coruña
15170;Coruña;Coruña
15171;Oleiros;Coruña
15172;Oleiros;Coruña
15173;Oleiros;Coruña
15174;Culleredo;Coruña
15175;Carral;Coruña
15176;Oleiros;Coruña
15177;Oleiros;Coruña
15178;Oleiros;Coruña
15179;Oleiros;Coruña
15180;Culleredo;Coruña
15181;Cambre;Coruña
15182;Carral;Coruña
15183;Carral;Coruña
15184;Carral;Coruña
15185;Cerceda;Coruña
15186;Cerceda;Coruña
15187;Cerceda;Coruña
15188;Cerceda;Coruña
15189;Culleredo;Coruña
15190;Coruña;Coruña
15191;Coruña;Coruña
15192;Coruña;Coruña
15198;Culleredo;Coruña
15199;Culleredo;Coruña
15200;Noia;Coruña
15210;Noia;Coruña
15211;Noia;Coruña
15212;Lousame;Coruña
15213;Noia;Coruña
15214;Lousame;Coruña
15215;Lousame;Coruña
15216;Lousame;Coruña
15218;Lousame;Coruña
15218;Noia;Coruña
15218;Porto do Son;Coruña
15220;Ames;Coruña
15228;Ames;Coruña
15229;Ames;Coruña
15230;Outes;Coruña
15236;Outes;Coruña
15237;Outes;Coruña
15239;Outes;Coruña
15240;Muros;Coruña
15250;Muros;Coruña
15256;Mazaricos;Coruña
15258;Mazaricos;Coruña
15259;Muros;Coruña
15270;Cee;Coruña
15280;Brión;Coruña
15281;Rois;Coruña
15282;Rois;Coruña
15284;Muros;Coruña
15286;Outes;Coruña
15287;Outes;Coruña
15288;Outes;Coruña
15290;Muros;Coruña
15291;Muros;Coruña
15292;Carnota;Coruña
15293;Carnota;Coruña
15295;Carnota;Coruña
15296;Carnota;Coruña
15297;Dumbría;Coruña
15298;Cee;Coruña
15299;Cee;Coruña
15300;Betanzos;Coruña
15310;Curtis;Coruña
15313;Irixoa;Coruña
15314;Paderne;Coruña
15315;Monfero;Coruña
15316;Coirós;Coruña
15317;Aranga;Coruña
15318;Abegondo;Coruña
15319;Bergondo;Coruña
15319;Betanzos;Coruña
15319;Paderne;Coruña
15320;Pontes de García Rodríguez;Coruña
15324;Pontes de García Rodríguez;Coruña
15325;Pontes de García Rodríguez;Coruña
15326;Pontes de García Rodríguez;Coruña
15327;Pontes de García Rodríguez;Coruña
15328;Pontes de García Rodríguez;Coruña
15329;Pontes de García Rodríguez;Coruña
15330;Ortigueira;Coruña
15332;Ortigueira;Coruña
15337;Mañón;Coruña
15338;Ortigueira;Coruña
15339;Mañón;Coruña
15339;Ortigueira;Coruña
15340;Ortigueira;Coruña
15347;Cedeira;Coruña
15349;Ortigueira;Coruña
15350;Cedeira;Coruña
15357;Cedeira;Coruña
15358;Cedeira;Coruña
15359;Cedeira;Coruña
15360;Cariño;Coruña
15365;Cariño;Coruña
15366;Cariño;Coruña
15367;Ortigueira;Coruña
15368;Ortigueira;Coruña
15369;Cariño;Coruña
15379;Curtis;Coruña
15380;Oza-Cesuras;Coruña
15386;Oza-Cesuras;Coruña
15387;Oza-Cesuras;Coruña
15388;Oza-Cesuras;Coruña
15389;Oza-Cesuras;Coruña
15390;Oza-Cesuras;Coruña
15391;Oza-Cesuras;Coruña
15401;Ferrol;Coruña
15402;Ferrol;Coruña
15403;Ferrol;Coruña
15404;Ferrol;Coruña
15405;Ferrol;Coruña
15406;Ferrol;Coruña
15407;Ferrol;Coruña
15500;Fene;Coruña
15509;Fene;Coruña
15510;Neda;Coruña
15520;Fene;Coruña
15528;Fene;Coruña
15530;Cerdido;Coruña
15540;Narón;Coruña
15541;Narón;Coruña
15542;Valdoviño;Coruña
15543;Valdoviño;Coruña
15550;Valdoviño;Coruña
15551;Valdoviño;Coruña
15552;Valdoviño;Coruña
15553;Valdoviño;Coruña
15554;Valdoviño;Coruña
15555;Cedeira;Coruña
15560;San Sadurniño;Coruña
15561;San Sadurniño;Coruña
15562;San Sadurniño;Coruña
15563;Moeche;Coruña
15564;Moeche;Coruña
15565;Somozas;Coruña
15566;Somozas;Coruña
15567;Somozas;Coruña
15568;Somozas;Coruña
15569;Cerdido;Coruña
15570;Narón;Coruña
15572;Narón;Coruña
15573;Narón;Coruña
15576;San Sadurniño;Coruña
15577;Neda;Coruña
15578;Narón;Coruña
15579;Neda;Coruña
15580;San Sadurniño;Coruña
15582;Boqueixón;Coruña
15582;Pontes de García Rodríguez;Coruña
15590;Ferrol;Coruña
15591;Ferrol;Coruña
15592;Ferrol;Coruña
15593;Ferrol;Coruña
15594;Ferrol;Coruña
15595;Ferrol;Coruña
15596;Narón;Coruña
15597;Narón;Coruña
15598;San Sadurniño;Coruña
15600;Pontedeume;Coruña
15607;Pontedeume;Coruña
15608;Miño;Coruña
15608;Pontedeume;Coruña
15609;Monfero;Coruña
15609;Pontedeume;Coruña
15611;Cabanas;Coruña
15612;Cabanas;Coruña
15613;Capela;Coruña
15614;Pontedeume;Coruña
15615;Vilarmaior;Coruña
15616;Vilarmaior;Coruña
15617;Monfero;Coruña
15619;Monfero;Coruña
15620;Mugardos;Coruña
15621;Cabanas;Coruña
15622;Cabanas;Coruña
15623;Ares;Coruña
15624;Ares;Coruña
15625;Ares;Coruña
15626;Mugardos;Coruña
15627;Fene;Coruña
15627;Mugardos;Coruña
15630;Miño;Coruña
15635;Miño;Coruña
15637;Vilarmaior;Coruña
15638;Vilarmaior;Coruña
15639;Miño;Coruña
15640;Bergondo;Coruña
15650;Cambre;Coruña
15656;Zas;Coruña
15659;Cambre;Coruña
15660;Cambre;Coruña
15668;Cambre;Coruña
15669;Cambre;Coruña
15670;Culleredo;Coruña
15679;Cambre;Coruña
15680;Ordes;Coruña
15683;Tordoia;Coruña
15684;Ordes;Coruña
15684;Oroso;Coruña
15684;Tordoia;Coruña
15685;Frades;Coruña
15685;Mesía;Coruña
15685;Ordes;Coruña
15686;Frades;Coruña
15686;Mesía;Coruña
15686;Trazo;Coruña
15687;Ordes;Coruña
15687;Trazo;Coruña
15688;Oroso;Coruña
15688;Santiago de Compostela;Coruña
15689;Mesía;Coruña
15689;Ordes;Coruña
15689;Tordoia;Coruña
15690;Arteixo;Coruña
15701;Santiago de Compostela;Coruña
15702;Santiago de Compostela;Coruña
15703;Santiago de Compostela;Coruña
15704;Santiago de Compostela;Coruña
15705;Santiago de Compostela;Coruña
15706;Santiago de Compostela;Coruña
15707;Santiago de Compostela;Coruña
15800;Melide;Coruña
15805;Melide;Coruña
15806;Toques;Coruña
15807;Vilasantar;Coruña
15808;Santiso;Coruña
15809;Melide;Coruña
15810;Arzúa;Coruña
15813;Sobrado;Coruña
15814;Sobrado;Coruña
15815;Sobrado;Coruña
15816;Boimorto;Coruña
15817;Boimorto;Coruña
15818;Boimorto;Coruña
15819;Arzúa;Coruña
15819;Melide;Coruña
15820;Santiago de Compostela;Coruña
15821;Pino;Coruña
15822;Touro;Coruña
15823;Pino;Coruña
15823;Touro;Coruña
15824;Pino;Coruña
15824;Touro;Coruña
15825;Pino;Coruña
15826;Arzúa;Coruña
15828;Touro;Coruña
15830;Negreira;Coruña
15837;Santa Comba;Coruña
15838;Negreira;Coruña
15839;Baña;Coruña
15839;Brión;Coruña
15839;Negreira;Coruña
15840;Santa Comba;Coruña
15841;Santa Comba;Coruña
15845;Santa Comba;Coruña
15846;Santa Comba;Coruña
15847;Santa Comba;Coruña
15848;Santa Comba;Coruña
15850;Zas;Coruña
15851;Zas;Coruña
15855;Zas;Coruña
15856;Zas;Coruña
15857;Zas;Coruña
15858;Zas;Coruña
15859;Zas;Coruña
15860;Santa Comba;Coruña
15861;Santa Comba;Coruña
15862;Baña;Coruña
15863;Baña;Coruña
15863;Negreira;Coruña
15864;Ames;Coruña
15865;Brión;Coruña
15866;Teo;Coruña
15870;Ames;Coruña
15871;Val do Dubra;Coruña
15872;Val do Dubra;Coruña
15873;Val do Dubra;Coruña
15874;Val do Dubra;Coruña
15880;Vedra;Coruña
15881;Boqueixón;Coruña
15881;Vedra;Coruña
15882;Boqueixón;Coruña
15883;Teo;Coruña
15884;Oroso;Coruña
15884;Santiago de Compostela;Coruña
15885;Vedra;Coruña
15886;Teo;Coruña
15887;Pino;Coruña
15888;Oroso;Coruña
15890;Santiago de Compostela;Coruña
15892;Santiago de Compostela;Coruña
15893;Santiago de Compostela;Coruña
15894;Teo;Coruña
15895;Ames;Coruña
15896;Santiago de Compostela;Coruña
15897;Santiago de Compostela;Coruña
15898;Santiago de Compostela;Coruña
15899;Santiago de Compostela;Coruña
15900;Padrón;Coruña
15910;Padrón;Coruña
15911;Rois;Coruña
15912;Rois;Coruña
15913;Rois;Coruña
15914;Padrón;Coruña
15915;Padrón;Coruña
15916;Dodro;Coruña
15917;Padrón;Coruña
15920;Rianxo;Coruña
15928;Rianxo;Coruña
15930;Boiro;Coruña
15937;Boiro;Coruña
15938;Boiro;Coruña
15939;Boiro;Coruña
15940;Pobra do Caramiñal;Coruña
15948;Pobra do Caramiñal;Coruña
15949;Pobra do Caramiñal;Coruña
15950;Ribeira;Coruña
15959;Ribeira;Coruña
15960;Ribeira;Coruña
15965;Ribeira;Coruña
15966;Ribeira;Coruña
15967;Ribeira;Coruña
15968;Ribeira;Coruña
15969;Ribeira;Coruña
15970;Porto do Son;Coruña
15978;Porto do Son;Coruña
15979;Porto do Son;Coruña
15980;Padrón;Coruña
15980;Rois;Coruña
15981;Dodro;Coruña
15982;Dodro;Coruña
15983;Rianxo;Coruña
15984;Rianxo;Coruña
15985;Rianxo;Coruña
15990;Boiro;Coruña
15991;Boiro;Coruña
15992;Boiro;Coruña
15993;Ribeira;Coruña
15994;Porto do Son;Coruña
15995;Porto do Son;Coruña
15996;Porto do Son;Coruña
15998;Porto do Son;Coruña
15999;Porto do Son;Coruña
16001;Cuenca;Cuenca
16002;Cuenca;Cuenca
16003;Cuenca;Cuenca
16004;Cuenca;Cuenca
16043;Campillos-Paravientos;Cuenca
16100;Valverde de Júcar;Cuenca
16111;Albaladejo del Cuende;Cuenca
16111;Villaverde y Pasaconsol;Cuenca
16113;Parra de las Vegas;Cuenca
16114;Buenache de Alarcón;Cuenca
16118;Barchín del Hoyo;Cuenca
16118;Hontecillas;Cuenca
16118;Olmedilla de Alarcón;Cuenca
16118;Piqueras del Castillo;Cuenca
16120;Valeras;Cuenca
16122;Fresneda de Altarejos;Cuenca
16122;Valdetórtola;Cuenca
16123;Arcas;Cuenca
16140;Villalba de la Sierra;Cuenca
16141;Arcos de la Sierra;Cuenca
16141;Castillejo-Sierra;Cuenca
16141;Fresneda de la Sierra;Cuenca
16141;Portilla;Cuenca
16142;Majadas;Cuenca
16143;Mariana;Cuenca
16143;Sotorribas;Cuenca
16144;Frontera;Cuenca
16144;Sotorribas;Cuenca
16145;Sotorribas;Cuenca
16146;Cuenca;Cuenca
16146;Zarzuela;Cuenca
16147;Mariana;Cuenca
16150;Tragacete;Cuenca
16150;Vega del Codorno;Cuenca
16152;Beamud;Cuenca
16152;Huélamo;Cuenca
16152;Uña;Cuenca
16152;Valdemeca;Cuenca
16160;Palomares del Campo;Cuenca
16161;Torrejoncillo del Rey;Cuenca
16162;Torrejoncillo del Rey;Cuenca
16190;Chillarón de Cuenca;Cuenca
16190;Fuentenava de Jábaga;Cuenca
16191;Chillarón de Cuenca;Cuenca
16191;Bascuñana de San Pedro;Cuenca
16191;Cuenca;Cuenca
16191;Villar de Domingo García;Cuenca
16191;Fuentenava de Jábaga;Cuenca
16192;Buenache de la Sierra;Cuenca
16192;Palomera;Cuenca
16193;Cuenca;Cuenca
16193;Fuentes;Cuenca
16194;Chillarón de Cuenca;Cuenca
16194;Cuenca;Cuenca
16194;Fuentenava de Jábaga;Cuenca
16195;Abia de la Obispalía;Cuenca
16195;Altarejos;Cuenca
16195;Huerta de la Obispalía;Cuenca
16195;Torrejoncillo del Rey;Cuenca
16195;Villar de Olalla;Cuenca
16196;Villar de Olalla;Cuenca
16200;Motilla del Palancar;Cuenca
16210;Campillo de Altobuey;Cuenca
16211;Picazo;Cuenca
16212;Pozorrubielos de la Mancha;Cuenca
16214;Alarcón;Cuenca
16214;Gabaldón;Cuenca
16214;Valhermoso de la Fuente;Cuenca
16214;Valverdejo;Cuenca
16215;Almodóvar del Pinar;Cuenca
16216;Chumillas;Cuenca
16216;Olmeda del Rey;Cuenca
16216;Solera de Gabaldón;Cuenca
16216;Valeras;Cuenca
16220;Quintanar del Rey;Cuenca
16230;Villanueva de la Jara;Cuenca
16235;Iniesta;Cuenca
16236;Iniesta;Cuenca
16236;Villagarcía del Llano;Cuenca
16236;Villanueva de la Jara;Cuenca
16237;Ledaña;Cuenca
16238;Villagarcía del Llano;Cuenca
16238;Villanueva de la Jara;Cuenca
16239;Casasimarro;Cuenca
16240;Peral;Cuenca
16250;Castillejo de Iniesta;Cuenca
16251;Graja de Iniesta;Cuenca
16260;Minglanilla;Cuenca
16269;Pesquera;Cuenca
16269;Puebla del Salvador;Cuenca
16270;Villalpardo;Cuenca
16280;Villarta;Cuenca
16290;Herrumblar;Cuenca
16290;Iniesta;Cuenca
16300;Cañete;Cuenca
16311;Boniches;Cuenca
16311;Campillos-Paravientos;Cuenca
16311;Fuentelespino de Moya;Cuenca
16311;Huérguina;Cuenca
16312;Garaballa;Cuenca
16312;Henarejos;Cuenca
16313;Aliaguilla;Cuenca
16315;Alcalá de la Vega;Cuenca
16315;Boniches;Cuenca
16316;Campillos-Sierra;Cuenca
16316;Huerta del Marquesado;Cuenca
16316;Laguna del Marquesado;Cuenca
16316;Valdemoro-Sierra;Cuenca
16317;Salinas del Manzano;Cuenca
16317;Tejadillos;Cuenca
16317;Zafrilla;Cuenca
16318;Salvacañete;Cuenca
16320;Talayuelas;Cuenca
16321;Talayuelas;Cuenca
16330;Landete;Cuenca
16336;Santa Cruz de Moya;Cuenca
16337;Moya;Cuenca
16338;Algarra;Cuenca
16338;Casas de Garcimolina;Cuenca
16338;Moya;Cuenca
16339;Graja de Campalbo;Cuenca
16339;Landete;Cuenca
16339;Santa Cruz de Moya;Cuenca
16340;Cañada del Hoyo;Cuenca
16340;Cierva;Cuenca
16340;Valdemorillo de la Sierra;Cuenca
16350;Carboneras de Guadazaón;Cuenca
16360;Arguisuelas;Cuenca
16360;Monteagudo de las Salinas;Cuenca
16370;San Martín de Boniches;Cuenca
16370;Villar del Humo;Cuenca
16371;Narboneta;Cuenca
16371;Víllora;Cuenca
16372;Enguídanos;Cuenca
16372;Paracuellos;Cuenca
16373;Cardenete;Cuenca
16373;Paracuellos;Cuenca
16373;Yémeda;Cuenca
16390;Pajarón;Cuenca
16390;Pajaroncillo;Cuenca
16390;Reíllo;Cuenca
16393;Mira;Cuenca
16400;Tarancón;Cuenca
16410;Horcajo de Santiago;Cuenca
16411;Fuente de Pedro Naharro;Cuenca
16412;Acebrón;Cuenca
16413;Torrubia del Campo;Cuenca
16414;Pozorrubio de Santiago;Cuenca
16415;Villamayor de Santiago;Cuenca
16417;Hinojosos;Cuenca
16420;Almendros;Cuenca
16420;Villarrubio;Cuenca
16421;Hontanaya;Cuenca
16421;Puebla de Almenara;Cuenca
16422;Tresjuncos;Cuenca
16423;Osa de la Vega;Cuenca
16430;Saelices;Cuenca
16431;Almonacid del Marquesado;Cuenca
16432;Rozalén del Monte;Cuenca
16432;Villarejo de Fuentes;Cuenca
16433;Alconchel de la Estrella;Cuenca
16433;Villar de Cañas;Cuenca
16434;Montalbanejo;Cuenca
16435;Hinojosa;Cuenca
16440;Montalbo;Cuenca
16441;Hito;Cuenca
16442;Villares del Saz;Cuenca
16444;Cervera del Llano;Cuenca
16452;Rozalén del Monte;Cuenca
16452;Tribaldos;Cuenca
16452;Uclés;Cuenca
16460;Barajas de Melo;Cuenca
16461;Leganiel;Cuenca
16463;Saceda-Trasierra;Cuenca
16464;Alcázar del Rey;Cuenca
16465;Huelves;Cuenca
16465;Paredes;Cuenca
16470;Barajas de Melo;Cuenca
16470;Belinchón;Cuenca
16470;Zarza de Tajo;Cuenca
16500;Huete;Cuenca
16510;Valle de Altomira;Cuenca
16510;Vellisca;Cuenca
16512;Buendía;Cuenca
16512;Valle de Altomira;Cuenca
16520;Huete;Cuenca
16521;Huete;Cuenca
16522;Portalrubio de Guadamejud;Cuenca
16522;Tinajas;Cuenca
16532;Gascueña;Cuenca
16532;Huete;Cuenca
16532;Peraleja;Cuenca
16532;Villanueva de Guadamejud;Cuenca
16535;Villalba del Rey;Cuenca
16537;Alcohujate;Cuenca
16537;Cañaveruelas;Cuenca
16540;Huete;Cuenca
16541;Huete;Cuenca
16541;Pineda de Gigüela;Cuenca
16541;Villarejo de la Peñuela;Cuenca
16541;Valdecolmenas;Cuenca
16542;Villar y Velasco;Cuenca
16550;Huete;Cuenca
16550;Campos del Paraíso;Cuenca
16555;Campos del Paraíso;Cuenca
16600;San Clemente;Cuenca
16610;Casas de Fernando Alonso;Cuenca
16611;Casas de Haro;Cuenca
16612;Casas de los Pinos;Cuenca
16620;Alberca de Záncara;Cuenca
16621;Santa María del Campo Rus;Cuenca
16622;Pinarejo;Cuenca
16623;Castillo de Garcimuñoz;Cuenca
16630;Mota del Cuervo;Cuenca
16638;Pedernoso;Cuenca
16639;Santa María de los Llanos;Cuenca
16640;Belmonte;Cuenca
16646;Villalgordo del Marquesado;Cuenca
16647;Fuentelespino de Haro;Cuenca
16647;Villaescusa de Haro;Cuenca
16648;Villar de la Encina;Cuenca
16649;Carrascosa de Haro;Cuenca
16649;Monreal del Llano;Cuenca
16649;Rada de Haro;Cuenca
16650;Mesas;Cuenca
16660;Pedroñeras;Cuenca
16670;Provencio;Cuenca
16700;Sisante;Cuenca
16707;Casas de Benítez;Cuenca
16708;Casas de Guijarro;Cuenca
16708;Pozoamargo;Cuenca
16709;Vara de Rey;Cuenca
16710;Atalaya del Cañavate;Cuenca
16710;Tébar;Cuenca
16720;Cañada Juncosa;Cuenca
16730;Honrubia;Cuenca
16738;Cañavate;Cuenca
16739;Torrubia del Castillo;Cuenca
16740;Almarcha;Cuenca
16740;Belinchón;Cuenca
16760;Olivares de Júcar;Cuenca
16770;San Lorenzo de la Parrilla;Cuenca
16771;Villarejo-Periesteban;Cuenca
16771;Zafra de Záncara;Cuenca
16779;Belmontejo;Cuenca
16780;Altarejos;Cuenca
16780;Mota de Altarejos;Cuenca
16781;Fresneda de Altarejos;Cuenca
16800;Priego;Cuenca
16812;Albendea;Cuenca
16812;Alcantud;Cuenca
16812;Arandilla del Arroyo;Cuenca
16812;Pozuelo;Cuenca
16812;Vindel;Cuenca
16813;Salmeroncillos;Cuenca
16813;San Pedro Palmiches;Cuenca
16813;Valdeolivas;Cuenca
16813;Villar del Infantado;Cuenca
16830;Campos del Paraíso;Cuenca
16840;Villar de Domingo García;Cuenca
16841;Albalate de las Nogueras;Cuenca
16842;Torralba;Cuenca
16843;Villas de la Ventosa;Cuenca
16850;Cañaveras;Cuenca
16851;Buciegas;Cuenca
16852;Olmeda de la Cuesta;Cuenca
16853;Olmedilla de Eliz;Cuenca
16854;Castillo-Albaráñez;Cuenca
16855;Arrancacepas;Cuenca
16856;Castejón;Cuenca
16857;Canalejas del Arroyo;Cuenca
16860;Villaconejos de Trabaque;Cuenca
16870;Beteta;Cuenca
16878;Lagunaseca;Cuenca
16878;Masegosa;Cuenca
16878;Poyatos;Cuenca
16878;Santa María del Val;Cuenca
16879;Beteta;Cuenca
16879;Carrascosa;Cuenca
16879;Cueva del Hierro;Cuenca
16879;Valsalobre;Cuenca
16890;Cañamares;Cuenca
16890;Cañizares;Cuenca
16890;Fuertescusa;Cuenca
16891;Cañizares;Cuenca
16891;Carrascosa;Cuenca
16892;Cañizares;Cuenca
16893;Beteta;Cuenca
17001;Girona;Girona
17002;Girona;Girona
17003;Girona;Girona
17004;Girona;Girona
17005;Girona;Girona
17006;Girona;Girona
17007;Girona;Girona
17100;Bisbal d'Empordá;Girona
17110;Forallac;Girona
17111;Forallac;Girona
17113;Forallac;Girona
17114;Ullastret;Girona
17116;Cruilles;Girona
17117;Cruilles;Girona
17118;Cruilles;Girona
17120;Pera;Girona
17121;Corsá;Girona
17121;Cruilles;Girona
17123;Torrent;Girona
17124;Palafrugell;Girona
17130;Escala;Girona
17130;Torroella de Montgrí;Girona
17131;Rupiá;Girona
17132;Foixá;Girona
17133;Foixá;Girona
17133;Parlavá;Girona
17133;Serra de Daró;Girona
17133;Ultramort;Girona
17134;Tallada d'Empordá;Girona
17136;Albons;Girona
17137;Viladamat;Girona
17140;Ullá;Girona
17141;Bellcaire d'Empordá;Girona
17141;Torroella de Montgrí;Girona
17142;Verges;Girona
17143;Jafre;Girona
17144;Colomers;Girona
17144;Vilopriu;Girona
17150;Sant Gregori;Girona
17151;Sant Gregori;Girona
17152;Sant Martí de Llémena;Girona
17153;Sant Martí de Llémena;Girona
17154;Sant Aniol de Finestres;Girona
17160;Anglés;Girona
17161;Osor;Girona
17162;Bescanó;Girona
17164;Sant Gregori;Girona
17164;Sant Martí de Llémena;Girona
17164;Sant Juliá del Llor i Bonmatí;Girona
17165;Cellera de Ter;Girona
17166;Cellera de Ter;Girona
17166;Susqueda;Girona
17170;Amer;Girona
17171;Sant Aniol de Finestres;Girona
17171;Susqueda;Girona
17172;Planes d'Hostoles;Girona
17173;Planes d'Hostoles;Girona
17174;Sant Feliu de Pallerols;Girona
17176;Vall d'en Bas;Girona
17177;Vall d'en Bas;Girona
17178;Preses;Girona
17178;Vall d'en Bas;Girona
17179;Riudaura;Girona
17179;Vall d'en Bas;Girona
17180;Vilablareix;Girona
17181;Aiguaviva;Girona
17182;Bescanó;Girona
17183;Vilobí d'Onyar;Girona
17184;Vilobí d'Onyar;Girona
17185;Vilobí d'Onyar;Girona
17190;Salt;Girona
17199;Canet d'Adri;Girona
17199;Sant Gregori;Girona
17200;Palafrugell;Girona
17210;Palafrugell;Girona
17211;Palafrugell;Girona
17212;Palafrugell;Girona
17213;Begur;Girona
17214;Regencós;Girona
17220;Sant Feliu de Guíxols;Girona
17227;Vilamaniscle;Girona
17230;Palamós;Girona
17240;Llagostera;Girona
17240;Santa Cristina d'Aro;Girona
17241;Quart;Girona
17242;Quart;Girona
17243;Llambilles;Girona
17244;Cassá de la Selva;Girona
17244;Cruilles;Girona
17245;Santa Cristina d'Aro;Girona
17246;Santa Cristina d'Aro;Girona
17248;Castell-Platja d'Aro;Girona
17248;Sant Feliu de Guíxols;Girona
17249;Castell-Platja d'Aro;Girona
17250;Castell-Platja d'Aro;Girona
17251;Calonge;Girona
17252;Calonge;Girona
17253;Mont-ras;Girona
17253;Vall-llobrega;Girona
17255;Begur;Girona
17256;Palau-sator;Girona
17256;Pals;Girona
17257;Fontanilles;Girona
17257;Gualta;Girona
17257;Torroella de Montgrí;Girona
17258;Torroella de Montgrí;Girona
17300;Blanes;Girona
17310;Lloret de Mar;Girona
17320;Palamós;Girona
17320;Tossa de Mar;Girona
17400;Breda;Girona
17401;Arbúcies;Girona
17402;Arbúcies;Girona
17403;Sant Hilari Sacalm;Girona
17404;Riells i Viabrea;Girona
17405;Espinelves;Girona
17406;Viladrau;Girona
17410;Sils;Girona
17411;Vidreres;Girona
17412;Masanet de la Selva;Girona
17420;Sils;Girona
17421;Riudarenes;Girona
17430;Lloret de Mar;Girona
17430;Santa Coloma de Farners;Girona
17441;Brunyola;Girona
17450;Hostalric;Girona
17451;Sant Feliu de Buixalleu;Girona
17452;Massanes;Girona
17454;Sant Andreu Salou;Girona
17455;Caldes de Malavella;Girona
17456;Caldes de Malavella;Girona
17457;Riudellots de la Selva;Girona
17458;Fornells de la Selva;Girona
17459;Campllong;Girona
17460;Celrá;Girona
17461;Girona;Girona
17462;Bordils;Girona
17462;Juiá;Girona
17462;Madremanya;Girona
17462;Sant Martí Vell;Girona
17463;Flasá;Girona
17463;Foixá;Girona
17463;Sant Joan de Mollet;Girona
17464;Cerviá de Ter;Girona
17464;Sant Jordi Desvalls;Girona
17464;Viladasens;Girona
17465;Saus;Girona
17466;Garrigoles;Girona
17466;Vilopriu;Girona
17467;Sant Mori;Girona
17467;Saus;Girona
17468;Báscara;Girona
17468;Vilademuls;Girona
17469;Far d'Empordá;Girona
17469;Siurana;Girona
17469;Fortiá;Girona
17469;Riumors;Girona
17469;Vilamalla;Girona
17470;Sant Pere Pescador;Girona
17472;Armentera;Girona
17473;Ventalló;Girona
17474;Torroella de Fluviá;Girona
17474;Vilamacolum;Girona
17475;Sant Miquel de Fluviá;Girona
17475;Ventalló;Girona
17476;Garrigás;Girona
17476;Palau de Santa Eulália;Girona
17480;Roses;Girona
17481;Sant Juliá de Ramis;Girona
17482;Sant Juliá de Ramis;Girona
17483;Báscara;Girona
17483;Vilaür;Girona
17484;Figueres;Girona
17485;Vila-sacra;Girona
17486;Castelló d'Empúries;Girona
17486;Figueres;Girona
17487;Castelló d'Empúries;Girona
17488;Cadaqués;Girona
17489;Port de la Selva;Girona
17489;Selva de Mar;Girona
17490;Llansá;Girona
17491;Peralada;Girona
17492;Peralada;Girona
17493;Pedret i Marzá;Girona
17493;Vilajuiga;Girona
17494;Pau;Girona
17495;Palau-saverdera;Girona
17496;Colera;Girona
17497;Portbou;Girona
17500;Ripoll;Girona
17512;Llosses;Girona
17513;Llosses;Girona
17515;Vidrá;Girona
17520;Puigcerdá;Girona
17527;Llívia;Girona
17528;Guils de Cerdanya;Girona
17529;Puigcerdá;Girona
17530;Campdevánol;Girona
17531;Campdevánol;Girona
17531;Gombrén;Girona
17532;Llosses;Girona
17534;Campelles;Girona
17534;Queralbs;Girona
17534;Pardines;Girona
17534;Ribes de Freser;Girona
17535;Planoles;Girona
17536;Toses;Girona
17537;Alp;Girona
17538;Alp;Girona
17538;Das;Girona
17538;Fontanals de Cerdanya;Girona
17538;Urús;Girona
17539;Bolvir;Girona
17539;Ger;Girona
17539;Isóvol;Girona
17539;Meranges;Girona
17600;Figueres;Girona
17700;Borrassá;Girona
17700;Jonquera;Girona
17706;Pont de Molins;Girona
17707;Agullana;Girona
17707;Vajol;Girona
17708;Cantallops;Girona
17709;Jonquera;Girona
17720;Masanet de Cabrenys;Girona
17721;Masanet de Cabrenys;Girona
17722;Darnius;Girona
17723;Boadella i les Escaules;Girona
17723;Biure;Girona
17730;Llers;Girona
17731;Terrades;Girona
17732;Sant Llorens de la Muga;Girona
17733;Albanyá;Girona
17734;Albanyá;Girona
17740;Vilafant;Girona
17741;Cistella;Girona
17741;Vilanant;Girona
17742;Avinyonet de Puigventós;Girona
17743;Vilanant;Girona
17744;Navata;Girona
17745;Lladó;Girona
17746;Cabanelles;Girona
17747;Cabanelles;Girona
17750;Capmany;Girona
17751;Sant Climent Sescebes;Girona
17752;Mollet de Peralada;Girona
17753;Espolla;Girona
17754;Rabós;Girona
17755;Rabós;Girona
17760;Vilabertran;Girona
17761;Cabanes;Girona
17762;Masarac;Girona
17763;Masarac;Girona
17770;Borrassá;Girona
17771;Santa Llogaia d'Álguema;Girona
17772;Ordis;Girona
17773;Pontós;Girona
17780;Garriguella;Girona
17781;Vilamaniscle;Girona
17800;Olot;Girona
17810;Olot;Girona
17811;Santa Pau;Girona
17812;Olot;Girona
17813;Vall de Bianya;Girona
17820;Banyoles;Girona
17830;Mieres;Girona
17830;Sant Ferriol;Girona
17831;Sant Miquel de Campmajor;Girona
17832;Crespiá;Girona
17832;Esponellá;Girona
17833;Fontcoberta;Girona
17833;Vilademuls;Girona
17834;Camós;Girona
17834;Porqueres;Girona
17840;Sarriá de Ter;Girona
17843;Palol de Revardit;Girona
17844;Cornellá del Terri;Girona
17846;Porqueres;Girona
17850;Besalú;Girona
17850;Beuda;Girona
17850;Sant Ferriol;Girona
17851;Beuda;Girona
17851;Maiá de Montcal;Girona
17852;Serinyá;Girona
17853;Argelaguer;Girona
17853;Sales de Llierca;Girona
17853;Tortellá;Girona
17854;Camós;Girona
17854;Sant Jaume de Llierca;Girona
17855;Montagut i Oix;Girona
17856;Castellfollit de la Roca;Girona
17856;Montagut i Oix;Girona
17857;Sant Joan les Fonts;Girona
17858;Vall de Bianya;Girona
17860;Sant Joan de les Abadesses;Girona
17861;Ogassa;Girona
17862;Vallfogona de Ripollés;Girona
17864;Sant Pau de Segúries;Girona
17865;Sant Pau de Segúries;Girona
17867;Camprodon;Girona
17868;Molló;Girona
17869;Llanars;Girona
17869;Setcases;Girona
17869;Vilallonga de Ter;Girona
18000;Motril;Girona
18001;Granada;Granada
18002;Granada;Granada
18003;Granada;Granada
18004;Granada;Granada
18005;Granada;Granada
18006;Granada;Granada
18007;Granada;Granada
18008;Granada;Granada
18009;Granada;Granada
18010;Granada;Granada
18011;Granada;Granada
18012;Granada;Granada
18013;Granada;Granada
18014;Granada;Granada
18015;Granada;Granada
18016;Granada;Granada
18100;Armilla;Granada
18101;Vegas del Genil;Granada
18102;Vegas del Genil;Granada
18110;Gabias;Granada
18120;Alhama de Granada;Granada
18125;Alhama de Granada;Granada
18126;Arenas del Rey;Granada
18127;Játar;Granada
18127;Jayena;Granada
18128;Zafarraya;Granada
18129;Arenas del Rey;Granada
18129;Cacín;Granada
18129;Santa Cruz del Comercio;Granada
18130;Escúzar;Granada
18130;Malahá;Granada
18130;Villa de Otura;Granada
18131;Ventas de Huelma;Granada
18132;Agrón;Granada
18140;Motril;Granada
18140;Zubia;Granada
18150;Gójar;Granada
18150;Padul;Granada
18151;Ogíjares;Granada
18152;Dílar;Granada
18160;Güéjar Sierra;Granada
18165;Guájares;Granada
18170;Alfacar;Granada
18179;Alfacar;Granada
18179;Víznar;Granada
18180;Diezma;Granada
18181;Darro;Granada
18181;Peza;Granada
18182;Granada;Granada
18183;Huétor de Santillán;Granada
18184;Beas de Granada;Granada
18185;Huétor de Santillán;Granada
18190;Cenes de la Vega;Granada
18191;Güéjar Sierra;Granada
18191;Pinos Genil;Granada
18192;Dúdar;Granada
18192;Quéntar;Granada
18193;Monachil;Granada
18194;Churriana de la Vega;Granada
18195;Cúllar Vega;Granada
18196;Monachil;Granada
18197;Pulianas;Granada
18198;Huétor Vega;Granada
18199;Cájar;Granada
18200;Maracena;Granada
18210;Peligros;Granada
18211;Cogollos de la Vega;Granada
18212;Güevéjar;Granada
18213;Jun;Granada
18214;Nívar;Granada
18220;Albolote;Granada
18230;Atarfe;Granada
18230;Montefrío;Granada
18240;Pinos Puente;Granada
18247;Moclín;Granada
18248;Moclín;Granada
18249;Moclín;Granada
18250;Pinos Puente;Granada
18250;Valderrubio;Granada
18260;Íllora;Granada
18270;Montefrío;Granada
18280;Algarinejo;Granada
18290;Albolote;Granada
18290;Atarfe;Granada
18290;Calicasas;Granada
18291;Pinos Puente;Granada
18292;Atarfe;Granada
18293;Íllora;Granada
18294;Íllora;Granada
18295;Algarinejo;Granada
18300;Loja;Granada
18310;Salar;Granada
18311;Loja;Granada
18311;Zagra;Granada
18312;Iznájar;Granada
18312;Loja;Granada
18313;Loja;Granada
18314;Loja;Granada
18320;Santa Fe;Granada
18327;Láchar;Granada
18328;Láchar;Granada
18328;Pinos Puente;Granada
18329;Chimeneas;Granada
18329;Santa Fe;Granada
18330;Atarfe;Granada
18330;Chauchina;Granada
18330;Santa Fe;Granada
18339;Cijuela;Granada
18339;Chauchina;Granada
18340;Fuente Vaqueros;Granada
18349;Cástaras;Granada
18350;Íllora;Granada
18360;Huétor Tájar;Granada
18360;Loja;Granada
18369;Villanueva Mesía;Granada
18370;Moraleda de Zafayona;Granada
18380;Íllora;Granada
18381;Íllora;Granada
18400;Órgiva;Granada
18410;Carataunas;Granada
18410;Órgiva;Granada
18410;Soportújar;Granada
18411;Pampaneira;Granada
18412;Bubión;Granada
18413;Capileira;Granada
18414;Taha;Granada
18415;Pórtugos;Granada
18416;Busquístar;Granada
18416;Taha;Granada
18417;Trevélez;Granada
18418;Cáñar;Granada
18418;Motril;Granada
18418;Órgiva;Granada
18420;Lanjarón;Granada
18420;Alpujarra de la Sierra;Granada
18430;Torvizcón;Granada
18438;Almegíjar;Granada
18439;Cástaras;Granada
18440;Cádiar;Granada
18448;Cádiar;Granada
18449;Lobras;Granada
18450;Alpujarra de la Sierra;Granada
18451;Bérchules;Granada
18452;Juviles;Granada
18460;Alpujarra de la Sierra;Granada
18470;Válor;Granada
18480;Ugíjar;Granada
18490;Murtas;Granada
18491;Turón;Granada
18492;Murtas;Granada
18492;Ugíjar;Granada
18494;Ugíjar;Granada
18494;Nevada;Granada
18500;Guadix;Granada
18501;Montejícar;Granada
18510;Benalúa;Granada
18511;Valle del Zalabí;Granada
18512;Dólar;Granada
18512;Huéneja;Granada
18512;Calahorra;Granada
18513;Ferreira;Granada
18514;Aldeire;Granada
18515;Fonelas;Granada
18515;Guadix;Granada
18515;Purullena;Granada
18516;Beas de Guadix;Granada
18516;Lugros;Granada
18516;Marchal;Granada
18516;Polícar;Granada
18517;Cortes y Graena;Granada
18517;Peza;Granada
18517;Quéntar;Granada
18518;Albuñán;Granada
18518;Alquife;Granada
18518;Cogollos de Guadix;Granada
18518;Jerez del Marquesado;Granada
18518;Lanteira;Granada
18519;Guadix;Granada
18519;Purullena;Granada
18520;Alamedilla;Granada
18530;Pedro Martínez;Granada
18538;Alicún de Ortega;Granada
18538;Dehesas de Guadix;Granada
18539;Villanueva de las Torres;Granada
18540;Gobernador;Granada
18540;Huélago;Granada
18540;Alpujarra de la Sierra;Granada
18540;Morelábor;Granada
18550;Iznalloz;Granada
18550;Domingo Pérez de Granada;Granada
18560;Guadahortuna;Granada
18561;Montejícar;Granada
18562;Píñar;Granada
18563;Gobernador;Granada
18563;Torre-Cardela;Granada
18564;Colomera;Granada
18565;Campotéjar;Granada
18566;Benalúa de las Villas;Granada
18567;Dehesas Viejas;Granada
18567;Iznalloz;Granada
18567;Domingo Pérez de Granada;Granada
18568;Píñar;Granada
18569;Moclín;Granada
18569;Montillana;Granada
18570;Deifontes;Granada
18600;Ítrabo;Granada
18600;Motril;Granada
18610;Salobreña;Granada
18611;Molvízar;Granada
18612;Ítrabo;Granada
18613;Motril;Granada
18614;Gualchos;Granada
18614;Lújar;Granada
18614;Motril;Granada
18615;Vélez de Benaudalla;Granada
18615;Guájares;Granada
18616;Vélez de Benaudalla;Granada
18620;Alhendín;Granada
18630;Villa de Otura;Granada
18640;Padul;Granada
18650;Dúrcal;Granada
18650;Villa de Otura;Granada
18656;Lecrín;Granada
18657;Nigüelas;Granada
18658;Valle;Granada
18658;Pinar;Granada
18659;Albuñuelas;Granada
18659;Villamena;Granada
18660;Pinar;Granada
18670;Vélez de Benaudalla;Granada
18680;Dúrcal;Granada
18680;Salobreña;Granada
18690;Almuñécar;Granada
18697;Almuñécar;Granada
18698;Otívar;Granada
18699;Jete;Granada
18699;Lentegí;Granada
18700;Albuñol;Granada
18708;Albondón;Granada
18710;Órgiva;Granada
18710;Polopos;Granada
18710;Sorvilán;Granada
18711;Rubite;Granada
18712;Polopos;Granada
18713;Sorvilán;Granada
18720;Motril;Granada
18730;Motril;Granada
18740;Gualchos;Granada
18750;Polopos;Granada
18750;Sorvilán;Granada
18760;Albuñol;Granada
18770;Albuñol;Granada
18800;Baza;Granada
18800;Motril;Granada
18810;Caniles;Granada
18811;Zújar;Granada
18812;Freila;Granada
18813;Cuevas del Campo;Granada
18814;Cortes de Baza;Granada
18815;Cortes de Baza;Granada
18816;Castril;Granada
18817;Benamaurel;Granada
18818;Castilléjar;Granada
18819;Caniles;Granada
18820;Puebla de Don Fadrique;Granada
18830;Huéscar;Granada
18830;Íllora;Granada
18840;Cádiar;Granada
18840;Galera;Granada
18840;Ugíjar;Granada
18849;Galera;Granada
18850;Cúllar;Granada
18850;Huéscar;Granada
18857;Cúllar;Granada
18858;Orce;Granada
18859;Cúllar;Granada
18860;Baza;Granada
18860;Guadix;Granada
18870;Gor;Granada
18880;Guadix;Granada
18890;Gorafe;Granada
18891;Cúllar;Granada
19001;Guadalajara;Guadalajara
19002;Guadalajara;Guadalajara
19003;Guadalajara;Guadalajara
19004;Guadalajara;Guadalajara
19005;Guadalajara;Guadalajara
19080;Guadalajara;Guadalajara
19080;Yebes;Guadalajara
19100;Pastrana;Guadalajara
19110;Mondéjar;Guadalajara
19111;Yebra;Guadalajara
19112;Albares;Guadalajara
19112;Pozo de Almoguera;Guadalajara
19113;Fuentenovilla;Guadalajara
19114;Mazuecos;Guadalajara
19115;Almoguera;Guadalajara
19116;Driebes;Guadalajara
19117;Albalate de Zorita;Guadalajara
19118;Almonacid de Zorita;Guadalajara
19119;Albalate de Zorita;Guadalajara
19119;Almonacid de Zorita;Guadalajara
19119;Escariche;Guadalajara
19119;Escopete;Guadalajara
19119;Hontoba;Guadalajara
19119;Hueva;Guadalajara
19119;Illana;Guadalajara
19119;Sayatón;Guadalajara
19119;Zorita de los Canes;Guadalajara
19120;Sacedón;Guadalajara
19125;Alcocer;Guadalajara
19126;Salmerón;Guadalajara
19127;Alarilla;Guadalajara
19127;Castilforte;Guadalajara
19127;Escamilla;Guadalajara
19127;Millana;Guadalajara
19127;Sacedón;Guadalajara
19128;Chillarón del Rey;Guadalajara
19128;Mantiel;Guadalajara
19128;Pareja;Guadalajara
19128;Sacedón;Guadalajara
19129;Alique;Guadalajara
19129;Pareja;Guadalajara
19130;Auñón;Guadalajara
19131;Auñón;Guadalajara
19132;Alhóndiga;Guadalajara
19132;Valdeconcha;Guadalajara
19133;Alocén;Guadalajara
19133;Berninches;Guadalajara
19133;Budia;Guadalajara
19133;Durón;Guadalajara
19133;Olivar;Guadalajara
19134;Peñalver;Guadalajara
19134;Tendilla;Guadalajara
19135;Armuña de Tajuña;Guadalajara
19135;Arroyo de las Fraguas;Guadalajara
19139;Yebes;Guadalajara
19140;Horche;Guadalajara
19141;Aranzueque;Guadalajara
19141;Loranca de Tajuña;Guadalajara
19141;Valdarachas;Guadalajara
19141;Yebes;Guadalajara
19142;Lupiana;Guadalajara
19142;Valdeavellano;Guadalajara
19143;Durón;Guadalajara
19143;Irueste;Guadalajara
19143;Romanones;Guadalajara
19143;San Andrés del Rey;Guadalajara
19143;Yélamos de Abajo;Guadalajara
19143;Yélamos de Arriba;Guadalajara
19144;Fuentelencina;Guadalajara
19144;Fuentelviejo;Guadalajara
19144;Moratilla de los Meleros;Guadalajara
19145;Renera;Guadalajara
19150;Guadalajara;Guadalajara
19151;Centenera;Guadalajara
19152;Aldeanueva de Guadalajara;Guadalajara
19153;Atanzón;Guadalajara
19160;Chiloeches;Guadalajara
19161;Pozo de Guadalajara;Guadalajara
19162;Pioz;Guadalajara
19170;Casar;Guadalajara
19171;Cabanillas del Campo;Guadalajara
19174;Galápagos;Guadalajara
19174;Torrejón del Rey;Guadalajara
19174;Valdeaveruelo;Guadalajara
19180;Marchamalo;Guadalajara
19181;Guadalajara;Guadalajara
19182;Fuentelahiguera de Albatages;Guadalajara
19184;Casa de Uceda;Guadalajara
19184;Tortuero;Guadalajara
19184;Valdepeñas de la Sierra;Guadalajara
19184;Villaseca de Uceda;Guadalajara
19184;Viñuelas;Guadalajara
19185;Casar;Guadalajara
19185;Valdeaveruelo;Guadalajara
19185;Valdenuño Fernández;Guadalajara
19186;Cubillo de Uceda;Guadalajara
19187;Uceda;Guadalajara
19188;Uceda;Guadalajara
19190;Torija;Guadalajara
19191;Pozo de Guadalajara;Guadalajara
19191;Torija;Guadalajara
19192;Gajanejos;Guadalajara
19192;Pioz;Guadalajara
19192;Trijueque;Guadalajara
19193;Guadalajara;Guadalajara
19194;Guadalajara;Guadalajara
19196;Argecilla;Guadalajara
19196;Ledanca;Guadalajara
19196;Muduex;Guadalajara
19196;Utande;Guadalajara
19196;Valdearenas;Guadalajara
19197;Cañizar;Guadalajara
19197;Ciruelas;Guadalajara
19197;Guadalajara;Guadalajara
19197;Heras de Ayuso;Guadalajara
19197;Torija;Guadalajara
19197;Torre del Burgo;Guadalajara
19198;Tórtola de Henares;Guadalajara
19200;Azuqueca de Henares;Guadalajara
19208;Alovera;Guadalajara
19209;Quer;Guadalajara
19209;Villanueva de la Torre;Guadalajara
19210;Yunquera de Henares;Guadalajara
19219;Málaga del Fresno;Guadalajara
19219;Malaguilla;Guadalajara
19219;Villanueva de la Torre;Guadalajara
19220;Humanes;Guadalajara
19222;Tamajón;Guadalajara
19223;Campillo de Ranas;Guadalajara
19223;Majaelrayo;Guadalajara
19224;Campillo de Ranas;Guadalajara
19224;Tamajón;Guadalajara
19224;Valverde de los Arroyos;Guadalajara
19225;Mierla;Guadalajara
19225;Puebla de Valles;Guadalajara
19225;Retiendas;Guadalajara
19225;Valdesotos;Guadalajara
19226;Humanes;Guadalajara
19226;Mohernando;Guadalajara
19226;Tamajón;Guadalajara
19227;Alarilla;Guadalajara
19227;Matarrubia;Guadalajara
19227;Robledillo de Mohernando;Guadalajara
19227;Taragudo;Guadalajara
19229;Cogolludo;Guadalajara
19229;Humanes;Guadalajara
19229;Montarrón;Guadalajara
19229;Puebla de Beleña;Guadalajara
19230;Cogolludo;Guadalajara
19237;Arbancón;Guadalajara
19237;Cogolludo;Guadalajara
19237;Fuencemillán;Guadalajara
19237;San Andrés del Congosto;Guadalajara
19237;Zarzuela de Jadraque;Guadalajara
19238;Huerce;Guadalajara
19238;Ordial;Guadalajara
19239;Cogolludo;Guadalajara
19239;Monasterio;Guadalajara
19240;Jadraque;Guadalajara
19242;Hiendelaencina;Guadalajara
19243;Bustares;Guadalajara
19243;Congostrina;Guadalajara
19243;Gascueña de Bornova;Guadalajara
19243;Prádena de Atienza;Guadalajara
19243;Robledo de Corpes;Guadalajara
19243;Toba;Guadalajara
19243;Villares de Jadraque;Guadalajara
19244;Condemios de Arriba;Guadalajara
19244;Navas de Jadraque;Guadalajara
19244;Ordial;Guadalajara
19245;Angón;Guadalajara
19245;Cendejas de Enmedio;Guadalajara
19245;Cendejas de la Torre;Guadalajara
19245;Jirueque;Guadalajara
19245;Negredo;Guadalajara
19245;Pálmaces de Jadraque;Guadalajara
19245;Rebollosa de Jadraque;Guadalajara
19245;Santiuste;Guadalajara
19245;Torremocha de Jadraque;Guadalajara
19246;Casas de San Galindo;Guadalajara
19246;Jadraque;Guadalajara
19246;Medranda;Guadalajara
19246;Miralrío;Guadalajara
19246;Pinilla de Jadraque;Guadalajara
19246;Villanueva de Argecilla;Guadalajara
19247;Bujalaro;Guadalajara
19247;Espinosa de Henares;Guadalajara
19247;Membrillera;Guadalajara
19248;Hita;Guadalajara
19250;Sigüenza;Guadalajara
19260;Alcolea del Pinar;Guadalajara
19261;Alcolea del Pinar;Guadalajara
19261;Luzaga;Guadalajara
19262;Estriégana;Guadalajara
19262;Saúca;Guadalajara
19262;Sigüenza;Guadalajara
19263;Sigüenza;Guadalajara
19264;Sigüenza;Guadalajara
19265;Sigüenza;Guadalajara
19266;Olmeda de Jadraque;Guadalajara
19266;Sigüenza;Guadalajara
19267;Sigüenza;Guadalajara
19268;Algora;Guadalajara
19268;Mirabueno;Guadalajara
19268;Sigüenza;Guadalajara
19268;Torremocha del Campo;Guadalajara
19269;Paredes de Sigüenza;Guadalajara
19269;Riofrío del Llano;Guadalajara
19269;Sienes;Guadalajara
19269;Sigüenza;Guadalajara
19269;Valdelcubo;Guadalajara
19270;Atienza;Guadalajara
19274;Atienza;Guadalajara
19274;Cantalojas;Guadalajara
19274;Miñosa;Guadalajara
19275;Albendiego;Guadalajara
19275;Campisábalos;Guadalajara
19275;Cantalojas;Guadalajara
19275;Condemios de Abajo;Guadalajara
19275;Condemios de Arriba;Guadalajara
19275;Galve de Sorbe;Guadalajara
19275;Somolinos;Guadalajara
19276;Atienza;Guadalajara
19276;Bañuelos;Guadalajara
19276;Hijes;Guadalajara
19276;Miedes de Atienza;Guadalajara
19276;Romanillos de Atienza;Guadalajara
19276;Ujados;Guadalajara
19277;Alcolea de las Peñas;Guadalajara
19277;Atienza;Guadalajara
19277;Cincovillas;Guadalajara
19277;Paredes de Sigüenza;Guadalajara
19277;Tordelrábano;Guadalajara
19278;Bodera;Guadalajara
19278;Miñosa;Guadalajara
19280;Maranchón;Guadalajara
19281;Maranchón;Guadalajara
19283;Alcolea del Pinar;Guadalajara
19283;Anguita;Guadalajara
19283;Iniéstola;Guadalajara
19285;Ciruelos del Pinar;Guadalajara
19285;Luzón;Guadalajara
19286;Anquela del Ducado;Guadalajara
19286;Mazarete;Guadalajara
19287;Anquela del Ducado;Guadalajara
19287;Establés;Guadalajara
19287;Fuentelsaz;Guadalajara
19287;Maranchón;Guadalajara
19287;Milmarcos;Guadalajara
19287;Tartanedo;Guadalajara
19290;Fontanar;Guadalajara
19292;Copernal;Guadalajara
19292;Espinosa de Henares;Guadalajara
19294;Castejón de Henares;Guadalajara
19294;Mandayona;Guadalajara
19294;Matillas;Guadalajara
19294;Villaseca de Henares;Guadalajara
19295;Baides;Guadalajara
19295;Huérmeces del Cerro;Guadalajara
19295;Viana de Jadraque;Guadalajara
19300;Molina de Aragón;Guadalajara
19310;Alcoroches;Guadalajara
19310;Checa;Guadalajara
19310;Chequilla;Guadalajara
19311;Orea;Guadalajara
19312;Pinilla de Molina;Guadalajara
19312;Terzaga;Guadalajara
19312;Traíd;Guadalajara
19313;Peralejos de las Truchas;Guadalajara
19314;Taravilla;Guadalajara
19315;Megina;Guadalajara
19320;Alustante;Guadalajara
19321;Alustante;Guadalajara
19323;Tordesilos;Guadalajara
19324;Setiles;Guadalajara
19325;Adobes;Guadalajara
19325;Piqueras;Guadalajara
19325;Tordellego;Guadalajara
19326;Pobo de Dueñas;Guadalajara
19327;Pedregal;Guadalajara
19328;Castellar de la Muela;Guadalajara
19328;Hombrados;Guadalajara
19328;Morenilla;Guadalajara
19332;Algar de Mesa;Guadalajara
19332;Mochales;Guadalajara
19332;Tartanedo;Guadalajara
19332;Villel de Mesa;Guadalajara
19333;Tartanedo;Guadalajara
19334;Corduente;Guadalajara
19334;Tartanedo;Guadalajara
19336;Pardos;Guadalajara
19337;Torrubia;Guadalajara
19338;Tortuera;Guadalajara
19339;Embid;Guadalajara
19339;Rueda de la Sierra;Guadalajara
19340;Rillo de Gallo;Guadalajara
19341;Corduente;Guadalajara
19342;Herrería;Guadalajara
19343;Corduente;Guadalajara
19344;Corduente;Guadalajara
19345;Torremocha del Pinar;Guadalajara
19346;Selas;Guadalajara
19346;Semillas;Guadalajara
19350;Molina de Aragón;Guadalajara
19351;Molina de Aragón;Guadalajara
19352;Prados Redondos;Guadalajara
19353;Prados Redondos;Guadalajara
19354;Prados Redondos;Guadalajara
19355;Torrecuadrada de Molina;Guadalajara
19357;Anquela del Pedregal;Guadalajara
19360;Campillo de Dueñas;Guadalajara
19361;Yunta;Guadalajara
19362;Molina de Aragón;Guadalajara
19363;Molina de Aragón;Guadalajara
19390;Baños de Tajo;Guadalajara
19390;Corduente;Guadalajara
19390;Fuembellida;Guadalajara
19390;Fuentenovilla;Guadalajara
19390;Tierzo;Guadalajara
19390;Valhermoso;Guadalajara
19391;Castilnuevo;Guadalajara
19391;Prados Redondos;Guadalajara
19391;Torremochuela;Guadalajara
19392;Corduente;Guadalajara
19400;Brihuega;Guadalajara
19410;Brihuega;Guadalajara
19411;Brihuega;Guadalajara
19411;Valfermoso de Tajuña;Guadalajara
19412;Brihuega;Guadalajara
19412;Caspueñas;Guadalajara
19412;Valdegrudas;Guadalajara
19413;Brihuega;Guadalajara
19414;Brihuega;Guadalajara
19420;Cifuentes;Guadalajara
19428;Cifuentes;Guadalajara
19429;Cifuentes;Guadalajara
19431;Canredondo;Guadalajara
19431;Cifuentes;Guadalajara
19431;Torrecuadradilla;Guadalajara
19432;Abánades;Guadalajara
19432;Ocentejo;Guadalajara
19432;Sacecorbo;Guadalajara
19432;Torremocha del Campo;Guadalajara
19441;Huertahernando;Guadalajara
19441;Riba de Saelices;Guadalajara
19442;Ablanque;Guadalajara
19443;Cobeta;Guadalajara
19443;Olmeda de Cobeta;Guadalajara
19443;Saelices de la Sal;Guadalajara
19444;Olmeda de Cobeta;Guadalajara
19444;Zaorejas;Guadalajara
19445;Anguita;Guadalajara
19445;Esplegares;Guadalajara
19445;Hortezuela de Océn;Guadalajara
19445;Sotodosos;Guadalajara
19450;Trillo;Guadalajara
19458;Trillo;Guadalajara
19459;Budia;Guadalajara
19459;Cifuentes;Guadalajara
19460;Villanueva de Alcorón;Guadalajara
19461;Armallones;Guadalajara
19461;Zaorejas;Guadalajara
19462;Peñalén;Guadalajara
19463;Poveda de la Sierra;Guadalajara
19490;Alaminos;Guadalajara
19490;Almadrones;Guadalajara
19490;Barriopedro;Guadalajara
19490;Brihuega;Guadalajara
19490;Cogollor;Guadalajara
19490;Masegoso de Tajuña;Guadalajara
19490;Valderrebollo;Guadalajara
19491;Henche;Guadalajara
19491;Inviernas;Guadalajara
19491;Solanillos del Extremo;Guadalajara
19491;Sotillo;Guadalajara
19491;Torremocha del Campo;Guadalajara
19492;Arbeteta;Guadalajara
19492;Pareja;Guadalajara
19492;Recuenco;Guadalajara
19492;Trillo;Guadalajara
19492;Valtablado del Río;Guadalajara
19493;Peralveche;Guadalajara
19495;Zaorejas;Guadalajara
19680;Salobreña;Guadalajara
19832;Esponellá;Guadalajara
20001;Donostia/San Sebastián;Guipúzcoa
20002;Donostia/San Sebastián;Guipúzcoa
20003;Donostia/San Sebastián;Guipúzcoa
20004;Donostia/San Sebastián;Guipúzcoa
20005;Donostia/San Sebastián;Guipúzcoa
20006;Donostia/San Sebastián;Guipúzcoa
20007;Donostia/San Sebastián;Guipúzcoa
20008;Donostia/San Sebastián;Guipúzcoa
20009;Donostia/San Sebastián;Guipúzcoa
20010;Donostia/San Sebastián;Guipúzcoa
20011;Donostia/San Sebastián;Guipúzcoa
20012;Donostia/San Sebastián;Guipúzcoa
20013;Donostia/San Sebastián;Guipúzcoa
20014;Donostia/San Sebastián;Guipúzcoa
20015;Donostia/San Sebastián;Guipúzcoa
20016;Donostia/San Sebastián;Guipúzcoa
20017;Donostia/San Sebastián;Guipúzcoa
20018;Donostia/San Sebastián;Guipúzcoa
20100;Lezo;Guipúzcoa
20100;Errenteria;Guipúzcoa
20100;Donostia/San Sebastián;Guipúzcoa
20110;Pasaia;Guipúzcoa
20115;Astigarraga;Guipúzcoa
20120;Hernani;Guipúzcoa
20128;Hernani;Guipúzcoa
20130;Urnieta;Guipúzcoa
20140;Andoain;Guipúzcoa
20150;Aduna;Guipúzcoa
20150;Villabona;Guipúzcoa
20159;Asteasu;Guipúzcoa
20159;Zizurkil;Guipúzcoa
20159;Larraul;Guipúzcoa
20160;Donostia/San Sebastián;Guipúzcoa
20160;Lasarte-Oria;Guipúzcoa
20170;Usurbil;Guipúzcoa
20180;Oiartzun;Guipúzcoa
20200;Beasain;Guipúzcoa
20210;Lazkao;Guipúzcoa
20211;Ataun;Guipúzcoa
20212;Olaberria;Guipúzcoa
20213;Idiazabal;Guipúzcoa
20214;Zerain;Guipúzcoa
20214;Mutiloa;Guipúzcoa
20214;Segura;Guipúzcoa
20215;Zegama;Guipúzcoa
20216;Ormaiztegi;Guipúzcoa
20217;Gabiria;Guipúzcoa
20218;Ezkio-Itsaso;Guipúzcoa
20220;Legazpi;Guipúzcoa
20230;Legazpi;Guipúzcoa
20240;Ordizia;Guipúzcoa
20247;Zaldibia;Guipúzcoa
20248;Arama;Guipúzcoa
20248;Gaintza;Guipúzcoa
20248;Altzaga;Guipúzcoa
20249;Itsasondo;Guipúzcoa
20250;Legorreta;Guipúzcoa
20259;Baliarrain;Guipúzcoa
20260;Alegia;Guipúzcoa
20267;Ikaztegieta;Guipúzcoa
20267;Tolosa;Guipúzcoa
20268;Altzo;Guipúzcoa
20268;Amezketa;Guipúzcoa
20268;Tolosa;Guipúzcoa
20269;Abaltzisketa;Guipúzcoa
20269;Orendain;Guipúzcoa
20270;Anoeta;Guipúzcoa
20271;Irura;Guipúzcoa
20280;Hondarribia;Guipúzcoa
20301;Irun;Guipúzcoa
20302;Irun;Guipúzcoa
20303;Irun;Guipúzcoa
20304;Irun;Guipúzcoa
20305;Irun;Guipúzcoa
20400;Ibarra;Guipúzcoa
20400;Tolosa;Guipúzcoa
20490;Lizartza;Guipúzcoa
20490;Orexa;Guipúzcoa
20491;Belauntza;Guipúzcoa
20491;Leaburu;Guipúzcoa
20491;Gaztelu;Guipúzcoa
20492;Berastegi;Guipúzcoa
20493;Berastegi;Guipúzcoa
20493;Berrobi;Guipúzcoa
20493;Elduain;Guipúzcoa
20494;Alkiza;Guipúzcoa
20494;Hernialde;Guipúzcoa
20494;Tolosa;Guipúzcoa
20495;Albiztur;Guipúzcoa
20496;Bidania-Goiatz;Guipúzcoa
20500;Arrasate/Mondragón;Guipúzcoa
20530;Eskoriatza;Guipúzcoa
20530;Leintz-Gatzaga;Guipúzcoa
20540;Eskoriatza;Guipúzcoa
20550;Aretxabaleta;Guipúzcoa
20560;Oñati;Guipúzcoa
20567;Oñati;Guipúzcoa
20568;Oñati;Guipúzcoa
20569;Oñati;Guipúzcoa
20569;Bergara;Guipúzcoa
20570;Bergara;Guipúzcoa
20577;Antzuola;Guipúzcoa
20578;Bergara;Guipúzcoa
20580;Bergara;Guipúzcoa
20590;Soraluze-Placencia de las Armas;Guipúzcoa
20600;Eibar;Guipúzcoa
20690;Elgeta;Guipúzcoa
20700;Urretxu;Guipúzcoa
20700;Zumarraga;Guipúzcoa
20709;Ezkio-Itsaso;Guipúzcoa
20720;Azkoitia;Guipúzcoa
20730;Azpeitia;Guipúzcoa
20737;Errezil;Guipúzcoa
20739;Beizama;Guipúzcoa
20740;Zestoa;Guipúzcoa
20749;Aizarnazabal;Guipúzcoa
20749;Zestoa;Guipúzcoa
20750;Zumaia;Guipúzcoa
20800;Zarautz;Guipúzcoa
20808;Getaria;Guipúzcoa
20809;Aia;Guipúzcoa
20810;Aia;Guipúzcoa
20810;Orio;Guipúzcoa
20820;Deba;Guipúzcoa
20829;Deba;Guipúzcoa
20830;Mutriku;Guipúzcoa
20850;Mendaro;Guipúzcoa
20860;Elgoibar;Guipúzcoa
20870;Elgoibar;Guipúzcoa
21001;Huelva;Huelva
21002;Huelva;Huelva
21003;Huelva;Huelva
21004;Huelva;Huelva
21005;Huelva;Huelva
21006;Huelva;Huelva
21007;Aracena;Huelva
21007;Huelva;Huelva
21100;Aljaraque;Huelva
21100;Punta Umbría;Huelva
21110;Aljaraque;Huelva
21110;Punta Umbría;Huelva
21120;Aljaraque;Huelva
21130;Moguer;Huelva
21130;Palos de la Frontera;Huelva
21200;Aracena;Huelva
21207;Aracena;Huelva
21207;Linares de la Sierra;Huelva
21208;Aracena;Huelva
21208;Cortelazor;Huelva
21208;Marines;Huelva
21209;Aracena;Huelva
21209;Corteconcepción;Huelva
21209;Puerto Moral;Huelva
21210;Zufre;Huelva
21220;Higuera de la Sierra;Huelva
21230;Cortegana;Huelva
21239;Aroche;Huelva
21239;Cortegana;Huelva
21239;Santa Ana la Real;Huelva
21240;Aroche;Huelva
21248;Aroche;Huelva
21250;Rosal de la Frontera;Huelva
21260;Santa Olalla del Cala;Huelva
21270;Cala;Huelva
21280;Arroyomolinos de León;Huelva
21290;Almonaster la Real;Huelva
21290;Fuenteheridos;Huelva
21290;Jabugo;Huelva
21291;Galaroza;Huelva
21291;Nava;Huelva
21291;Valdelarco;Huelva
21292;Castaño del Robledo;Huelva
21292;Fuenteheridos;Huelva
21300;Calañas;Huelva
21309;Calañas;Huelva
21320;Cerro de Andévalo;Huelva
21330;Almonaster la Real;Huelva
21330;Cerro de Andévalo;Huelva
21330;Cortegana;Huelva
21340;Alájar;Huelva
21340;Aroche;Huelva
21342;Almonaster la Real;Huelva
21350;Almonaster la Real;Huelva
21359;Almonaster la Real;Huelva
21359;Santa Ana la Real;Huelva
21360;Jabugo;Huelva
21380;Cumbres Mayores;Huelva
21386;Cumbres de San Bartolomé;Huelva
21387;Cumbres de Enmedio;Huelva
21388;Cañaveral de León;Huelva
21388;Hinojales;Huelva
21390;Encinasola;Huelva
21400;Ayamonte;Huelva
21400;Lepe;Huelva
21409;Ayamonte;Huelva
21410;Isla Cristina;Huelva
21420;Ayamonte;Huelva
21420;Isla Cristina;Huelva
21430;Isla Cristina;Huelva
21431;Isla Cristina;Huelva
21440;Lepe;Huelva
21449;Lepe;Huelva
21450;Cartaya;Huelva
21450;Lepe;Huelva
21459;Cartaya;Huelva
21459;Punta Umbría;Huelva
21500;Gibraleón;Huelva
21510;San Bartolomé de la Torre;Huelva
21520;Alosno;Huelva
21520;San Bartolomé de la Torre;Huelva
21530;Alosno;Huelva
21540;Cartaya;Huelva
21540;Villanueva de los Castillejos;Huelva
21550;Puebla de Guzmán;Huelva
21559;Puebla de Guzmán;Huelva
21560;Paymogo;Huelva
21570;Santa Bárbara de Casa;Huelva
21580;Aroche;Huelva
21580;Cabezas Rubias;Huelva
21580;Cerro de Andévalo;Huelva
21590;Villablanca;Huelva
21591;San Silvestre de Guzmán;Huelva
21592;Villanueva de las Cruces;Huelva
21593;Almendro;Huelva
21594;Granado;Huelva
21595;Sanlúcar de Guadiana;Huelva
21600;Valverde del Camino;Huelva
21609;Beas;Huelva
21610;San Juan del Puerto;Huelva
21620;Santa Olalla del Cala;Huelva
21620;Trigueros;Huelva
21630;Beas;Huelva
21639;Beas;Huelva
21639;San Juan del Puerto;Huelva
21640;Zalamea la Real;Huelva
21647;Berrocal;Huelva
21647;Zalamea la Real;Huelva
21649;Almonaster la Real;Huelva
21649;Campillo;Huelva
21649;Zalamea la Real;Huelva
21650;Campillo;Huelva
21660;Minas de Riotinto;Huelva
21667;Minas de Riotinto;Huelva
21668;Campofrío;Huelva
21668;Granada de Río-Tinto;Huelva
21668;Zalamea la Real;Huelva
21669;Almonaster la Real;Huelva
21670;Nerva;Huelva
21700;Palma del Condado;Huelva
21710;Bollullos Par del Condado;Huelva
21720;Rociana del Condado;Huelva
21730;Almonte;Huelva
21739;Almonte;Huelva
21740;Hinojos;Huelva
21750;Almonte;Huelva
21760;Almonte;Huelva
21800;Moguer;Huelva
21810;Palos de la Frontera;Huelva
21819;Palos de la Frontera;Huelva
21820;Lucena del Puerto;Huelva
21830;Bonares;Huelva
21840;Niebla;Huelva
21850;Villarrasa;Huelva
21860;Villalba del Alcor;Huelva
21870;Escacena del Campo;Huelva
21880;Paterna del Campo;Huelva
21890;Manzanilla;Huelva
21891;Chucena;Huelva
22000;Huesca;Huesca
22001;Huesca;Huesca
22002;Huesca;Huesca
22003;Huesca;Huesca
22004;Huesca;Huesca
22005;Huesca;Huesca
22006;Huesca;Huesca
22080;Huesca;Huesca
22094;Huesca;Huesca
22097;Huesca;Huesca
22100;Sangarrén;Huesca
22110;Salillas;Huesca
22110;Sesa;Huesca
22111;Monflorite-Lascasas;Huesca
22112;Albero Alto;Huesca
22113;Novales;Huesca
22116;Gurrea de Gállego;Huesca
22120;Siétamo;Huesca
22121;Siétamo;Huesca
22122;Angüés;Huesca
22122;Ibieca;Huesca
22122;Siétamo;Huesca
22123;Angüés;Huesca
22124;Lascellas-Ponzano;Huesca
22125;Laluenga;Huesca
22126;Laperdiguera;Huesca
22131;Berbegal;Huesca
22131;Peralta de Alcofea;Huesca
22132;Barbuñales;Huesca
22132;Pertusa;Huesca
22132;Torres de Alcanadre;Huesca
22133;Angüés;Huesca
22133;Antillón;Huesca
22133;Blecua y Torres;Huesca
22134;Blecua y Torres;Huesca
22135;Alcalá del Obispo;Huesca
22135;Argavieso;Huesca
22140;Loporzano;Huesca
22141;Bierge;Huesca
22141;Casbas de Huesca;Huesca
22141;Loporzano;Huesca
22142;Casbas de Huesca;Huesca
22143;Abiego;Huesca
22144;Bierge;Huesca
22145;Alquézar;Huesca
22146;Santa María de Dulcis;Huesca
22147;Abiego;Huesca
22147;Adahuesca;Huesca
22148;Bárcabo;Huesca
22148;Colungo;Huesca
22149;Bárcabo;Huesca
22149;Aínsa-Sobrarbe;Huesca
22150;Arguis;Huesca
22160;Sotonera;Huesca
22161;Sotonera;Huesca
22162;Sotonera;Huesca
22190;Vicién;Huesca
22191;Quicena;Huesca
22192;Loporzano;Huesca
22192;Tierz;Huesca
22193;Igriés;Huesca
22193;Nueno;Huesca
22194;Alerre;Huesca
22194;Banastás;Huesca
22194;Chimillas;Huesca
22194;Huesca;Huesca
22195;Huesca;Huesca
22196;Huesca;Huesca
22196;Monflorite-Lascasas;Huesca
22197;Huesca;Huesca
22200;Sariñena;Huesca
22210;Huerto;Huesca
22210;Peralta de Alcofea;Huesca
22211;Huerto;Huesca
22212;Alberuela de Tubo;Huesca
22212;Capdesaso;Huesca
22212;Lalueza;Huesca
22213;Lanaja;Huesca
22213;Peralta de Alcofea;Huesca
22213;Sariñena;Huesca
22214;Lalueza;Huesca
22215;Castelflorite;Huesca
22215;Peralta de Alcofea;Huesca
22215;Sariñena;Huesca
22216;Lanaja;Huesca
22216;Poleñino;Huesca
22220;Albalatillo;Huesca
22221;Sariñena;Huesca
22222;Castejón de Monegros;Huesca
22223;Valfarta;Huesca
22225;Grañén;Huesca
22230;Sena;Huesca
22231;Villanueva de Sigena;Huesca
22232;Ontiñena;Huesca
22233;Chalamera;Huesca
22234;Ballobar;Huesca
22240;Tardienta;Huesca
22250;Lanaja;Huesca
22251;Alcubierre;Huesca
22252;Robres;Huesca
22253;Senés de Alcubierre;Huesca
22254;Torralba de Aragón;Huesca
22255;Albero Bajo;Huesca
22255;Almuniente;Huesca
22255;Barbués;Huesca
22255;Grañén;Huesca
22255;Torres de Barbués;Huesca
22260;Grañén;Huesca
22268;Grañén;Huesca
22268;Lalueza;Huesca
22268;Piracés;Huesca
22268;Tramaced;Huesca
22269;Almuniente;Huesca
22269;Grañén;Huesca
22270;Almudévar;Huesca
22280;Gurrea de Gállego;Huesca
22281;Gurrea de Gállego;Huesca
22282;Alcalá de Gurrea;Huesca
22283;Alcalá de Gurrea;Huesca
22283;Almudévar;Huesca
22300;Barbastro;Huesca
22310;Castejón del Puente;Huesca
22311;Azara;Huesca
22311;Azlor;Huesca
22311;Peraltilla;Huesca
22312;Grado;Huesca
22312;Hoz y Costean;Huesca
22313;Castillazuelo;Huesca
22313;Pozán de Vero;Huesca
22313;Santa María de Dulcis;Huesca
22314;Salas Altas;Huesca
22314;Salas Bajas;Huesca
22315;Barbastro;Huesca
22315;Hoz y Costean;Huesca
22320;Bárcabo;Huesca
22320;Naval;Huesca
22330;Aínsa-Sobrarbe;Huesca
22336;Fueva;Huesca
22336;Aínsa-Sobrarbe;Huesca
22337;Foradada del Toscar;Huesca
22337;Fueva;Huesca
22337;Palo;Huesca
22338;Pueyo de Araguás;Huesca
22339;Aínsa-Sobrarbe;Huesca
22340;Boltaña;Huesca
22347;Boltaña;Huesca
22348;Boltaña;Huesca
22349;Boltaña;Huesca
22349;Jaca;Huesca
22349;Aínsa-Sobrarbe;Huesca
22350;Bielsa;Huesca
22351;Bielsa;Huesca
22360;Labuerda;Huesca
22361;Laspaúles;Huesca
22361;Laspuña;Huesca
22362;Puértolas;Huesca
22363;Puértolas;Huesca
22364;Tella-Sin;Huesca
22365;Bielsa;Huesca
22365;Tella-Sin;Huesca
22366;Plan;Huesca
22366;Tella-Sin;Huesca
22367;Gistaín;Huesca
22367;Plan;Huesca
22367;San Juan de Plan;Huesca
22370;Broto;Huesca
22371;Fiscal;Huesca
22372;Broto;Huesca
22372;Fiscal;Huesca
22373;Broto;Huesca
22373;Fiscal;Huesca
22374;Broto;Huesca
22375;Broto;Huesca
22375;Fanlo;Huesca
22375;Laspaúles;Huesca
22376;Torla-Ordesa;Huesca
22377;Torla-Ordesa;Huesca
22378;Torla-Ordesa;Huesca
22390;Grado;Huesca
22391;Secastilla;Huesca
22392;Abizanda;Huesca
22392;Sabiñánigo;Huesca
22393;Abizanda;Huesca
22393;Naval;Huesca
22394;Fueva;Huesca
22394;Aínsa-Sobrarbe;Huesca
22395;Aínsa-Sobrarbe;Huesca
22400;Monzón;Huesca
22410;Alcolea de Cinca;Huesca
22411;San Miguel del Cinca;Huesca
22412;San Miguel del Cinca;Huesca
22413;San Miguel del Cinca;Huesca
22414;Monzón;Huesca
22415;Ilche;Huesca
22415;Monzón;Huesca
22416;Alfántega;Huesca
22416;Pueyo de Santa Cruz;Huesca
22417;Almunia de San Juan;Huesca
22417;Fonz;Huesca
22420;Almunia de San Juan;Huesca
22421;Azanuy-Alins;Huesca
22422;Fonz;Huesca
22423;Estadilla;Huesca
22424;Estada;Huesca
22430;Graus;Huesca
22435;Puebla de Castro;Huesca
22436;Graus;Huesca
22437;Graus;Huesca
22438;Fueva;Huesca
22438;Graus;Huesca
22439;Olvena;Huesca
22439;Secastilla;Huesca
22440;Benasque;Huesca
22449;Benasque;Huesca
22450;Campo;Huesca
22450;Foradada del Toscar;Huesca
22451;Campo;Huesca
22451;Foradada del Toscar;Huesca
22451;Torre la Ribera;Huesca
22451;Valle de Bardají;Huesca
22451;Valle de Lierp;Huesca
22452;Foradada del Toscar;Huesca
22452;Fueva;Huesca
22460;Perarrúa;Huesca
22460;Santaliestra y San Quílez;Huesca
22461;Boltaña;Huesca
22461;Santaliestra y San Quílez;Huesca
22462;Foradada del Toscar;Huesca
22462;Isábena;Huesca
22463;Seira;Huesca
22464;Seira;Huesca
22465;Castejón de Sos;Huesca
22465;Chía;Huesca
22466;Bisaurri;Huesca
22466;Castejón de Sos;Huesca
22467;Castejón de Sos;Huesca
22467;Sahún;Huesca
22467;Sesué;Huesca
22467;Villanova;Huesca
22468;Sahún;Huesca
22469;Benasque;Huesca
22469;Sahún;Huesca
22470;Bisaurri;Huesca
22471;Laspaúles;Huesca
22472;Laspaúles;Huesca
22473;Laspaúles;Huesca
22473;Montanuy;Huesca
22474;Laspaúles;Huesca
22474;Montanuy;Huesca
22480;Capella;Huesca
22480;Graus;Huesca
22481;Graus;Huesca
22482;Isábena;Huesca
22483;Isábena;Huesca
22483;Torre la Ribera;Huesca
22483;Valle de Lierp;Huesca
22484;Isábena;Huesca
22484;Torre la Ribera;Huesca
22484;Beranuy;Huesca
22485;Beranuy;Huesca
22486;Bonansa;Huesca
22486;Montanuy;Huesca
22487;Montanuy;Huesca
22500;Binéfar;Huesca
22510;Binaced;Huesca
22511;Binaced;Huesca
22512;San Esteban de Litera;Huesca
22513;Peralta de Calasanz;Huesca
22514;Peralta de Calasanz;Huesca
22520;Fraga;Huesca
22528;Velilla de Cinca;Huesca
22529;Fraga;Huesca
22530;Zaidín;Huesca
22531;Osso de Cinca;Huesca
22532;Osso de Cinca;Huesca
22533;Belver de Cinca;Huesca
22534;Albalate de Cinca;Huesca
22535;Esplús;Huesca
22536;Belver de Cinca;Huesca
22540;Altorricón;Huesca
22549;Belver de Cinca;Huesca
22549;Tamarite de Litera;Huesca
22549;Vencillón;Huesca
22550;Tamarite de Litera;Huesca
22558;Albelda;Huesca
22559;Tamarite de Litera;Huesca
22560;Alcampell;Huesca
22569;Baélls;Huesca
22569;Peralta de Calasanz;Huesca
22570;Camporrélls;Huesca
22570;Castillonroy;Huesca
22571;Baldellou;Huesca
22572;Castillonroy;Huesca
22572;Estopiñán del Castillo;Huesca
22580;Benabarre;Huesca
22583;Arén;Huesca
22583;Sopeira;Huesca
22583;Tremp;Huesca
22584;Puente de Montañana;Huesca
22584;Viacamp y Litera;Huesca
22584;Tremp;Huesca
22585;Bárcabo;Huesca
22585;Castigaleu;Huesca
22585;Fraga;Huesca
22585;Tolva;Huesca
22585;Viacamp y Litera;Huesca
22586;Lascuarre;Huesca
22587;Capella;Huesca
22587;Castigaleu;Huesca
22587;Monesma y Cajigar;Huesca
22588;Graus;Huesca
22589;Benabarre;Huesca
22589;Estopiñán del Castillo;Huesca
22590;Torrente de Cinca;Huesca
22591;Candasnos;Huesca
22592;Peñalba;Huesca
22600;Sabiñánigo;Huesca
22609;Sabiñánigo;Huesca
22610;Sabiñánigo;Huesca
22610;Yebra de Basa;Huesca
22611;Yebra de Basa;Huesca
22612;Sabiñánigo;Huesca
22613;Biescas;Huesca
22613;Sabiñánigo;Huesca
22620;Jaca;Huesca
22620;Sabiñánigo;Huesca
22621;Jaca;Huesca
22621;Sabiñánigo;Huesca
22622;Nueno;Huesca
22622;Sabiñánigo;Huesca
22623;Sabiñánigo;Huesca
22624;Caldearenas;Huesca
22625;Caldearenas;Huesca
22630;Biescas;Huesca
22636;Biescas;Huesca
22636;Sabiñánigo;Huesca
22637;Biescas;Huesca
22638;Biescas;Huesca
22639;Biescas;Huesca
22639;Yésero;Huesca
22640;Sallent de Gállego;Huesca
22650;Panticosa;Huesca
22660;Sallent de Gállego;Huesca
22661;Panticosa;Huesca
22662;Hoz de Jaca;Huesca
22662;Panticosa;Huesca
22663;Sallent de Gállego;Huesca
22664;Sallent de Gállego;Huesca
22665;Biescas;Huesca
22666;Sabiñánigo;Huesca
22700;Jaca;Huesca
22710;Castiello de Jaca;Huesca
22710;Jaca;Huesca
22711;Jaca;Huesca
22712;Jaca;Huesca
22713;Jaca;Huesca
22714;Jaca;Huesca
22714;Sabiñánigo;Huesca
22715;Jaca;Huesca
22720;Valle de Hecho;Huesca
22728;Ansó;Huesca
22729;Fago;Huesca
22730;Aragüés del Puerto;Huesca
22731;Jasa;Huesca
22732;Valle de Hecho;Huesca
22740;Valle de Hecho;Huesca
22750;Puente la Reina de Jaca;Huesca
22751;Bailo;Huesca
22751;Puente la Reina de Jaca;Huesca
22752;Santa Cilia;Huesca
22753;Puente la Reina de Jaca;Huesca
22760;Bailo;Huesca
22761;Bailo;Huesca
22770;Canal de Berdún;Huesca
22771;Canal de Berdún;Huesca
22772;Canal de Berdún;Huesca
22773;Canal de Berdún;Huesca
22790;Valle de Hecho;Huesca
22791;Santa Cilia;Huesca
22791;Santa Cruz de la Serós;Huesca
22792;Santa Cruz de la Serós;Huesca
22800;Ayerbe;Huesca
22806;Santa Eulalia de Gállego;Huesca
22807;Ayerbe;Huesca
22807;Biscarrués;Huesca
22808;Agüero;Huesca
22808;Peñas de Riglos;Huesca
22808;Murillo de Gállego;Huesca
22809;Ayerbe;Huesca
22809;Loarre;Huesca
22809;Loscorrales;Huesca
22810;Sotonera;Huesca
22810;Lupiñén-Ortilla;Huesca
22811;Lupiñén-Ortilla;Huesca
22820;Peñas de Riglos;Huesca
22821;Peñas de Riglos;Huesca
22822;Peñas de Riglos;Huesca
22830;Caldearenas;Huesca
22830;Graus;Huesca
22830;Jaca;Huesca
22830;Peñas de Riglos;Huesca
22850;Jaca;Huesca
22850;Sabiñánigo;Huesca
22860;Aisa;Huesca
22860;Borau;Huesca
22860;Castiello de Jaca;Huesca
22870;Villanúa;Huesca
22880;Canfranc;Huesca
22888;Canfranc;Huesca
22889;Aisa;Huesca
22889;Jaca;Huesca
23001;Jaén;Jaén
23002;Jaén;Jaén
23003;Jaén;Jaén
23004;Jaén;Jaén
23005;Jaén;Jaén
23006;Jaén;Jaén
23007;Jaén;Jaén
23008;Jaén;Jaén
23009;Jaén;Jaén
23100;Mancha Real;Jaén
23110;Pegalajar;Jaén
23120;Cambil;Jaén
23130;Campillo de Arenas;Jaén
23140;Noalejo;Jaén
23150;Valdepeñas de Jaén;Jaén
23159;Valdepeñas de Jaén;Jaén
23160;Villares;Jaén
23170;Guardia de Jaén;Jaén
23180;Fuerte del Rey;Jaén
23190;Pegalajar;Jaén
23191;Cárcheles;Jaén
23192;Cárcheles;Jaén
23193;Cambil;Jaén
23194;Jaén;Jaén
23196;Jaén;Jaén
23196;Valdepeñas de Jaén;Jaén
23200;Carolina;Jaén
23210;Guarromán;Jaén
23211;Carboneros;Jaén
23212;Carolina;Jaén
23213;Santa Elena;Jaén
23214;Baños de la Encina;Jaén
23214;Carolina;Jaén
23215;Aldeaquemada;Jaén
23220;Vilches;Jaén
23230;Arquillos;Jaén
23239;Arquillos;Jaén
23240;Navas de San Juan;Jaén
23250;Santisteban del Puerto;Jaén
23260;Castellar;Jaén
23264;Chiclana de Segura;Jaén
23265;Montizón;Jaén
23266;Montizón;Jaén
23267;Montizón;Jaén
23268;Chiclana de Segura;Jaén
23269;Chiclana de Segura;Jaén
23270;Sorihuela del Guadalimar;Jaén
23280;Beas de Segura;Jaén
23289;Beas de Segura;Jaén
23289;Arroyo del Ojanco;Jaén
23290;Santiago-Pontones;Jaén
23291;Santiago-Pontones;Jaén
23292;Hornos;Jaén
23293;Hornos;Jaén
23293;Segura de la Sierra;Jaén
23294;Segura de la Sierra;Jaén
23294;Santiago-Pontones;Jaén
23295;Segura de la Sierra;Jaén
23296;Santiago-Pontones;Jaén
23297;Santiago-Pontones;Jaén
23298;Santiago-Pontones;Jaén
23300;Villacarrillo;Jaén
23310;Villacarrillo;Jaén
23311;Santo Tomé;Jaén
23312;Villacarrillo;Jaén
23314;Úbeda;Jaén
23315;Villacarrillo;Jaén
23320;Torreperogil;Jaén
23330;Villanueva del Arzobispo;Jaén
23337;Hornos;Jaén
23338;Iznatoraf;Jaén
23339;Villanueva del Arzobispo;Jaén
23340;Segura de la Sierra;Jaén
23340;Arroyo del Ojanco;Jaén
23350;Puente de Génave;Jaén
23359;Puente de Génave;Jaén
23360;Puerta de Segura;Jaén
23369;Puerta de Segura;Jaén
23370;Orcera;Jaén
23379;Segura de la Sierra;Jaén
23380;Siles;Jaén
23390;Benatae;Jaén
23391;Torres de Albánchez;Jaén
23392;Génave;Jaén
23393;Villarrodrigo;Jaén
23400;Úbeda;Jaén
23410;Sabiote;Jaén
23411;Baeza;Jaén
23412;Rus;Jaén
23413;Úbeda;Jaén
23420;Canena;Jaén
23430;Rus;Jaén
23440;Baeza;Jaén
23450;Ibros;Jaén
23460;Peal de Becerro;Jaén
23468;Peal de Becerro;Jaén
23469;Cazorla;Jaén
23469;Úbeda;Jaén
23470;Cazorla;Jaén
23470;Chilluévar;Jaén
23476;Iruela;Jaén
23477;Chilluévar;Jaén
23478;Santiago-Pontones;Jaén
23479;Cazorla;Jaén
23479;Iruela;Jaén
23480;Quesada;Jaén
23485;Cazorla;Jaén
23485;Peal de Becerro;Jaén
23485;Pozo Alcón;Jaén
23486;Hinojares;Jaén
23486;Pozo Alcón;Jaén
23487;Huesa;Jaén
23488;Frailes;Jaén
23488;Quesada;Jaén
23489;Quesada;Jaén
23490;Ibros;Jaén
23490;Linares;Jaén
23499;Vilches;Jaén
23500;Jódar;Jaén
23509;Úbeda;Jaén
23510;Torreblascopedro;Jaén
23519;Lupión;Jaén
23519;Torreblascopedro;Jaén
23520;Begíjar;Jaén
23528;Lupión;Jaén
23529;Baeza;Jaén
23529;Begíjar;Jaén
23529;Mancha Real;Jaén
23529;Villatorres;Jaén
23530;Jimena;Jaén
23537;Bedmar y Garcíez;Jaén
23538;Albanchez de Mágina;Jaén
23539;Baeza;Jaén
23539;Bedmar y Garcíez;Jaén
23540;Torres;Jaén
23550;Cabra del Santo Cristo;Jaén
23560;Huelma;Jaén
23568;Bélmez de la Moraleda;Jaén
23569;Hornos;Jaén
23569;Huelma;Jaén
23590;Cabra del Santo Cristo;Jaén
23591;Cabra del Santo Cristo;Jaén
23591;Larva;Jaén
23600;Martos;Jaén
23610;Fuensanta de Martos;Jaén
23611;Higuera de Calatrava;Jaén
23612;Santiago de Calatrava;Jaén
23614;Martos;Jaén
23615;Martos;Jaén
23616;Fuensanta de Martos;Jaén
23620;Mengíbar;Jaén
23628;Cazalilla;Jaén
23628;Espeluy;Jaén
23629;Jabalquinto;Jaén
23630;Villatorres;Jaén
23638;Villatorres;Jaén
23639;Jaén;Jaén
23640;Torredelcampo;Jaén
23650;Torredonjimeno;Jaén
23657;Escañuela;Jaén
23658;Jamilena;Jaén
23659;Villardompardo;Jaén
23660;Alcaudete;Jaén
23669;Alcaudete;Jaén
23670;Castillo de Locubín;Jaén
23680;Alcalá la Real;Jaén
23684;Alcalá la Real;Jaén
23685;Alcalá la Real;Jaén
23685;Alcaudete;Jaén
23686;Alcalá la Real;Jaén
23686;Frailes;Jaén
23687;Alcalá la Real;Jaén
23688;Alcalá la Real;Jaén
23689;Alcalá la Real;Jaén
23690;Frailes;Jaén
23691;Alcalá la Real;Jaén
23691;Frailes;Jaén
23692;Alcalá la Real;Jaén
23693;Castillo de Locubín;Jaén
23700;Linares;Jaén
23710;Bailén;Jaén
23711;Baños de la Encina;Jaén
23712;Jabalquinto;Jaén
23713;Linares;Jaén
23713;Vilches;Jaén
23720;Espeluy;Jaén
23730;Villanueva de la Reina;Jaén
23740;Andújar;Jaén
23746;Lahiguera;Jaén
23747;Andújar;Jaén
23748;Andújar;Jaén
23749;Andújar;Jaén
23749;Villanueva de la Reina;Jaén
23750;Arjonilla;Jaén
23760;Arjona;Jaén
23770;Marmolejo;Jaén
23780;Lopera;Jaén
23790;Porcuna;Jaén
24001;León;León
24002;León;León
24003;León;León
24003;Ponferrada;León
24004;León;León
24005;León;León
24006;León;León
24007;León;León
24008;León;León
24009;León;León
24009;San Andrés del Rabanedo;León
24009;Santovenia de la Valdoncina;León
24010;León;León
24010;San Andrés del Rabanedo;León
24100;Villablino;León
24110;Villablino;León
24111;Villablino;León
24112;Villablino;León
24113;Villablino;León
24114;Villablino;León
24120;Soto y Amío;León
24121;Sariegos;León
24122;Cuadros;León
24123;Carrocera;León
24124;Santa María de Ordás;León
24124;Soto y Amío;León
24125;Soto y Amío;León
24126;Riello;León
24126;Soto y Amío;León
24127;Riello;León
24127;Valdesamario;León
24130;Murias de Paredes;León
24131;Riello;León
24132;Riello;León
24133;Murias de Paredes;León
24133;Riello;León
24134;Murias de Paredes;León
24134;Riello;León
24135;Murias de Paredes;León
24136;Murias de Paredes;León
24137;Murias de Paredes;León
24138;Villablino;León
24139;Villablino;León
24140;Villablino;León
24141;Cabrillanes;León
24142;Cabrillanes;León
24143;Cabrillanes;León
24143;San Emiliano;León
24144;San Emiliano;León
24145;San Emiliano;León
24145;Sena de Luna;León
24146;Sena de Luna;León
24148;Barrios de Luna;León
24149;Barrios de Luna;León
24150;Encinedo;León
24150;Santa Colomba de Curueño;León
24150;Vegas del Condado;León
24151;Santa Colomba de Curueño;León
24152;Vegaquemada;León
24153;Vegas del Condado;León
24154;Vegas del Condado;León
24155;Vegas del Condado;León
24156;Valdefresno;León
24160;Gradefes;León
24161;Cubillas de Rueda;León
24161;Gradefes;León
24162;Villasabariego;León
24163;Vegas del Condado;León
24163;Villasabariego;León
24164;Gradefes;León
24165;Gradefes;León
24166;Gradefes;León
24170;Almanza;León
24170;Cebanico;León
24171;Almanza;León
24171;Villaselán;León
24172;Cea;León
24172;Villamol;León
24172;Villazanzo de Valderaduey;León
24174;Cea;León
24175;Villamol;León
24190;León;León
24190;San Andrés del Rabanedo;León
24191;San Andrés del Rabanedo;León
24192;León;León
24192;Onzonilla;León
24193;Villaquilambre;León
24194;Santovenia de la Valdoncina;León
24195;Valdefresno;León
24195;Villaquilambre;León
24196;Sariegos;León
24197;Villaquilambre;León
24198;Valverde de la Virgen;León
24199;Villaturiel;León
24200;Valencia de Don Juan;León
24205;Valencia de Don Juan;León
24206;Castilfalé;León
24206;Fuentes de Carbajal;León
24206;Valdemora;León
24206;Villabraz;León
24207;Matanza;León
24207;Villabraz;León
24208;Pajares de los Oteros;León
24209;Gusendos de los Oteros;León
24209;Pajares de los Oteros;León
24210;Mansilla de las Mulas;León
24212;Cabañas Raras;León
24217;Mansilla Mayor;León
24218;Mansilla de las Mulas;León
24218;Valdepolo;León
24219;Villasabariego;León
24220;Valderas;León
24221;Campazas;León
24222;Villaornate y Castro;León
24223;Ardón;León
24223;Fresno de la Vega;León
24223;Pajares de los Oteros;León
24224;Cabreros del Río;León
24224;Cubillas de los Oteros;León
24224;Pajares de los Oteros;León
24225;Campo de Villavidel;León
24225;Corbillos de los Oteros;León
24225;Villanueva de las Manzanas;León
24226;Villasabariego;León
24226;Villaturiel;León
24227;Valdefresno;León
24228;Valdefresno;León
24230;Valdevimbre;León
24231;Chozas de Abajo;León
24231;Onzonilla;León
24232;Ardón;León
24233;Ardón;León
24233;Villamañán;León
24234;Laguna de Negrillos;León
24234;Villamañán;León
24235;Villaquejida;León
24236;Villaquejida;León
24237;San Millán de los Caballeros;León
24237;Toral de los Guzmanes;León
24237;Villademor de la Vega;León
24238;Algadefe;León
24238;Villamandos;León
24239;Cimanes de la Vega;León
24240;Santa María del Páramo;León
24248;Bustillo del Páramo;León
24248;Laguna Dalga;León
24248;Urdiales del Páramo;León
24249;Bercianos del Páramo;León
24249;Laguna Dalga;León
24249;Pobladura de Pelayo García;León
24249;Zotes del Páramo;León
24250;Chozas de Abajo;León
24250;Valdevimbre;León
24251;Ardón;León
24251;Chozas de Abajo;León
24251;Onzonilla;León
24252;Bercianos del Páramo;León
24252;San Pedro Bercianos;León
24252;Urdiales del Páramo;León
24253;Valdefuentes del Páramo;León
24257;Boñar;León
24270;Carrizo;León
24271;Llamas de la Ribera;León
24272;Cimanes del Tejar;León
24273;Cimanes del Tejar;León
24273;Omañas;León
24274;Rioseco de Tapia;León
24275;Rioseco de Tapia;León
24275;Santa María de Ordás;León
24276;Santa María de Ordás;León
24277;Santa María de Ordás;León
24280;Benavides;León
24281;Benavides;León
24282;San Andrés del Rabanedo;León
24282;Valverde de la Virgen;León
24283;Carrizo;León
24284;Turcia;León
24285;Benavides;León
24285;Quintana del Castillo;León
24285;Turcia;León
24286;Hospital de Órbigo;León
24287;Benavides;León
24287;Villares de Órbigo;León
24288;Villarejo de Órbigo;León
24288;Villares de Órbigo;León
24290;Santa Cristina de Valmadrigal;León
24291;Matadeón de los Oteros;León
24292;Valverde-Enrique;León
24293;Izagre;León
24294;Gordoncillo;León
24300;Bembibre;León
24310;Folgoso de la Ribera;León
24310;Torre del Bierzo;León
24311;Folgoso de la Ribera;León
24312;Folgoso de la Ribera;León
24312;Igüeña;León
24313;Igüeña;León
24314;Castropodame;León
24315;Bembibre;León
24315;Folgoso de la Ribera;León
24316;Castropodame;León
24317;Torre del Bierzo;León
24318;Bembibre;León
24319;Bembibre;León
24319;Igüeña;León
24319;Noceda del Bierzo;León
24320;Sahagún;León
24323;Castrotierra de Valmadrigal;León
24323;Valverde-Enrique;León
24324;Joarilla de las Matas;León
24324;Vallecillo;León
24325;Bercianos del Real Camino;León
24325;Gordaliza del Pino;León
24326;Sahagún;León
24327;Villazanzo de Valderaduey;León
24328;Cea;León
24328;Sahagún;León
24328;Villazanzo de Valderaduey;León
24329;Sahagún;León
24330;Santas Martas;León
24339;Santas Martas;León
24339;Villamoratiel de las Matas;León
24340;Grajal de Campos;León
24341;Escobar de Campos;León
24342;Calzada del Coto;León
24343;Burgo Ranero;León
24343;Santa María del Monte de Cea;León
24344;Burgo Ranero;León
24344;Santa María del Monte de Cea;León
24344;Villamartín de Don Sancho;León
24344;Villaselán;León
24345;Santas Martas;León
24346;Vega de Infanzones;León
24347;Onzonilla;León
24347;Vega de Infanzones;León
24350;Villarejo de Órbigo;León
24356;Bustillo del Páramo;León
24356;Villazala;León
24357;Bustillo del Páramo;León
24358;Villarejo de Órbigo;León
24359;San Cristóbal de la Polantera;León
24359;San Justo de la Vega;León
24360;Villagatón;León
24367;Villagatón;León
24368;Villagatón;León
24369;Villagatón;León
24370;Torre del Bierzo;León
24374;Igüeña;León
24374;Torre del Bierzo;León
24375;Igüeña;León
24376;Igüeña;León
24377;Igüeña;León
24378;Torre del Bierzo;León
24379;Torre del Bierzo;León
24379;Villagatón;León
24380;Puente de Domingo Flórez;León
24384;Puente de Domingo Flórez;León
24385;Puente de Domingo Flórez;León
24386;Puente de Domingo Flórez;León
24387;Puente de Domingo Flórez;León
24388;Benuza;León
24389;Benuza;León
24389;Puente de Domingo Flórez;León
24390;Carracedelo;León
24391;Chozas de Abajo;León
24391;Santovenia de la Valdoncina;León
24391;Valverde de la Virgen;León
24392;Cimanes del Tejar;León
24392;Chozas de Abajo;León
24392;Villadangos del Páramo;León
24393;Bustillo del Páramo;León
24393;Cimanes del Tejar;León
24393;Santa Marina del Rey;León
24394;Valderrey;León
24395;San Justo de la Vega;León
24395;Valderrey;León
24396;Magaz de Cepeda;León
24397;Magaz de Cepeda;León
24397;Quintana del Castillo;León
24398;Castropodame;León
24398;Congosto;León
24398;Molinaseca;León
24400;Ponferrada;León
24401;Ponferrada;León
24402;Ponferrada;León
24403;Ponferrada;León
24404;Ponferrada;León
24410;Arganza;León
24410;Camponaraya;León
24411;Ponferrada;León
24412;Cabañas Raras;León
24413;Molinaseca;León
24413;Ponferrada;León
24414;Ponferrada;León
24415;Ponferrada;León
24416;Ponferrada;León
24420;Fabero;León
24424;Ponferrada;León
24428;Fabero;León
24429;Fabero;León
24429;Peranzanes;León
24430;Vega de Espinareda;León
24433;Candín;León
24434;Fabero;León
24434;Vega de Espinareda;León
24435;Vega de Espinareda;León
24436;Vega de Espinareda;León
24437;Vega de Espinareda;León
24438;Berlanga del Bierzo;León
24438;Toreno;León
24439;Sancedo;León
24439;Vega de Espinareda;León
24440;Carucedo;León
24441;Carucedo;León
24441;Toral de los Vados;León
24442;Carucedo;León
24443;Borrenes;León
24444;Borrenes;León
24445;Priaranza del Bierzo;León
24446;Priaranza del Bierzo;León
24447;Priaranza del Bierzo;León
24448;Ponferrada;León
24448;Priaranza del Bierzo;León
24450;Toreno;León
24456;Arganza;León
24457;Toreno;León
24457;Vilosell;León
24458;Noceda del Bierzo;León
24458;Toreno;León
24459;Toreno;León
24460;Toreno;León
24469;Páramo del Sil;León
24469;Toreno;León
24470;Páramo del Sil;León
24478;Páramo del Sil;León
24479;Páramo del Sil;León
24480;Palacios del Sil;León
24488;Páramo del Sil;León
24489;Palacios del Sil;León
24490;Ponferrada;León
24491;Ponferrada;León
24492;Cubillos del Sil;León
24493;Toreno;León
24494;Páramo del Sil;León
24495;Palacios del Sil;León
24496;Palacios del Sil;León
24497;Palacios del Sil;León
24498;Palacios del Sil;León
24500;Villafranca del Bierzo;León
24510;Villafranca del Bierzo;León
24511;Villafranca del Bierzo;León
24512;Valle de Altomira;León
24512;Villafranca del Bierzo;León
24513;Villafranca del Bierzo;León
24514;Corullón;León
24515;Corullón;León
24516;Corullón;León
24516;Toral de los Vados;León
24516;Villafranca del Bierzo;León
24517;Corullón;León
24520;Vega de Valcarce;León
24521;Barjas;León
24521;Vega de Valcarce;León
24522;Trabadelo;León
24523;Trabadelo;León
24524;Vega de Valcarce;León
24525;Balboa;León
24526;Vega de Valcarce;León
24530;Toral de los Vados;León
24530;Villafranca del Bierzo;León
24540;Cacabelos;León
24544;Carracedelo;León
24545;Arganza;León
24545;Sancedo;León
24546;Arganza;León
24547;Cacabelos;León
24547;Villafranca del Bierzo;León
24548;Cacabelos;León
24549;Carracedelo;León
24550;Carracedelo;León
24550;Toral de los Vados;León
24560;Toral de los Vados;León
24565;Carracedelo;León
24566;Oencia;León
24567;Oencia;León
24567;Sobrado;León
24568;Oencia;León
24569;Oencia;León
24569;Sobrado;León
24569;Toral de los Vados;León
24600;Pola de Gordón;León
24607;Pola de Gordón;León
24608;Pola de Gordón;León
24609;Pola de Gordón;León
24610;Cuadros;León
24620;Cuadros;León
24630;Cuadros;León
24640;Robla;León
24648;Matallana de Torío;León
24648;Robla;León
24649;Robla;León
24650;Pola de Gordón;León
24660;Pola de Gordón;León
24670;Pola de Gordón;León
24680;Villamanín;León
24687;Villamanín;León
24688;Villamanín;León
24689;Villamanín;León
24690;Villamanín;León
24699;Villamanín;León
24700;Astorga;León
24710;San Justo de la Vega;León
24711;Villamejil;León
24711;Villaobispo de Otero;León
24712;Villamejil;León
24713;Villamejil;León
24714;Brazuelo;León
24715;Brazuelo;León
24716;Brazuelo;León
24717;Lucillo;León
24717;Luyego;León
24717;Santiago Millas;León
24717;Val de San Lorenzo;León
24718;Astorga;León
24718;Brazuelo;León
24719;Villaobispo de Otero;León
24720;Santa Colomba de Somoza;León
24721;Castrillo de la Valduerna;León
24721;Luyego;León
24722;Santa Colomba de Somoza;León
24723;Lucillo;León
24724;Lucillo;León
24730;Destriana;León
24730;Villamontán de la Valduerna;León
24731;Santiago Millas;León
24732;Santiago Millas;León
24732;Valderrey;León
24733;Quintana y Congosto;León
24734;Castrocontrigo;León
24735;Castrocontrigo;León
24736;Castrocontrigo;León
24738;Truchas;León
24739;Torre del Bierzo;León
24740;Barjas;León
24740;Santiago Millas;León
24740;Truchas;León
24740;Villablino;León
24741;Truchas;León
24742;Castrillo de Cabrera;León
24743;Encinedo;León
24744;Castrillo de Cabrera;León
24744;Encinedo;León
24745;Encinedo;León
24746;Encinedo;León
24750;Bañeza;León
24760;Castrocalbón;León
24760;Pola de Gordón;León
24760;San Esteban de Nogales;León
24761;Alija del Infantado;León
24762;Quintana del Marco;León
24762;Santa Elena de Jamuz;León
24763;Regueras de Arriba;León
24763;Soto de la Vega;León
24763;Villazala;León
24764;Bañeza;León
24764;Palacios de la Valduerna;León
24764;Soto de la Vega;León
24765;Riego de la Vega;León
24765;Villamontán de la Valduerna;León
24766;Bañeza;León
24766;Palacios de la Valduerna;León
24766;Villamontán de la Valduerna;León
24767;Quintana y Congosto;León
24767;Santa Elena de Jamuz;León
24768;Soto de la Vega;León
24769;Cebrones del Río;León
24790;Roperuelos del Páramo;León
24791;Roperuelos del Páramo;León
24791;Zotes del Páramo;León
24792;Alija del Infantado;León
24792;Pozuelo del Páramo;León
24792;Quintana del Marco;León
24793;Valderrey;León
24794;Riego de la Vega;León
24795;Riego de la Vega;León
24795;San Cristóbal de la Polantera;León
24795;Santa María de la Isla;León
24796;Antigua;León
24796;Pozuelo del Páramo;León
24797;San Adrián del Valle;León
24800;Cistierna;León
24810;Sabero;León
24811;Sabero;León
24812;Sabero;León
24813;Cistierna;León
24814;Sabero;León
24815;Cistierna;León
24816;Cistierna;León
24820;Garrafe de Torío;León
24820;Matallana de Torío;León
24830;Matallana de Torío;León
24836;Matallana de Torío;León
24836;Vegacervera;León
24837;Cármenes;León
24837;Valdelugueros;León
24837;Vegacervera;León
24838;Cármenes;León
24839;Matallana de Torío;León
24840;Vecilla;León
24843;Valdelugueros;León
24844;Valdelugueros;León
24845;Valdelugueros;León
24846;Valdepiélago;León
24847;Valdepiélago;León
24848;Santa Colomba de Curueño;León
24848;Vecilla;León
24849;Valdepiélago;León
24849;Vecilla;León
24850;Boñar;León
24852;Boñar;León
24852;Vegaquemada;León
24853;Boñar;León
24854;Boñar;León
24855;Puebla de Lillo;León
24856;Reyero;León
24857;Boñar;León
24857;Puebla de Lillo;León
24858;Boñar;León
24859;Boñar;León
24860;Boñar;León
24860;Vegaquemada;León
24869;Vegaquemada;León
24870;Ercina;León
24877;Ercina;León
24878;Ercina;León
24878;Gradefes;León
24879;Ercina;León
24880;Valderrueda;León
24882;Valderrueda;León
24883;Valderrueda;León
24884;Valderrueda;León
24885;Boca de Huérgano;León
24885;Prioro;León
24886;Valderrueda;León
24887;Valderrueda;León
24888;Almanza;León
24888;Cebanico;León
24888;Valderrueda;León
24889;Valderrueda;León
24890;Garrafe de Torío;León
24891;Garrafe de Torío;León
24892;Cebanico;León
24893;Prado de la Guzpeña;León
24900;Riaño;León
24911;Boca de Huérgano;León
24912;Boca de Huérgano;León
24913;Boca de Huérgano;León
24914;Posada de Valdeón;León
24915;Posada de Valdeón;León
24916;Oseja de Sajambre;León
24917;Burón;León
24918;Riaño;León
24920;Valdepolo;León
24930;Valdepolo;León
24940;Cubillas de Rueda;León
24950;Cistierna;León
24960;Crémenes;León
24960;Sabero;León
24970;Crémenes;León
24980;Crémenes;León
24989;Crémenes;León
24990;Crémenes;León
24991;Crémenes;León
24994;Acebedo;León
24994;Burón;León
24995;Burón;León
24996;Acebedo;León
24996;Maraña;León
25001;Lleida;Lérida
25002;Lleida;Lérida
25003;Lleida;Lérida
25004;Lleida;Lérida
25005;Lleida;Lérida
25006;Lleida;Lérida
25007;Lleida;Lérida
25008;Lleida;Lérida
25100;Almacelles;Lérida
25110;Alpicat;Lérida
25110;Lleida;Lérida
25110;Torrefarrera;Lérida
25111;Lleida;Lérida
25112;Gimenells i el Pla de la Font;Lérida
25113;Lleida;Lérida
25114;Gimenells i el Pla de la Font;Lérida
25120;Alfarrás;Lérida
25122;Ivars de Noguera;Lérida
25123;Torrefarrera;Lérida
25124;Rosselló;Lérida
25125;Alguaire;Lérida
25126;Almenar;Lérida
25126;Torrefarrera;Lérida
25130;Algerri;Lérida
25131;Torre-serona;Lérida
25132;Benavent de Segriá;Lérida
25133;Vilanova de Segriá;Lérida
25134;Portella;Lérida
25135;Albesa;Lérida
25136;Castelló de Farfanya;Lérida
25137;Corbins;Lérida
25138;Torrelameu;Lérida
25139;Menárguens;Lérida
25140;Arbeca;Lérida
25141;Torregrossa;Lérida
25142;Bellvís;Lérida
25143;Poal;Lérida
25144;Bellvís;Lérida
25150;Artesa de Lleida;Lérida
25151;Aspa;Lérida
25152;Cogul;Lérida
25153;Puigverd de Lleida;Lérida
25154;Castelldans;Lérida
25155;Albagés;Lérida
25160;Granyena de les Garrigues;Lérida
25161;Alfés;Lérida
25162;Alcanó;Lérida
25163;Solerás;Lérida
25164;Torms;Lérida
25165;Juncosa;Lérida
25170;Torres de Segre;Lérida
25171;Albatárrec;Lérida
25172;Montoliu de Lleida;Lérida
25173;Sudanell;Lérida
25174;Sunyer;Lérida
25175;Sarroca de Lleida;Lérida
25176;Torrebesses;Lérida
25177;Granadella;Lérida
25177;Bellaguarda;Lérida
25178;Bovera;Lérida
25179;Maials;Lérida
25180;Alcarrás;Lérida
25181;Soses;Lérida
25182;Aitona;Lérida
25183;Serós;Lérida
25184;Massalcoreig;Lérida
25185;Granja d'Escarp;Lérida
25186;Llardecans;Lérida
25187;Almatret;Lérida
25191;Lleida;Lérida
25192;Lleida;Lérida
25193;Alcarrás;Lérida
25193;Lleida;Lérida
25193;Sant Llorens de Morunys;Lérida
25194;Lleida;Lérida
25195;Lleida;Lérida
25196;Lleida;Lérida
25197;Lleida;Lérida
25198;Lleida;Lérida
25198;Castell de Mur;Lérida
25199;Lleida;Lérida
25200;Cervera;Lérida
25210;Guissona;Lérida
25211;Massoteres;Lérida
25211;Sant Guim de la Plana;Lérida
25211;Tarroja de Segarra;Lérida
25211;Torrefeta i Florejacs;Lérida
25212;Torrefeta i Florejacs;Lérida
25212;Plans de Sió;Lérida
25213;Cervera;Lérida
25213;Talavera;Lérida
25213;Ribera d'Ondara;Lérida
25214;Cervera;Lérida
25214;Estarás;Lérida
25214;Oluges;Lérida
25214;Senterada;Lérida
25215;Estarás;Lérida
25215;Sant Ramon;Lérida
25216;Ivorra;Lérida
25216;Sant Ramon;Lérida
25217;Baix Pallars;Lérida
25217;Granyena de Segarra;Lérida
25217;Montoliu de Segarra;Lérida
25217;Ribera d'Ondara;Lérida
25218;Cervera;Lérida
25218;Granyanella;Lérida
25218;Plans de Sió;Lérida
25220;Bell-lloc d'Urgell;Lérida
25221;Alamús;Lérida
25222;Sidamon;Lérida
25230;Mollerussa;Lérida
25240;Linyola;Lérida
25240;Penelles;Lérida
25241;Golmés;Lérida
25242;Miralcamp;Lérida
25243;Palau d'Anglesola;Lérida
25244;Fondarella;Lérida
25245;Vila-sana;Lérida
25250;Bellpuig;Lérida
25260;Ivars d'Urgell;Lérida
25261;Ivars d'Urgell;Lérida
25261;Penelles;Lérida
25262;Barbens;Lérida
25263;Preixana;Lérida
25264;Vilanova de Bellpuig;Lérida
25265;Castellnou de Seana;Lérida
25266;Belianes;Lérida
25266;Maldá;Lérida
25267;Sant Martí de Riucorb;Lérida
25268;Omells de na Gaia;Lérida
25268;Vallbona de les Monges;Lérida
25269;Vallbona de les Monges;Lérida
25270;Sant Guim de Freixenet;Lérida
25271;Estarás;Lérida
25271;Sant Guim de Freixenet;Lérida
25280;Olius;Lérida
25280;Solsona;Lérida
25281;Llobera;Lérida
25282;Sant Llorens de Morunys;Lérida
25283;Lladurs;Lérida
25283;Odén;Lérida
25284;Coma i la Pedra;Lérida
25285;Guixers;Lérida
25286;Navés;Lérida
25286;Olius;Lérida
25286;Pinell de Solsonés;Lérida
25287;Olius;Lérida
25287;Pinós;Lérida
25287;Riner;Lérida
25288;Lladurs;Lérida
25289;Bassella;Lérida
25289;Castellar de la Ribera;Lérida
25290;Clariana de Cardener;Lérida
25290;Riner;Lérida
25300;Tárrega;Lérida
25310;Agramunt;Lérida
25315;Montgai;Lérida
25316;Preixens;Lérida
25317;Agramunt;Lérida
25318;Agramunt;Lérida
25318;Oliola;Lérida
25318;Ossó de Sió;Lérida
25318;Puigverd d'Agramunt;Lérida
25320;Anglesola;Lérida
25327;Vall de Boí;Lérida
25330;Vilagrassa;Lérida
25331;Agramunt;Lérida
25331;Tornabous;Lérida
25332;Fuliola;Lérida
25333;Penelles;Lérida
25334;Castellserá;Lérida
25334;Sant Martí de Riucorb;Lérida
25335;Penelles;Lérida
25336;Bellmunt d'Urgell;Lérida
25337;Bellcaire d'Urgell;Lérida
25340;Montornés de Segarra;Lérida
25340;Verdú;Lérida
25341;Ciutadilla;Lérida
25341;Guimerá;Lérida
25341;Nalec;Lérida
25343;Sant Martí de Riucorb;Lérida
25344;Sant Martí de Riucorb;Lérida
25350;Tárrega;Lérida
25351;Tárrega;Lérida
25352;Tárrega;Lérida
25353;Tárrega;Lérida
25354;Tárrega;Lérida
25360;Tárrega;Lérida
25370;Artesa de Segre;Lérida
25400;Borges Blanques;Lérida
25410;Espluga Calba;Lérida
25411;Fulleda;Lérida
25412;Omellons;Lérida
25413;Floresta;Lérida
25420;Puiggrós;Lérida
25430;Juneda;Lérida
25440;Vinaixa;Lérida
25450;Albi;Lérida
25457;Vilosell;Lérida
25460;Cerviá de les Garrigues;Lérida
25471;Pobla de Cérvoles;Lérida
25480;Tarrés;Lérida
25500;Pobla de Segur;Lérida
25510;Torre de Cabdella;Lérida
25511;Torre de Cabdella;Lérida
25512;Torre de Cabdella;Lérida
25513;Baix Pallars;Lérida
25513;Pobla de Segur;Lérida
25513;Torre de Cabdella;Lérida
25514;Pont de Suert;Lérida
25514;Senterada;Lérida
25515;Torre de Cabdella;Lérida
25516;Conca de Dalt;Lérida
25516;Pobla de Segur;Lérida
25517;Conca de Dalt;Lérida
25518;Conca de Dalt;Lérida
25520;Pont de Suert;Lérida
25526;Vall de Boí;Lérida
25526;Pont de Suert;Lérida
25527;Vall de Boí;Lérida
25528;Vall de Boí;Lérida
25529;Pont de Suert;Lérida
25530;Vielha e Mijaran;Lérida
25537;Vielha e Mijaran;Lérida
25538;Vielha e Mijaran;Lérida
25539;Naut Aran;Lérida
25539;Vielha e Mijaran;Lérida
25540;Les;Lérida
25547;Vilosell;Lérida
25548;Canejan;Lérida
25549;Bausen;Lérida
25550;Bossóst;Lérida
25551;Arres;Lérida
25551;Bórdes;Lérida
25551;Vilamós;Lérida
25552;Pont de Suert;Lérida
25552;Vilaller;Lérida
25553;Vilaller;Lérida
25554;Pont de Suert;Lérida
25555;Pont de Suert;Lérida
25555;Sarroca de Bellera;Lérida
25555;Senterada;Lérida
25556;Pont de Suert;Lérida
25560;Alcoletge;Lérida
25560;Sort;Lérida
25566;Soriguera;Lérida
25567;Sort;Lérida
25568;Sort;Lérida
25569;Soriguera;Lérida
25569;Sort;Lérida
25570;Vall de Cardós;Lérida
25571;Esterri de Cardós;Lérida
25571;Lladorre;Lérida
25571;Vall de Cardós;Lérida
25572;Vall de Cardós;Lérida
25573;Alins;Lérida
25574;Alins;Lérida
25575;Alins;Lérida
25576;Lladorre;Lérida
25576;Vall de Cardós;Lérida
25577;Lladorre;Lérida
25580;Esterri d'Áneu;Lérida
25583;Tremp;Lérida
25584;Tremp;Lérida
25586;Alt Áneu;Lérida
25587;Alt Áneu;Lérida
25588;Guingueta d'Áneu;Lérida
25589;Alt Áneu;Lérida
25590;Baix Pallars;Lérida
25591;Baix Pallars;Lérida
25592;Baix Pallars;Lérida
25592;Camarasa;Lérida
25593;Soriguera;Lérida
25594;Llavorsí;Lérida
25594;Rialp;Lérida
25595;Farrera;Lérida
25595;Llavorsí;Lérida
25595;Tírvia;Lérida
25595;Guingueta d'Áneu;Lérida
25596;Guingueta d'Áneu;Lérida
25597;Espot;Lérida
25597;Guingueta d'Áneu;Lérida
25598;Naut Aran;Lérida
25599;Naut Aran;Lérida
25600;Balaguer;Lérida
25610;Os de Balaguer;Lérida
25611;Áger;Lérida
25611;Avellanes i Santa Linya;Lérida
25611;Os de Balaguer;Lérida
25612;Avellanes i Santa Linya;Lérida
25612;Os de Balaguer;Lérida
25613;Camarasa;Lérida
25614;Os de Balaguer;Lérida
25615;Camarasa;Lérida
25616;Montgai;Lérida
25617;Sentiu de Sió;Lérida
25617;Vallfogona de Balaguer;Lérida
25620;Tremp;Lérida
25630;Talarn;Lérida
25631;Castell de Mur;Lérida
25632;Sant Esteve de la Sarga;Lérida
25632;Castell de Mur;Lérida
25633;Tremp;Lérida
25633;Castell de Mur;Lérida
25634;Tremp;Lérida
25635;Tremp;Lérida
25636;Tremp;Lérida
25637;Tremp;Lérida
25638;Gavet de la Conca;Lérida
25638;Llimiana;Lérida
25639;Gavet de la Conca;Lérida
25639;Llimiana;Lérida
25640;Tremp;Lérida
25650;Isona i Conca Dellá;Lérida
25651;Abella de la Conca;Lérida
25651;Isona i Conca Dellá;Lérida
25652;Abella de la Conca;Lérida
25653;Isona i Conca Dellá;Lérida
25654;Tremp;Lérida
25655;Isona i Conca Dellá;Lérida
25656;Isona i Conca Dellá;Lérida
25657;Isona i Conca Dellá;Lérida
25658;Isona i Conca Dellá;Lérida
25660;Alcoletge;Lérida
25670;Térmens;Lérida
25680;Vallfogona de Balaguer;Lérida
25689;Gavet de la Conca;Lérida
25690;Vilanova de la Barca;Lérida
25691;Áger;Lérida
25692;Áger;Lérida
25692;Camarasa;Lérida
25693;Conca de Dalt;Lérida
25693;Salás de Pallars;Lérida
25700;Seu d'Urgell;Lérida
25710;Seu d'Urgell;Lérida
25711;Montferrer i Castellbó;Lérida
25712;Montferrer i Castellbó;Lérida
25713;Ribera d'Urgellet;Lérida
25714;Montferrer i Castellbó;Lérida
25714;Ribera d'Urgellet;Lérida
25714;Valls d'Aguilar;Lérida
25715;Alás i Cerc;Lérida
25716;Gósol;Lérida
25717;Alás i Cerc;Lérida
25717;Vansa i Fórnols;Lérida
25717;Josa i Tuixén;Lérida
25718;Alás i Cerc;Lérida
25719;Estamariu;Lérida
25720;Bellver de Cerdanya;Lérida
25721;Bellver de Cerdanya;Lérida
25721;Prats i Sansor;Lérida
25721;Riu de Cerdanya;Lérida
25722;Pont de Bar;Lérida
25722;Arséguel;Lérida
25722;Cava;Lérida
25723;Pont de Bar;Lérida
25724;Bellver de Cerdanya;Lérida
25724;Montellá i Martinet;Lérida
25725;Montellá i Martinet;Lérida
25726;Lles de Cerdanya;Lérida
25727;Prullans;Lérida
25730;Artesa de Segre;Lérida
25735;Vilanova de Meiá;Lérida
25736;Artesa de Segre;Lérida
25736;Vilanova de Meiá;Lérida
25737;Alós de Balaguer;Lérida
25737;Artesa de Segre;Lérida
25737;Bassella;Lérida
25737;Cubells;Lérida
25737;Foradada;Lérida
25738;Artesa de Segre;Lérida
25738;Vilanova de Meiá;Lérida
25739;Artesa de Segre;Lérida
25740;Ponts;Lérida
25746;Ponts;Lérida
25747;Baronia de Rialb;Lérida
25748;Cabanabona;Lérida
25748;Oliola;Lérida
25748;Vilanova de l'Aguda;Lérida
25749;Oliola;Lérida
25749;Ponts;Lérida
25749;Vilanova de l'Aguda;Lérida
25750;Torá;Lérida
25751;Torá;Lérida
25752;Biosca;Lérida
25753;Biosca;Lérida
25753;Sanaüja;Lérida
25790;Bassella;Lérida
25790;Coll de Nargó;Lérida
25790;Odén;Lérida
25790;Oliana;Lérida
25790;Peramola;Lérida
25791;Tiurana;Lérida
25792;Bassella;Lérida
25793;Coll de Nargó;Lérida
25794;Cabó;Lérida
25794;Coll de Nargó;Lérida
25794;Organyá;Lérida
25794;Fígols i Alinyá;Lérida
25795;Ribera d'Urgellet;Lérida
25795;Valls d'Aguilar;Lérida
25796;Ribera d'Urgellet;Lérida
25797;Ribera d'Urgellet;Lérida
25798;Valls de Valira;Lérida
25799;Pont de Bar;Lérida
25969;Pizarra;Lérida
26001;Logroño;La Rioja
26002;Logroño;La Rioja
26003;Logroño;La Rioja
26004;Logroño;La Rioja
26005;Logroño;La Rioja
26006;Logroño;La Rioja
26006;Villamediana de Iregua;La Rioja
26007;Logroño;La Rioja
26008;Logroño;La Rioja
26009;Logroño;La Rioja
26100;Almarza de Cameros;La Rioja
26100;Torrecilla en Cameros;La Rioja
26110;Nestares;La Rioja
26111;Almarza de Cameros;La Rioja
26111;Pinillos;La Rioja
26120;Albelda de Iregua;La Rioja
26121;Nalda;La Rioja
26121;Viguera;La Rioja
26122;Gallinero de Cameros;La Rioja
26122;Pradillo;La Rioja
26123;Villanueva de Cameros;La Rioja
26124;Nieva de Cameros;La Rioja
26124;Ortigosa de Cameros;La Rioja
26124;Rasillo de Cameros;La Rioja
26125;Villoslada de Cameros;La Rioja
26126;Lumbreras;La Rioja
26130;Alberite;La Rioja
26130;Clavijo;La Rioja
26130;Ribafrecha;La Rioja
26131;Lagunilla del Jubera;La Rioja
26131;Robres del Castillo;La Rioja
26131;Santa Engracia del Jubera;La Rioja
26132;Leza de Río Leza;La Rioja
26132;Santa Engracia del Jubera;La Rioja
26132;Soto en Cameros;La Rioja
26132;Terroba;La Rioja
26133;Ajamil de Cameros;La Rioja
26133;Hornillos de Cameros;La Rioja
26133;Rabanera;La Rioja
26133;San Román de Cameros;La Rioja
26134;Jalón de Cameros;La Rioja
26134;Muro en Cameros;La Rioja
26134;Torre en Cameros;La Rioja
26135;Cabezón de Cameros;La Rioja
26135;Laguna de Cameros;La Rioja
26140;Lardero;La Rioja
26141;Alberite;La Rioja
26142;Villamediana de Iregua;La Rioja
26143;Murillo de Río Leza;La Rioja
26144;Corera;La Rioja
26144;Galilea;La Rioja
26144;Ocón;La Rioja
26145;Ocón;La Rioja
26146;Redal;La Rioja
26147;Ocón;La Rioja
26148;Ocón;La Rioja
26151;Arrúbal;La Rioja
26160;Agoncillo;La Rioja
26190;Nalda;La Rioja
26191;Sorzano;La Rioja
26200;Haro;La Rioja
26200;Nájera;La Rioja
26210;Anguciana;La Rioja
26210;Cihuri;La Rioja
26210;Tirgo;La Rioja
26211;Foncea;La Rioja
26211;Fonzaleche;La Rioja
26211;Tirgo;La Rioja
26212;Miranda de Ebro;La Rioja
26212;Cellorigo;La Rioja
26212;Fonzaleche;La Rioja
26212;Galbárruli;La Rioja
26212;Sajazarra;La Rioja
26213;Herramélluri;La Rioja
26213;Leiva;La Rioja
26213;Ochánduri;La Rioja
26213;Tormantos;La Rioja
26214;Cuzcurrita de Río Tirón;La Rioja
26214;Rodezno;La Rioja
26215;Treviana;La Rioja
26216;San Millán de Yécora;La Rioja
26220;Ollauri;La Rioja
26221;Gimileo;La Rioja
26222;Rodezno;La Rioja
26223;Hormilleja;La Rioja
26224;Torrecilla sobre Alesanco;La Rioja
26230;Casalarreina;La Rioja
26240;Castañares de Rioja;La Rioja
26241;Baños de Rioja;La Rioja
26250;Arnedo;La Rioja
26250;Santo Domingo de la Calzada;La Rioja
26256;Villalobar de Rioja;La Rioja
26257;Bañares;La Rioja
26257;Hervías;La Rioja
26258;Cirueña;La Rioja
26258;Manzanares de Rioja;La Rioja
26259;Corporales;La Rioja
26259;Grañón;La Rioja
26259;Villarta-Quintana;La Rioja
26260;Santurde de Rioja;La Rioja
26261;Pazuengos;La Rioja
26261;Santurdejo;La Rioja
26270;Ojacastro;La Rioja
26280;Ezcaray;La Rioja
26288;Valgañón;La Rioja
26288;Zorraquín;La Rioja
26289;Ezcaray;La Rioja
26290;Briñas;La Rioja
26291;Cidamón;La Rioja
26291;San Torcuato;La Rioja
26291;Zarratón;La Rioja
26292;Haro;La Rioja
26292;Villalba de Rioja;La Rioja
26300;Nájera;La Rioja
26310;Badarán;La Rioja
26311;Arenzana de Abajo;La Rioja
26311;Camprovín;La Rioja
26311;Cárdenas;La Rioja
26311;Cordovín;La Rioja
26312;Arenzana de Arriba;La Rioja
26312;Bezares;La Rioja
26312;Tricio;La Rioja
26313;Uruñuela;La Rioja
26314;Huércanos;La Rioja
26315;Alesón;La Rioja
26315;Bezares;La Rioja
26315;Castroviejo;La Rioja
26315;Manjarrés;La Rioja
26315;Santa Coloma;La Rioja
26320;Baños de Río Tobía;La Rioja
26321;Bobadilla;La Rioja
26321;Ledesma de la Cogolla;La Rioja
26321;Matute;La Rioja
26321;Pedroso;La Rioja
26321;Tobía;La Rioja
26321;Villaverde de Rioja;La Rioja
26322;Anguiano;La Rioja
26322;Brieva de Cameros;La Rioja
26323;Azofra;La Rioja
26323;Hormilla;La Rioja
26324;Alesanco;La Rioja
26325;Canillas de Río Tuerto;La Rioja
26325;Cañas;La Rioja
26325;Villar de Torre;La Rioja
26325;Villarejo;La Rioja
26326;San Millán de la Cogolla;La Rioja
26327;Berceo;La Rioja
26328;Estollo;La Rioja
26329;Camprovín;La Rioja
26329;Canales de la Sierra;La Rioja
26329;Mansilla de la Sierra;La Rioja
26329;Ventrosa;La Rioja
26329;Villavelayo;La Rioja
26329;Viniegra de Abajo;La Rioja
26329;Viniegra de Arriba;La Rioja
26330;Briones;La Rioja
26338;San Vicente de la Sonsierra;La Rioja
26339;Ábalos;La Rioja
26339;San Vicente de la Sonsierra;La Rioja
26340;San Asensio;La Rioja
26350;Cenicero;La Rioja
26359;Torremontalbo;La Rioja
26360;Fuenmayor;La Rioja
26370;Navarrete;La Rioja
26371;Sotés;La Rioja
26371;Ventosa;La Rioja
26372;Hornos de Moncalvillo;La Rioja
26373;Daroca de Rioja;La Rioja
26374;Medrano;La Rioja
26375;Entrena;La Rioja
26376;Sojuela;La Rioja
26500;Calahorra;La Rioja
26509;Alcanadre;La Rioja
26510;Pradejón;La Rioja
26511;Villar de Arnedo;La Rioja
26512;Tudelilla;La Rioja
26513;Ausejo;La Rioja
26520;Cervera del Río Alhama;La Rioja
26525;Igea;La Rioja
26526;Cornago;La Rioja
26527;Cervera del Río Alhama;La Rioja
26527;Cornago;La Rioja
26528;Cervera del Río Alhama;La Rioja
26529;Cervera del Río Alhama;La Rioja
26530;Aguilar del Río Alhama;La Rioja
26531;Aguilar del Río Alhama;La Rioja
26532;Valdemadera;La Rioja
26533;Navajún;La Rioja
26540;Alfaro;La Rioja
26550;Rincón de Soto;La Rioja
26559;Aldeanueva de Ebro;La Rioja
26560;Autol;La Rioja
26570;Quel;La Rioja
26580;Arnedo;La Rioja
26584;Herce;La Rioja
26585;Arnedillo;La Rioja
26585;Santa Eulalia Bajera;La Rioja
26586;Enciso;La Rioja
26586;Munilla;La Rioja
26586;Zarzosa;La Rioja
26587;Grávalos;La Rioja
26587;Muro de Aguas;La Rioja
26587;Villarroya;La Rioja
26588;Bergasa;La Rioja
26588;Bergasillas Bajera;La Rioja
26589;Arnedillo;La Rioja
26589;Préjano;La Rioja
27001;Lugo;Lugo
27002;Lugo;Lugo
27003;Lugo;Lugo
27004;Lugo;Lugo
27100;Fonsagrada;Lugo
27110;Fonsagrada;Lugo
27111;Fonsagrada;Lugo
27112;Fonsagrada;Lugo
27113;Fonsagrada;Lugo
27113;Negueira de Muñiz;Lugo
27114;Fonsagrada;Lugo
27115;Fonsagrada;Lugo
27116;Fonsagrada;Lugo
27117;Fonsagrada;Lugo
27118;Fonsagrada;Lugo
27120;Castroverde;Lugo
27122;Castroverde;Lugo
27123;Castroverde;Lugo
27124;Castroverde;Lugo
27125;Castroverde;Lugo
27126;Castroverde;Lugo
27127;Castroverde;Lugo
27128;Castroverde;Lugo
27129;Castroverde;Lugo
27130;Baleira;Lugo
27131;Baleira;Lugo
27132;Baleira;Lugo
27133;Baleira;Lugo
27134;Fonsagrada;Lugo
27135;Fonsagrada;Lugo
27136;Fonsagrada;Lugo
27140;Lugo;Lugo
27141;Lugo;Lugo
27142;Castroverde;Lugo
27143;Castroverde;Lugo
27144;Castroverde;Lugo
27145;Corgo;Lugo
27146;Castroverde;Lugo
27146;Lugo;Lugo
27150;Outeiro de Rei;Lugo
27151;Outeiro de Rei;Lugo
27152;Guntín;Lugo
27152;Outeiro de Rei;Lugo
27153;Outeiro de Rei;Lugo
27154;Outeiro de Rei;Lugo
27155;Outeiro de Rei;Lugo
27156;Friol;Lugo
27157;Outeiro de Rei;Lugo
27160;Lugo;Lugo
27161;Lugo;Lugo
27162;Corgo;Lugo
27163;Corgo;Lugo
27164;Corgo;Lugo
27166;Castroverde;Lugo
27168;Corgo;Lugo
27169;Lugo;Lugo
27170;Portomarín;Lugo
27177;Portomarín;Lugo
27178;Portomarín;Lugo
27179;Portomarín;Lugo
27180;Lugo;Lugo
27181;Guntín;Lugo
27181;Lugo;Lugo
27182;Lugo;Lugo
27183;Guntín;Lugo
27184;Guntín;Lugo
27185;Guntín;Lugo
27185;Lugo;Lugo
27186;Guntín;Lugo
27187;Portomarín;Lugo
27188;Lugo;Lugo
27188;Portomarín;Lugo
27190;Corgo;Lugo
27190;Lugo;Lugo
27191;Lugo;Lugo
27192;Lugo;Lugo
27200;Palas de Rei;Lugo
27203;Palas de Rei;Lugo
27204;Palas de Rei;Lugo
27205;Palas de Rei;Lugo
27206;Palas de Rei;Lugo
27207;Palas de Rei;Lugo
27208;Palas de Rei;Lugo
27209;Palas de Rei;Lugo
27210;Guntín;Lugo
27210;Lugo;Lugo
27211;Guntín;Lugo
27212;Portomarín;Lugo
27213;Portomarín;Lugo
27214;Portomarín;Lugo
27215;Monterroso;Lugo
27216;Palas de Rei;Lugo
27217;Palas de Rei;Lugo
27220;Friol;Lugo
27226;Friol;Lugo
27227;Friol;Lugo
27228;Friol;Lugo
27229;Friol;Lugo
27230;Lugo;Lugo
27231;Lugo;Lugo
27232;Lugo;Lugo
27233;Guntín;Lugo
27233;Lugo;Lugo
27234;Guntín;Lugo
27235;Friol;Lugo
27240;Meira;Lugo
27241;Meira;Lugo
27243;Ribeira de Piquín;Lugo
27244;Ribeira de Piquín;Lugo
27245;Ribeira de Piquín;Lugo
27246;Pastoriza;Lugo
27247;Meira;Lugo
27247;Pol;Lugo
27248;Pastoriza;Lugo
27250;Castro de Rei;Lugo
27256;Castro de Rei;Lugo
27257;Castro de Rei;Lugo
27258;Castro de Rei;Lugo
27259;Castro de Rei;Lugo
27260;Castro de Rei;Lugo
27266;Castro de Rei;Lugo
27267;Castro de Rei;Lugo
27268;Castro de Rei;Lugo
27269;Castro de Rei;Lugo
27270;Pol;Lugo
27271;Castro de Rei;Lugo
27272;Pol;Lugo
27273;Pol;Lugo
27274;Pol;Lugo
27275;Pol;Lugo
27276;Baleira;Lugo
27277;Baleira;Lugo
27278;Baleira;Lugo
27279;Pol;Lugo
27280;Pol;Lugo
27283;Pol;Lugo
27286;Pastoriza;Lugo
27287;Pastoriza;Lugo
27289;Castro de Rei;Lugo
27289;Lugo;Lugo
27290;Lugo;Lugo
27293;Castroverde;Lugo
27293;Lugo;Lugo
27294;Lugo;Lugo
27296;Lugo;Lugo
27297;Lugo;Lugo
27298;Lugo;Lugo
27299;Friol;Lugo
27299;Lugo;Lugo
27300;Guitiriz;Lugo
27305;Guitiriz;Lugo
27306;Guitiriz;Lugo
27307;Guitiriz;Lugo
27308;Guitiriz;Lugo
27309;Guitiriz;Lugo
27310;Ribas de Sil;Lugo
27317;Ribas de Sil;Lugo
27318;Ribas de Sil;Lugo
27320;Quiroga;Lugo
27324;Folgoso do Courel;Lugo
27325;Folgoso do Courel;Lugo
27326;Folgoso do Courel;Lugo
27327;Folgoso do Courel;Lugo
27328;Folgoso do Courel;Lugo
27328;Quiroga;Lugo
27329;Quiroga;Lugo
27330;Pobra do Brollón;Lugo
27331;Pobra do Brollón;Lugo
27332;Pobra do Brollón;Lugo
27333;Pobra do Brollón;Lugo
27334;Pobra do Brollón;Lugo
27335;Pobra do Brollón;Lugo
27336;Pobra do Brollón;Lugo
27338;Pobra do Brollón;Lugo
27339;Folgoso do Courel;Lugo
27339;Pobra do Brollón;Lugo
27340;Bóveda;Lugo
27341;Incio;Lugo
27342;Incio;Lugo
27343;Bóveda;Lugo
27344;Bóveda;Lugo
27345;Incio;Lugo
27346;Incio;Lugo
27347;Incio;Lugo
27347;Pobra do Brollón;Lugo
27348;Incio;Lugo
27349;Bóveda;Lugo
27350;Bóveda;Lugo
27359;Bóveda;Lugo
27360;Láncara;Lugo
27362;Páramo;Lugo
27363;Páramo;Lugo
27364;Páramo;Lugo
27366;Láncara;Lugo
27367;Láncara;Lugo
27368;Láncara;Lugo
27369;Láncara;Lugo
27369;Páramo;Lugo
27370;Begonte;Lugo
27370;Rábade;Lugo
27372;Begonte;Lugo
27372;Guitiriz;Lugo
27373;Begonte;Lugo
27373;Outeiro de Rei;Lugo
27374;Outeiro de Rei;Lugo
27375;Begonte;Lugo
27375;Cospeito;Lugo
27375;Vilalba;Lugo
27376;Cospeito;Lugo
27377;Cospeito;Lugo
27378;Cospeito;Lugo
27379;Cospeito;Lugo
27380;Guitiriz;Lugo
27388;Guitiriz;Lugo
27389;Guitiriz;Lugo
27390;Quiroga;Lugo
27391;Pobra do Brollón;Lugo
27391;Quiroga;Lugo
27392;Sarria;Lugo
27400;Chantada;Lugo
27400;Guitiriz;Lugo
27400;Monforte de Lemos;Lugo
27410;Monforte de Lemos;Lugo
27411;Monforte de Lemos;Lugo
27412;Monforte de Lemos;Lugo
27413;Monforte de Lemos;Lugo
27413;Pobra do Brollón;Lugo
27414;Monforte de Lemos;Lugo
27415;Monforte de Lemos;Lugo
27416;Monforte de Lemos;Lugo
27417;Monforte de Lemos;Lugo
27418;Monforte de Lemos;Lugo
27419;Monforte de Lemos;Lugo
27419;Pantón;Lugo
27420;Monforte de Lemos;Lugo
27421;Sober;Lugo
27422;Sober;Lugo
27423;Sober;Lugo
27424;Sober;Lugo
27425;Sober;Lugo
27430;Pantón;Lugo
27437;Pantón;Lugo
27438;Pantón;Lugo
27439;Pantón;Lugo
27440;Sober;Lugo
27450;Pantón;Lugo
27460;Sober;Lugo
27466;Sober;Lugo
27468;Sober;Lugo
27469;Sober;Lugo
27470;Pantón;Lugo
27500;Chantada;Lugo
27510;Chantada;Lugo
27511;Chantada;Lugo
27512;Chantada;Lugo
27513;Chantada;Lugo
27514;Chantada;Lugo
27515;Chantada;Lugo
27515;Monterroso;Lugo
27516;Chantada;Lugo
27517;Chantada;Lugo
27518;Chantada;Lugo
27519;Chantada;Lugo
27520;Carballedo;Lugo
27527;Carballedo;Lugo
27528;Carballedo;Lugo
27529;Carballedo;Lugo
27530;Carballedo;Lugo
27531;Carballedo;Lugo
27532;Carballedo;Lugo
27533;Carballedo;Lugo
27533;Chantada;Lugo
27540;Saviñao;Lugo
27543;Saviñao;Lugo
27544;Saviñao;Lugo
27545;Saviñao;Lugo
27546;Saviñao;Lugo
27547;Saviñao;Lugo
27548;Saviñao;Lugo
27549;Pantón;Lugo
27549;Saviñao;Lugo
27550;Taboada;Lugo
27554;Taboada;Lugo
27555;Taboada;Lugo
27556;Taboada;Lugo
27557;Taboada;Lugo
27558;Taboada;Lugo
27559;Taboada;Lugo
27560;Monterroso;Lugo
27568;Monterroso;Lugo
27569;Monterroso;Lugo
27570;Antas de Ulla;Lugo
27576;Antas de Ulla;Lugo
27577;Antas de Ulla;Lugo
27578;Antas de Ulla;Lugo
27579;Antas de Ulla;Lugo
27590;Monforte de Lemos;Lugo
27591;Monforte de Lemos;Lugo
27592;Monforte de Lemos;Lugo
27592;Pantón;Lugo
27593;Pantón;Lugo
27594;Saviñao;Lugo
27595;Chantada;Lugo
27596;Taboada;Lugo
27600;Sarria;Lugo
27610;Sarria;Lugo
27611;Paradela;Lugo
27612;Paradela;Lugo
27612;Sarria;Lugo
27613;Sarria;Lugo
27614;Láncara;Lugo
27614;Sarria;Lugo
27615;Láncara;Lugo
27615;Sarria;Lugo
27616;Sarria;Lugo
27617;Sarria;Lugo
27618;Sarria;Lugo
27619;Sarria;Lugo
27620;Samos;Lugo
27623;Samos;Lugo
27624;Samos;Lugo
27625;Samos;Lugo
27626;Samos;Lugo
27627;Samos;Lugo
27628;Samos;Lugo
27630;Triacastela;Lugo
27631;Samos;Lugo
27631;Triacastela;Lugo
27632;Triacastela;Lugo
27633;Páramo;Lugo
27633;Samos;Lugo
27634;Triacastela;Lugo
27635;Samos;Lugo
27636;Samos;Lugo
27637;Sarria;Lugo
27638;Samos;Lugo
27639;Triacastela;Lugo
27640;Becerreá;Lugo
27646;Nogais;Lugo
27647;Becerreá;Lugo
27648;Becerreá;Lugo
27649;Becerreá;Lugo
27650;Becerreá;Lugo
27650;Navia de Suarna;Lugo
27651;Navia de Suarna;Lugo
27652;Navia de Suarna;Lugo
27653;Navia de Suarna;Lugo
27654;Navia de Suarna;Lugo
27655;Navia de Suarna;Lugo
27656;Navia de Suarna;Lugo
27657;Navia de Suarna;Lugo
27658;Navia de Suarna;Lugo
27659;Cervantes;Lugo
27659;Navia de Suarna;Lugo
27660;Becerreá;Lugo
27661;Becerreá;Lugo
27661;Cervantes;Lugo
27662;Cervantes;Lugo
27663;Becerreá;Lugo
27664;Becerreá;Lugo
27664;Cervantes;Lugo
27665;Cervantes;Lugo
27666;Cervantes;Lugo
27667;Cervantes;Lugo
27668;Becerreá;Lugo
27670;Pedrafita do Cebreiro;Lugo
27671;Pedrafita do Cebreiro;Lugo
27672;Pedrafita do Cebreiro;Lugo
27673;Pedrafita do Cebreiro;Lugo
27675;Nogais;Lugo
27676;Nogais;Lugo
27677;Becerreá;Lugo
27677;Cervantes;Lugo
27677;Nogais;Lugo
27678;Becerreá;Lugo
27679;Becerreá;Lugo
27680;Baralla;Lugo
27685;Baralla;Lugo
27686;Baralla;Lugo
27687;Baralla;Lugo
27688;Baralla;Lugo
27689;Baralla;Lugo
27690;Sarria;Lugo
27691;Láncara;Lugo
27692;Láncara;Lugo
27693;Láncara;Lugo
27694;Becerreá;Lugo
27695;Becerreá;Lugo
27695;Baralla;Lugo
27696;Baralla;Lugo
27697;Baralla;Lugo
27698;Becerreá;Lugo
27699;Láncara;Lugo
27700;Ribadeo;Lugo
27700;Valadouro;Lugo
27710;Ribadeo;Lugo
27711;Ribadeo;Lugo
27712;Ribadeo;Lugo
27713;Ribadeo;Lugo
27714;Ribadeo;Lugo
27715;Ribadeo;Lugo
27720;Pontenova;Lugo
27721;Pontenova;Lugo
27722;Pontenova;Lugo
27723;Pontenova;Lugo
27724;Pontenova;Lugo
27725;Pontenova;Lugo
27726;Pontenova;Lugo
27727;Pontenova;Lugo
27728;Pontenova;Lugo
27729;Pontenova;Lugo
27730;Abadín;Lugo
27737;Abadín;Lugo
27738;Abadín;Lugo
27740;Mondoñedo;Lugo
27742;Mondoñedo;Lugo
27743;Riotorto;Lugo
27744;Riotorto;Lugo
27745;Riotorto;Lugo
27747;Mondoñedo;Lugo
27748;Mondoñedo;Lugo
27749;Mondoñedo;Lugo
27750;Lourenzá;Lugo
27751;Lourenzá;Lugo
27752;Mondoñedo;Lugo
27760;Lourenzá;Lugo
27765;Trabada;Lugo
27766;Trabada;Lugo
27767;Trabada;Lugo
27768;Trabada;Lugo
27770;Valadouro;Lugo
27773;Alfoz;Lugo
27774;Alfoz;Lugo
27775;Alfoz;Lugo
27776;Alfoz;Lugo
27777;Valadouro;Lugo
27778;Alfoz;Lugo
27778;Valadouro;Lugo
27779;Valadouro;Lugo
27780;Foz;Lugo
27785;Foz;Lugo
27786;Foz;Lugo
27787;Foz;Lugo
27788;Foz;Lugo
27789;Foz;Lugo
27790;Barreiros;Lugo
27791;Mondoñedo;Lugo
27792;Barreiros;Lugo
27793;Barreiros;Lugo
27794;Barreiros;Lugo
27796;Ribadeo;Lugo
27797;Ribadeo;Lugo
27798;Barreiros;Lugo
27800;Vilalba;Lugo
27810;Vilalba;Lugo
27811;Vilalba;Lugo
27812;Vilalba;Lugo
27813;Vilalba;Lugo
27814;Vilalba;Lugo
27815;Vilalba;Lugo
27816;Vilalba;Lugo
27817;Muras;Lugo
27818;Vilalba;Lugo
27820;Vilalba;Lugo
27821;Vilalba;Lugo
27822;Vilalba;Lugo
27823;Vilalba;Lugo
27824;Xermade;Lugo
27825;Vilalba;Lugo
27826;Xermade;Lugo
27830;Vilalba;Lugo
27832;Xermade;Lugo
27833;Xermade;Lugo
27834;Xermade;Lugo
27835;Xermade;Lugo
27836;Muras;Lugo
27837;Muras;Lugo
27840;Vilalba;Lugo
27841;Vilalba;Lugo
27842;Vilalba;Lugo
27843;Abadín;Lugo
27843;Vilalba;Lugo
27845;Abadín;Lugo
27849;Abadín;Lugo
27850;Viveiro;Lugo
27860;Vicedo;Lugo
27861;Vicedo;Lugo
27861;Viveiro;Lugo
27863;Viveiro;Lugo
27864;Viveiro;Lugo
27865;Muras;Lugo
27865;Ourol;Lugo
27866;Ourol;Lugo
27866;Viveiro;Lugo
27867;Ourol;Lugo
27867;Viveiro;Lugo
27868;Vicedo;Lugo
27869;Viveiro;Lugo
27870;Xove;Lugo
27876;Xove;Lugo
27877;Xove;Lugo
27878;Xove;Lugo
27879;Xove;Lugo
27880;Burela;Lugo
27888;Cervo;Lugo
27889;Cervo;Lugo
27890;Cervo;Lugo
27891;Cervo;Lugo
27892;Foz;Lugo
27893;Foz;Lugo
28000;Madrid;Madrid
28001;Madrid;Madrid
28002;Madrid;Madrid
28003;Madrid;Madrid
28004;Madrid;Madrid
28005;Madrid;Madrid
28006;Madrid;Madrid
28007;Madrid;Madrid
28008;Madrid;Madrid
28009;Madrid;Madrid
28010;Madrid;Madrid
28011;Madrid;Madrid
28012;Madrid;Madrid
28013;Madrid;Madrid
28014;Madrid;Madrid
28015;Madrid;Madrid
28016;Madrid;Madrid
28017;Madrid;Madrid
28018;Madrid;Madrid
28019;Madrid;Madrid
28020;Madrid;Madrid
28021;Madrid;Madrid
28022;Madrid;Madrid
28023;Madrid;Madrid
28024;Madrid;Madrid
28024;Pozuelo de Alarcón;Madrid
28025;Madrid;Madrid
28026;Madrid;Madrid
28027;Madrid;Madrid
28028;Madrid;Madrid
28029;Madrid;Madrid
28030;Madrid;Madrid
28031;Madrid;Madrid
28032;Madrid;Madrid
28033;Madrid;Madrid
28034;Madrid;Madrid
28035;Madrid;Madrid
28036;Madrid;Madrid
28037;Madrid;Madrid
28038;Madrid;Madrid
28039;Madrid;Madrid
28040;Madrid;Madrid
28041;Madrid;Madrid
28042;Madrid;Madrid
28043;Madrid;Madrid
28044;Madrid;Madrid
28045;Madrid;Madrid
28046;Madrid;Madrid
28047;Madrid;Madrid
28048;Madrid;Madrid
28049;Madrid;Madrid
28050;Madrid;Madrid
28051;Madrid;Madrid
28052;Madrid;Madrid
28053;Madrid;Madrid
28054;Madrid;Madrid
28055;Madrid;Madrid
28100;Alcobendas;Madrid
28108;Alcobendas;Madrid
28109;Alcobendas;Madrid
28110;Algete;Madrid
28120;Algete;Madrid
28120;Colmenar Viejo;Madrid
28124;Robledillo de la Jara;Madrid
28130;Valdeolmos-Alalpardo;Madrid
28140;Fuente el Saz de Jarama;Madrid
28150;Valdetorres de Jarama;Madrid
28160;Talamanca de Jarama;Madrid
28160;Torrelaguna;Madrid
28170;Valdepiélagos;Madrid
28180;Torrelaguna;Madrid
28189;Atazar;Madrid
28189;Patones;Madrid
28189;Torremocha de Jarama;Madrid
28190;Cardoso de la Sierra;Madrid
28190;Montejo de la Sierra;Madrid
28190;Puebla de la Sierra;Madrid
28191;Hiruela;Madrid
28191;Horcajuelo de la Sierra;Madrid
28191;Prádena del Rincón;Madrid
28192;Berrueco;Madrid
28193;Cervera de Buitrago;Madrid
28194;Berzosa del Lozoya;Madrid
28194;Robledillo de la Jara;Madrid
28195;Puentes Viejas;Madrid
28196;Puentes Viejas;Madrid
28200;San Lorenzo de El Escorial;Madrid
28210;Navalagamella;Madrid
28210;Valdemorillo;Madrid
28211;Escorial;Madrid
28212;Navalagamella;Madrid
28213;Colmenar del Arroyo;Madrid
28214;Fresnedillas de la Oliva;Madrid
28219;Escorial;Madrid
28220;Majadahonda;Madrid
28221;Majadahonda;Madrid
28222;Majadahonda;Madrid
28223;Pozuelo de Alarcón;Madrid
28224;Pozuelo de Alarcón;Madrid
28229;Villanueva del Pardillo;Madrid
28231;Rozas de Madrid;Madrid
28232;Rozas de Madrid;Madrid
28240;Hoyo de Manzanares;Madrid
28248;Hoyo de Manzanares;Madrid
28250;Galapagar;Madrid
28250;Torrelodones;Madrid
28260;Galapagar;Madrid
28270;Colmenarejo;Madrid
28270;Galapagar;Madrid
28280;Escorial;Madrid
28290;Rozas de Madrid;Madrid
28292;Escorial;Madrid
28292;Galapagar;Madrid
28293;Zarzalejo;Madrid
28294;Robledo de Chavela;Madrid
28295;Valdemaqueda;Madrid
28296;Santa María de la Alameda;Madrid
28296;Zarzalejo;Madrid
28297;Santa María de la Alameda;Madrid
28300;Aranjuez;Madrid
28320;Pinto;Madrid
28330;San Martín de la Vega;Madrid
28340;Valdemoro;Madrid
28341;Valdemoro;Madrid
28342;Valdemoro;Madrid
28343;Valdemoro;Madrid
28350;Ciempozuelos;Madrid
28359;Titulcia;Madrid
28360;Villaconejos;Madrid
28370;Chinchón;Madrid
28380;Colmenar de Oreja;Madrid
28390;Belmonte de Tajo;Madrid
28391;Valdelaguna;Madrid
28400;Collado Villalba;Madrid
28400;Galapagar;Madrid
28410;Manzanares el Real;Madrid
28411;Moralzarzal;Madrid
28412;Boalo;Madrid
28413;Boalo;Madrid
28420;Galapagar;Madrid
28430;Alpedrete;Madrid
28440;Guadarrama;Madrid
28450;Collado Mediano;Madrid
28460;Molinos;Madrid
28470;Cercedilla;Madrid
28480;Guadarrama;Madrid
28490;Becerril de la Sierra;Madrid
28491;Navacerrada;Madrid
28492;Boalo;Madrid
28492;Manzanares el Real;Madrid
28500;Arganda del Rey;Madrid
28510;Campo Real;Madrid
28511;Valdilecha;Madrid
28512;Villar del Olmo;Madrid
28514;Nuevo Baztán;Madrid
28514;Villar del Olmo;Madrid
28515;Olmeda de las Fuentes;Madrid
28521;Rivas-Vaciamadrid;Madrid
28522;Rivas-Vaciamadrid;Madrid
28523;Rivas-Vaciamadrid;Madrid
28524;Rivas-Vaciamadrid;Madrid
28530;Morata de Tajuña;Madrid
28540;Perales de Tajuña;Madrid
28550;Tielmes;Madrid
28560;Carabaña;Madrid
28570;Orusco de Tajuña;Madrid
28580;Ambite;Madrid
28590;Villarejo de Salvanés;Madrid
28594;Valdaracete;Madrid
28595;Estremera;Madrid
28596;Brea de Tajo;Madrid
28597;Fuentidueña de Tajo;Madrid
28598;Villamanrique de Tajo;Madrid
28600;Navalcarnero;Madrid
28607;Álamo;Madrid
28609;Sevilla la Nueva;Madrid
28609;Villamantilla;Madrid
28609;Villanueva de Perales;Madrid
28610;Villamanta;Madrid
28610;Villamantilla;Madrid
28620;Aldea del Fresno;Madrid
28630;Villa del Prado;Madrid
28635;Móstoles;Madrid
28640;Cadalso de los Vidrios;Madrid
28648;Cadalso de los Vidrios;Madrid
28649;Rozas de Puerto Real;Madrid
28650;Cenicientos;Madrid
28660;Boadilla del Monte;Madrid
28670;Villaviciosa de Odón;Madrid
28680;San Martín de Valdeiglesias;Madrid
28690;Brunete;Madrid
28691;Villanueva de la Cañada;Madrid
28692;Villanueva de la Cañada;Madrid
28693;Quijorna;Madrid
28694;Chapinería;Madrid
28695;Navas del Rey;Madrid
28696;Pelayos de la Presa;Madrid
28700;San Sebastián de los Reyes;Madrid
28701;San Sebastián de los Reyes;Madrid
28702;San Sebastián de los Reyes;Madrid
28703;San Sebastián de los Reyes;Madrid
28706;San Sebastián de los Reyes;Madrid
28707;Colmenar Viejo;Madrid
28707;San Sebastián de los Reyes;Madrid
28708;San Sebastián de los Reyes;Madrid
28709;San Sebastián de los Reyes;Madrid
28710;Molar;Madrid
28720;Bustarviejo;Madrid
28721;Cabanillas de la Sierra;Madrid
28721;Redueña;Madrid
28722;Vellón;Madrid
28723;Pedrezuela;Madrid
28729;Navalafuente;Madrid
28729;Valdemanco;Madrid
28729;Venturada;Madrid
28730;Buitrago del Lozoya;Madrid
28737;Braojos;Madrid
28737;Gascones;Madrid
28737;Piñuécar-Gandullas;Madrid
28737;Serna del Monte;Madrid
28739;Garganta de los Montes;Madrid
28739;Gargantilla del Lozoya y Pinilla de Buitrago;Madrid
28739;Navarredonda y San Mamés;Madrid
28739;Villavieja del Lozoya;Madrid
28740;Rascafría;Madrid
28742;Lozoya;Madrid
28743;Canencia;Madrid
28743;Garganta de los Montes;Madrid
28749;Alameda del Valle;Madrid
28749;Pinilla del Valle;Madrid
28749;Rascafría;Madrid
28750;Colmenar Viejo;Madrid
28750;San Agustín del Guadalix;Madrid
28751;Cabrera;Madrid
28752;Lozoyuela-Navas-Sieteiglesias;Madrid
28753;Lozoyuela-Navas-Sieteiglesias;Madrid
28754;Lozoyuela-Navas-Sieteiglesias;Madrid
28754;Puentes Viejas;Madrid
28755;Acebeda;Madrid
28755;Horcajo de la Sierra-Aoslos;Madrid
28755;Madarcos;Madrid
28755;Robregordo;Madrid
28756;Somosierra;Madrid
28760;Tres Cantos;Madrid
28770;Colmenar Viejo;Madrid
28791;Soto del Real;Madrid
28792;Miraflores de la Sierra;Madrid
28794;Guadalix de la Sierra;Madrid
28801;Alcalá de Henares;Madrid
28802;Alcalá de Henares;Madrid
28803;Alcalá de Henares;Madrid
28804;Alcalá de Henares;Madrid
28805;Alcalá de Henares;Madrid
28806;Alcalá de Henares;Madrid
28807;Álamo;Madrid
28807;Alcalá de Henares;Madrid
28810;Villalbilla;Madrid
28811;Corpa;Madrid
28812;Pezuela de las Torres;Madrid
28812;Valverde de Alcalá;Madrid
28813;Pozuelo del Rey;Madrid
28813;Torres de la Alameda;Madrid
28814;Daganzo de Arriba;Madrid
28815;Fresno de Torote;Madrid
28815;Ribatejada;Madrid
28816;Camarma de Esteruelas;Madrid
28816;Valdeavero;Madrid
28817;Santos de la Humosa;Madrid
28818;Anchuelo;Madrid
28818;Santorcaz;Madrid
28821;Coslada;Madrid
28822;Coslada;Madrid
28823;Coslada;Madrid
28830;San Fernando de Henares;Madrid
28840;Mejorada del Campo;Madrid
28850;Torrejón de Ardoz;Madrid
28860;Paracuellos de Jarama;Madrid
28861;Paracuellos de Jarama;Madrid
28862;Paracuellos de Jarama;Madrid
28863;Cobeña;Madrid
28864;Ajalvir;Madrid
28880;Meco;Madrid
28890;Loeches;Madrid
28891;Velilla de San Antonio;Madrid
28901;Getafe;Madrid
28902;Getafe;Madrid
28903;Getafe;Madrid
28904;Getafe;Madrid
28905;Getafe;Madrid
28906;Getafe;Madrid
28907;Getafe;Madrid
28909;Getafe;Madrid
28911;Leganés;Madrid
28912;Leganés;Madrid
28913;Leganés;Madrid
28914;Leganés;Madrid
28915;Leganés;Madrid
28916;Leganés;Madrid
28917;Leganés;Madrid
28918;Leganés;Madrid
28919;Leganés;Madrid
28921;Alcorcón;Madrid
28922;Alcorcón;Madrid
28923;Alcorcón;Madrid
28924;Alcorcón;Madrid
28925;Alcorcón;Madrid
28931;Móstoles;Madrid
28932;Móstoles;Madrid
28933;Móstoles;Madrid
28934;Móstoles;Madrid
28935;Móstoles;Madrid
28936;Móstoles;Madrid
28937;Móstoles;Madrid
28938;Móstoles;Madrid
28939;Arroyomolinos;Madrid
28941;Fuenlabrada;Madrid
28942;Fuenlabrada;Madrid
28943;Fuenlabrada;Madrid
28944;Fuenlabrada;Madrid
28945;Fuenlabrada;Madrid
28946;Fuenlabrada;Madrid
28947;Fuenlabrada;Madrid
28950;Moraleja de Enmedio;Madrid
28970;Humanes de Madrid;Madrid
28971;Griñón;Madrid
28976;Batres;Madrid
28977;Casarrubuelos;Madrid
28978;Cubas de la Sagra;Madrid
28979;Serranillos del Valle;Madrid
28981;Parla;Madrid
28982;Parla;Madrid
28983;Parla;Madrid
28984;Parla;Madrid
28990;Torrejón de Velasco;Madrid
28991;Torrejón de la Calzada;Madrid
29001;Málaga;Málaga
29002;Málaga;Málaga
29003;Málaga;Málaga
29004;Málaga;Málaga
29005;Málaga;Málaga
29006;Málaga;Málaga
29007;Málaga;Málaga
29008;Málaga;Málaga
29009;Málaga;Málaga
29010;Cártama;Málaga
29010;Málaga;Málaga
29011;Málaga;Málaga
29012;Málaga;Málaga
29013;Málaga;Málaga
29014;Málaga;Málaga
29015;Málaga;Málaga
29016;Málaga;Málaga
29017;Málaga;Málaga
29018;Málaga;Málaga
29100;Coín;Málaga
29108;Guaro;Málaga
29109;Tolox;Málaga
29110;Monda;Málaga
29120;Alhaurín el Grande;Málaga
29130;Alhaurín de la Torre;Málaga
29140;Málaga;Málaga
29150;Almogía;Málaga
29160;Casabermeja;Málaga
29170;Colmenar;Málaga
29180;Riogordo;Málaga
29190;Málaga;Málaga
29191;Málaga;Málaga
29193;Málaga;Málaga
29194;Alfarnate;Málaga
29194;Alfarnatejo;Málaga
29195;Comares;Málaga
29196;Málaga;Málaga
29197;Málaga;Málaga
29197;Totalán;Málaga
29200;Antequera;Málaga
29210;Cuevas de San Marcos;Málaga
29220;Cuevas Bajas;Málaga
29230;Antequera;Málaga
29230;Villanueva de la Concepción;Málaga
29240;Valle de Abdalajís;Málaga
29250;Antequera;Málaga
29260;Antequera;Málaga
29300;Archidona;Málaga
29310;Villanueva de Algaidas;Málaga
29311;Villanueva de Algaidas;Málaga
29312;Villanueva del Rosario;Málaga
29313;Villanueva del Trabuco;Málaga
29314;Antequera;Málaga
29314;Archidona;Málaga
29315;Archidona;Málaga
29315;Villanueva de Tapia;Málaga
29320;Campillos;Málaga
29327;Teba;Málaga
29328;Sierra de Yeguas;Málaga
29329;Sierra de Yeguas;Málaga
29330;Almargen;Málaga
29340;Cañete la Real;Málaga
29350;Arriate;Málaga
29360;Montejaque;Málaga
29370;Benaoján;Málaga
29380;Cortes de la Frontera;Málaga
29391;Cortes de la Frontera;Málaga
29392;Jimera de Líbar;Málaga
29394;Ronda;Málaga
29400;Ronda;Málaga
29400;Serrato;Málaga
29410;Yunquera;Málaga
29420;Burgo;Málaga
29430;Ronda;Málaga
29430;Montecorto;Málaga
29440;Igualeja;Málaga
29450;Pujerra;Málaga
29451;Parauta;Málaga
29452;Cartajima;Málaga
29460;Alpandeire;Málaga
29461;Faraján;Málaga
29462;Júzcar;Málaga
29470;Cuevas del Becerro;Málaga
29471;Serrato;Málaga
29480;Gaucín;Málaga
29490;Benarrabá;Málaga
29490;Cortes de la Frontera;Málaga
29491;Algatocín;Málaga
29491;Benalauría;Málaga
29492;Genalguacil;Málaga
29492;Jubrique;Málaga
29493;Benadalid;Málaga
29494;Atajate;Málaga
29500;Álora;Málaga
29510;Álora;Málaga
29520;Fuente de Piedra;Málaga
29530;Alameda;Málaga
29531;Humilladero;Málaga
29532;Mollina;Málaga
29533;Humilladero;Málaga
29540;Antequera;Málaga
29550;Ardales;Málaga
29551;Carratraca;Málaga
29552;Álora;Málaga
29552;Ardales;Málaga
29560;Pizarra;Málaga
29566;Casarabonela;Málaga
29567;Alozaina;Málaga
29569;Cártama;Málaga
29569;Pizarra;Málaga
29570;Cártama;Málaga
29580;Cártama;Málaga
29590;Málaga;Málaga
29591;Málaga;Málaga
29592;Cártama;Málaga
29593;Álora;Málaga
29601;Marbella;Málaga
29602;Marbella;Málaga
29603;Marbella;Málaga
29604;Marbella;Málaga
29610;Ojén;Málaga
29611;Istán;Málaga
29612;Ojén;Málaga
29620;Málaga;Málaga
29620;Torremolinos;Málaga
29630;Benalmádena;Málaga
29631;Benalmádena;Málaga
29639;Benalmádena;Málaga
29640;Fuengirola;Málaga
29649;Mijas;Málaga
29650;Mijas;Málaga
29651;Mijas;Málaga
29660;Marbella;Málaga
29670;Marbella;Málaga
29679;Benahavís;Málaga
29679;Marbella;Málaga
29680;Estepona;Málaga
29688;Estepona;Málaga
29689;Estepona;Málaga
29690;Casares;Málaga
29691;Manilva;Málaga
29692;Casares;Málaga
29692;Manilva;Málaga
29693;Estepona;Málaga
29698;Estepona;Málaga
29700;Vélez-Málaga;Málaga
29710;Periana;Málaga
29711;Alcaucín;Málaga
29712;Viñuela;Málaga
29713;Alcaucín;Málaga
29713;Viñuela;Málaga
29714;Salares;Málaga
29715;Sedella;Málaga
29716;Canillas de Aceituno;Málaga
29718;Almáchar;Málaga
29718;Benamargosa;Málaga
29718;Borge;Málaga
29718;Cútar;Málaga
29718;Vélez-Málaga;Málaga
29719;Benamocarra;Málaga
29719;Canillas de Aceituno;Málaga
29719;Sedella;Málaga
29719;Vélez-Málaga;Málaga
29719;Viñuela;Málaga
29720;Málaga;Málaga
29720;Rincón de la Victoria;Málaga
29730;Rincón de la Victoria;Málaga
29738;Moclinejo;Málaga
29738;Rincón de la Victoria;Málaga
29740;Vélez-Málaga;Málaga
29749;Vélez-Málaga;Málaga
29750;Algarrobo;Málaga
29750;Vélez-Málaga;Málaga
29751;Vélez-Málaga;Málaga
29752;Sayalonga;Málaga
29753;Árchez;Málaga
29753;Arenas;Málaga
29753;Sayalonga;Málaga
29754;Cómpeta;Málaga
29755;Canillas de Albaida;Málaga
29758;Rincón de la Victoria;Málaga
29760;Vélez-Málaga;Málaga
29770;Torrox;Málaga
29780;Nerja;Málaga
29787;Nerja;Málaga
29788;Frigiliana;Málaga
29789;Frigiliana;Málaga
29790;Vélez-Málaga;Málaga
29791;Macharaviaya;Málaga
29792;Iznate;Málaga
29792;Vélez-Málaga;Málaga
29793;Torrox;Málaga
29796;Torrox;Málaga
30001;Murcia;Murcia
30002;Murcia;Murcia
30003;Murcia;Murcia
30004;Murcia;Murcia
30005;Murcia;Murcia
30006;Murcia;Murcia
30007;Murcia;Murcia
30008;Murcia;Murcia
30009;Murcia;Murcia
30010;Murcia;Murcia
30011;Murcia;Murcia
30012;Murcia;Murcia
30100;Murcia;Murcia
30107;Murcia;Murcia
30108;Murcia;Murcia
30110;Murcia;Murcia
30120;Murcia;Murcia
30130;Beniel;Murcia
30139;Murcia;Murcia
30140;Santomera;Murcia
30148;Santomera;Murcia
30149;Santomera;Murcia
30150;Murcia;Murcia
30151;Murcia;Murcia
30152;Murcia;Murcia
30153;Murcia;Murcia
30154;Murcia;Murcia
30155;Murcia;Murcia
30156;Murcia;Murcia
30157;Murcia;Murcia
30158;Murcia;Murcia
30160;Murcia;Murcia
30161;Murcia;Murcia
30162;Murcia;Murcia
30163;Murcia;Murcia
30164;Murcia;Murcia
30165;Murcia;Murcia
30166;Murcia;Murcia
30167;Murcia;Murcia
30168;Murcia;Murcia
30169;Murcia;Murcia
30170;Mula;Murcia
30176;Pliego;Murcia
30177;Mula;Murcia
30178;Mula;Murcia
30179;Murcia;Murcia
30180;Bullas;Murcia
30189;Bullas;Murcia
30189;Cehegín;Murcia
30190;Albudeite;Murcia
30191;Campos del Río;Murcia
30192;Campos del Río;Murcia
30193;Mula;Murcia
30194;Mula;Murcia
30195;Caravaca de la Cruz;Murcia
30201;Cartagena;Murcia
30202;Cartagena;Murcia
30203;Cartagena;Murcia
30204;Cartagena;Murcia
30205;Cartagena;Murcia
30300;Cartagena;Murcia
30310;Cartagena;Murcia
30319;Cartagena;Murcia
30320;Fuente Álamo de Murcia;Murcia
30330;Cartagena;Murcia
30331;Murcia;Murcia
30332;Fuente Álamo de Murcia;Murcia
30333;Fuente Álamo de Murcia;Murcia
30334;Fuente Álamo de Murcia;Murcia
30335;Fuente Álamo de Murcia;Murcia
30335;Mazarrón;Murcia
30338;Fuente Álamo de Murcia;Murcia
30350;Cartagena;Murcia
30351;Cartagena;Murcia
30360;Unión;Murcia
30364;Unión;Murcia
30365;Cartagena;Murcia
30366;Cartagena;Murcia
30367;Cartagena;Murcia
30368;Cartagena;Murcia
30369;Cartagena;Murcia
30369;Unión;Murcia
30370;Cartagena;Murcia
30370;San Javier;Murcia
30380;Cartagena;Murcia
30380;San Javier;Murcia
30381;Cartagena;Murcia
30382;Cartagena;Murcia
30383;Cartagena;Murcia
30384;Cartagena;Murcia
30385;Cartagena;Murcia
30385;Murcia;Murcia
30386;Cartagena;Murcia
30387;Cartagena;Murcia
30387;Moratalla;Murcia
30390;Cartagena;Murcia
30391;Cartagena;Murcia
30392;Cartagena;Murcia
30393;Cartagena;Murcia
30394;Cartagena;Murcia
30395;Cartagena;Murcia
30396;Cartagena;Murcia
30397;Cartagena;Murcia
30398;Cartagena;Murcia
30399;Cartagena;Murcia
30400;Caravaca de la Cruz;Murcia
30410;Caravaca de la Cruz;Murcia
30411;Caravaca de la Cruz;Murcia
30412;Caravaca de la Cruz;Murcia
30413;Caravaca de la Cruz;Murcia
30413;Moratalla;Murcia
30420;Calasparra;Murcia
30420;Cehegín;Murcia
30430;Cehegín;Murcia
30439;Cehegín;Murcia
30440;Moratalla;Murcia
30441;Moratalla;Murcia
30442;Moratalla;Murcia
30500;Molina de Segura;Murcia
30506;Molina de Segura;Murcia
30507;Molina de Segura;Murcia
30508;Molina de Segura;Murcia
30509;Molina de Segura;Murcia
30510;Yecla;Murcia
30520;Jumilla;Murcia
30528;Jumilla;Murcia
30529;Jumilla;Murcia
30530;Cieza;Murcia
30540;Blanca;Murcia
30550;Abarán;Murcia
30559;Abarán;Murcia
30560;Alguazas;Murcia
30561;Alguazas;Murcia
30562;Ceutí;Murcia
30563;Ceutí;Murcia
30564;Lorquí;Murcia
30565;Torres de Cotillas;Murcia
30570;Murcia;Murcia
30579;Murcia;Murcia
30580;Murcia;Murcia
30588;Murcia;Murcia
30589;Murcia;Murcia
30590;Murcia;Murcia
30591;Torre-Pacheco;Murcia
30592;Murcia;Murcia
30592;San Javier;Murcia
30592;Torre-Pacheco;Murcia
30593;Cartagena;Murcia
30594;Cartagena;Murcia
30600;Archena;Murcia
30609;Archena;Murcia
30610;Ricote;Murcia
30611;Ojós;Murcia
30612;Ulea;Murcia
30613;Villanueva del Río Segura;Murcia
30620;Fortuna;Murcia
30626;Abanilla;Murcia
30626;Fortuna;Murcia
30627;Molina de Segura;Murcia
30628;Fortuna;Murcia
30629;Fortuna;Murcia
30640;Abanilla;Murcia
30648;Abanilla;Murcia
30649;Abanilla;Murcia
30700;Torre-Pacheco;Murcia
30708;Torre-Pacheco;Murcia
30709;Torre-Pacheco;Murcia
30710;Torre-Pacheco;Murcia
30710;Alcázares;Murcia
30720;San Javier;Murcia
30729;San Javier;Murcia
30730;San Javier;Murcia
30739;San Javier;Murcia
30739;Torre-Pacheco;Murcia
30740;San Pedro del Pinatar;Murcia
30800;Lorca;Murcia
30810;Lorca;Murcia
30811;Lorca;Murcia
30812;Lorca;Murcia
30813;Lorca;Murcia
30814;Lorca;Murcia
30815;Lorca;Murcia
30816;Lorca;Murcia
30817;Lorca;Murcia
30818;Lorca;Murcia
30820;Alcantarilla;Murcia
30830;Murcia;Murcia
30831;Murcia;Murcia
30832;Murcia;Murcia
30833;Murcia;Murcia
30834;Lorca;Murcia
30834;Murcia;Murcia
30835;Cartagena;Murcia
30835;Murcia;Murcia
30836;Murcia;Murcia
30837;Murcia;Murcia
30840;Alhama de Murcia;Murcia
30848;Alhama de Murcia;Murcia
30849;Alhama de Murcia;Murcia
30850;Totana;Murcia
30858;Mazarrón;Murcia
30858;Totana;Murcia
30859;Aledo;Murcia
30859;Totana;Murcia
30860;Mazarrón;Murcia
30868;Cartagena;Murcia
30868;Mazarrón;Murcia
30870;Mazarrón;Murcia
30875;Mazarrón;Murcia
30876;Lorca;Murcia
30876;Mazarrón;Murcia
30877;Mazarrón;Murcia
30878;Lorca;Murcia
30878;Mazarrón;Murcia
30879;Mazarrón;Murcia
30880;Águilas;Murcia
30889;Águilas;Murcia
30889;Lorca;Murcia
30890;Lorca;Murcia
30890;Puerto Lumbreras;Murcia
30891;Puerto Lumbreras;Murcia
30892;Librilla;Murcia
30893;Lorca;Murcia
31001;Pamplona/Iruña;Navarra
31002;Pamplona/Iruña;Navarra
31003;Pamplona/Iruña;Navarra
31004;Pamplona/Iruña;Navarra
31005;Pamplona/Iruña;Navarra
31006;Pamplona/Iruña;Navarra
31007;Pamplona/Iruña;Navarra
31008;Pamplona/Iruña;Navarra
31009;Pamplona/Iruña;Navarra
31010;Pamplona/Iruña;Navarra
31010;Barañáin/Barañain;Navarra
31011;Pamplona/Iruña;Navarra
31012;Pamplona/Iruña;Navarra
31013;Ansoáin/Antsoain;Navarra
31013;Berrioplano/Berriobeiti;Navarra
31013;Berriozar;Navarra
31014;Pamplona/Iruña;Navarra
31015;Pamplona/Iruña;Navarra
31016;Pamplona/Iruña;Navarra
31100;Puente la Reina/Gares;Navarra
31109;Artazu;Navarra
31110;Noáin (Valle de Elorz)/Noain (Elortzibar);Navarra
31119;Noáin (Valle de Elorz)/Noain (Elortzibar);Navarra
31130;Mañeru;Navarra
31131;Cirauqui/Zirauki;Navarra
31132;Villatuerta;Navarra
31133;Legarda;Navarra
31133;Uterga;Navarra
31140;Artajona;Navarra
31150;Mendigorría;Navarra
31151;Obanos;Navarra
31152;Muruzábal;Navarra
31153;Adiós;Navarra
31153;Enériz/Eneritz;Navarra
31154;Añorbe;Navarra
31154;Tirapu;Navarra
31154;Ucar;Navarra
31160;Orkoien;Navarra
31170;Iza/Itza;Navarra
31170;Cendea de Olza/Oltza Zendea;Navarra
31171;Cendea de Olza/Oltza Zendea;Navarra
31172;Goñi;Navarra
31172;Iza/Itza;Navarra
31172;Valle de Ollo/Ollaran;Navarra
31173;Cendea de Olza/Oltza Zendea;Navarra
31174;Belascoáin;Navarra
31174;Ciriza/Ziritza;Navarra
31174;Cizur;Navarra
31174;Echarri/Etxarri;Navarra
31174;Etxauri;Navarra
31174;Guirguillano;Navarra
31174;Bidaurreta;Navarra
31174;Zabalza/Zabaltza;Navarra
31175;Guesálaz/Gesalatz;Navarra
31175;Salinas de Oro/Jaitz;Navarra
31176;Guesálaz/Gesalatz;Navarra
31176;Valle de Yerri/Deierri;Navarra
31177;Lezáun;Navarra
31177;Valle de Yerri/Deierri;Navarra
31178;Abárzuza/Abartzuza;Navarra
31179;Valle de Yerri/Deierri;Navarra
31180;Zizur Mayor/Zizur Nagusia;Navarra
31190;Cizur;Navarra
31191;Galar;Navarra
31191;Beriáin;Navarra
31192;Aranguren;Navarra
31192;Valle de Egüés/Eguesibar;Navarra
31193;Atez/Atetz;Navarra
31193;Juslapeña;Navarra
31194;Ezcabarte;Navarra
31194;Juslapeña;Navarra
31195;Berrioplano/Berriobeiti;Navarra
31200;Estella-Lizarra;Navarra
31208;Ayegui/Aiegi;Navarra
31210;Arcos;Navarra
31219;Mendaza;Navarra
31219;Mirafuentes;Navarra
31219;Mues;Navarra
31219;Piedramillera;Navarra
31219;Sorlada;Navarra
31219;Torralba del Río;Navarra
31220;Sansol;Navarra
31227;Cabredo;Navarra
31227;Genevilla;Navarra
31227;Lapoblación;Navarra
31227;Marañón;Navarra
31228;Aguilar de Codés;Navarra
31228;Armañanzas;Navarra
31228;Azuelo;Navarra
31228;Espronceda;Navarra
31228;Torralba del Río;Navarra
31229;Bargota;Navarra
31229;Busto;Navarra
31229;Desojo;Navarra
31229;Torres del Río;Navarra
31230;Viana;Navarra
31239;Aras;Navarra
31240;Ayegui/Aiegi;Navarra
31241;Allín/Allin;Navarra
31241;Igúzquiza;Navarra
31241;Metauten;Navarra
31242;Villamayor de Monjardín;Navarra
31243;Arróniz;Navarra
31243;Barbarin;Navarra
31243;Igúzquiza;Navarra
31243;Luquin;Navarra
31250;Oteiza;Navarra
31251;Larraga;Navarra
31252;Berbinzana;Navarra
31253;Miranda de Arga;Navarra
31260;Lerín;Navarra
31261;Andosilla;Navarra
31262;Allo;Navarra
31263;Arellano;Navarra
31263;Dicastillo;Navarra
31264;Aberin;Navarra
31264;Morentin;Navarra
31270;Larraona;Navarra
31271;Aranarache/Aranaratxe;Navarra
31271;Eulate;Navarra
31272;Améscoa Baja;Navarra
31280;Abáigar;Navarra
31280;Ancín/Antzin;Navarra
31280;Murieta;Navarra
31281;Ancín/Antzin;Navarra
31281;Etayo;Navarra
31281;Legaria;Navarra
31281;Oco;Navarra
31281;Olejua;Navarra
31282;Mendaza;Navarra
31282;Nazar;Navarra
31283;Lana;Navarra
31284;Zúñiga;Navarra
31290;Allín/Allin;Navarra
31290;Valle de Yerri/Deierri;Navarra
31291;Guesálaz/Gesalatz;Navarra
31291;Guirguillano;Navarra
31292;Aberin;Navarra
31292;Villatuerta;Navarra
31292;Valle de Yerri/Deierri;Navarra
31293;Sesma;Navarra
31300;Tafalla;Navarra
31310;Carcastillo;Navarra
31311;Carcastillo;Navarra
31312;Cáseda;Navarra
31313;Murillo el Fruto;Navarra
31314;Santacara;Navarra
31315;Murillo el Cuende;Navarra
31320;Milagro;Navarra
31330;Villafranca;Navarra
31340;Marcilla;Navarra
31350;Peralta/Azkoien;Navarra
31360;Funes;Navarra
31370;Falces;Navarra
31380;Caparroso;Navarra
31381;Caparroso;Navarra
31382;Mélida;Navarra
31383;Murillo el Cuende;Navarra
31390;Olite/Erriberri;Navarra
31391;Murillo el Cuende;Navarra
31392;Pitillas;Navarra
31393;Beire;Navarra
31394;Pueyo;Navarra
31395;Barásoain;Navarra
31395;Garínoain;Navarra
31395;Leoz/Leotz;Navarra
31395;Olóriz/Oloritz;Navarra
31395;Orísoain;Navarra
31396;Olóriz/Oloritz;Navarra
31396;Unzué/Untzue;Navarra
31397;Tiebas-Muruarte de Reta;Navarra
31398;Biurrun-Olcoz;Navarra
31398;Tiebas-Muruarte de Reta;Navarra
31400;Sangüesa/Zangoza;Navarra
31409;Javier;Navarra
31409;Sangüesa/Zangoza;Navarra
31410;Yesa;Navarra
31411;Javier;Navarra
31412;Burgui/Burgi;Navarra
31413;Vidángoz/Bidankoze;Navarra
31414;Garde;Navarra
31415;Roncal/Erronkari;Navarra
31416;Urzainqui/Urzainki;Navarra
31417;Isaba/Izaba;Navarra
31418;Uztárroz/Uztarroze;Navarra
31420;Urroz-Villa;Navarra
31421;Izagaondoa;Navarra
31422;Unciti;Navarra
31430;Aoiz/Agoitz;Navarra
31438;Arce/Artzi;Navarra
31438;Lónguida/Longida;Navarra
31439;Arce/Artzi;Navarra
31439;Lónguida/Longida;Navarra
31439;Oroz-Betelu/Orotz-Betelu;Navarra
31440;Lumbier;Navarra
31448;Romanzado;Navarra
31448;Urraul Alto;Navarra
31448;Urraul Bajo;Navarra
31449;Urraul Bajo;Navarra
31450;Navascués/Nabaskoze;Navarra
31451;Gallués/Galoze;Navarra
31451;Navascués/Nabaskoze;Navarra
31451;Oronz/Orontze;Navarra
31451;Sarriés/Sartze;Navarra
31452;Güesa/Gorza;Navarra
31453;Esparza de Salazar/Espartza Zaraitzu;Navarra
31454;Castillonuevo;Navarra
31454;Navascués/Nabaskoze;Navarra
31454;Romanzado;Navarra
31454;Urraul Alto;Navarra
31460;Aibar/Oibar;Navarra
31460;Leache/Leatxe;Navarra
31470;Noáin (Valle de Elorz)/Noain (Elortzibar);Navarra
31471;Monreal/Elo;Navarra
31472;Ibargoiti;Navarra
31472;Unciti;Navarra
31473;Ibargoiti;Navarra
31480;Urraul Bajo;Navarra
31481;Arce/Artzi;Navarra
31481;Lónguida/Longida;Navarra
31482;Lizoáin-Arriasgoiti;Navarra
31483;Lizoáin-Arriasgoiti;Navarra
31484;Lizoáin-Arriasgoiti;Navarra
31485;Lizoáin-Arriasgoiti;Navarra
31486;Valle de Egüés/Eguesibar;Navarra
31487;Liédena;Navarra
31490;Cáseda;Navarra
31491;Ezprogui;Navarra
31491;Sada;Navarra
31492;Ezprogui;Navarra
31493;Gallipienzo/Galipentzu;Navarra
31494;Eslava;Navarra
31494;Leoz/Leotz;Navarra
31494;Lerga;Navarra
31495;San Martín de Unx;Navarra
31496;Ujué;Navarra
31500;Tudela;Navarra
31510;Fustiñana;Navarra
31511;Cabanillas;Navarra
31512;Fontellas;Navarra
31513;Arguedas;Navarra
31514;Valtierra;Navarra
31515;Cadreita;Navarra
31520;Cascante;Navarra
31521;Fontellas;Navarra
31521;Murchante;Navarra
31522;Monteagudo;Navarra
31522;Tulebras;Navarra
31523;Ablitas;Navarra
31523;Barillas;Navarra
31530;Cortes;Navarra
31540;Buñuel;Navarra
31550;Ribaforada;Navarra
31560;Azagra;Navarra
31570;San Adrián;Navarra
31579;Cárcar;Navarra
31580;Lodosa;Navarra
31587;Mendavia;Navarra
31588;Lazagurría;Navarra
31589;Sartaguda;Navarra
31590;Castejón;Navarra
31591;Corella;Navarra
31592;Cintruénigo;Navarra
31593;Fitero;Navarra
31600;Burlada/Burlata;Navarra
31610;Villava/Atarrabia;Navarra
31620;Valle de Egüés/Eguesibar;Navarra
31620;Huarte/Uharte;Navarra
31621;Valle de Egüés/Eguesibar;Navarra
31630;Esteribar;Navarra
31638;Erro;Navarra
31638;Esteribar;Navarra
31639;Erro;Navarra
31639;Esteribar;Navarra
31640;Auritz/Burguete;Navarra
31650;Orreaga/Roncesvalles;Navarra
31660;Luzaide/Valcarlos;Navarra
31669;Luzaide/Valcarlos;Navarra
31670;Orbaizeta;Navarra
31671;Aria;Navarra
31671;Aribe;Navarra
31671;Orbara;Navarra
31671;Hiriberri/Villanueva de Aezkoa;Navarra
31680;Ochagavía/Otsagabia;Navarra
31689;Izalzu/Itzaltzu;Navarra
31690;Ezcároz/Ezkaroze;Navarra
31691;Jaurrieta;Navarra
31692;Abaurregaina/Abaurrea Alta;Navarra
31692;Abaurrepea/Abaurrea Baja;Navarra
31692;Garaioa;Navarra
31693;Esteribar;Navarra
31693;Garralda;Navarra
31694;Erro;Navarra
31695;Erro;Navarra
31696;Erro;Navarra
31697;Erro;Navarra
31698;Esteribar;Navarra
31699;Erro;Navarra
31699;Esteribar;Navarra
31700;Baztan;Navarra
31708;Anue;Navarra
31710;Zugarramurdi;Navarra
31711;Urdazubi/Urdax;Navarra
31712;Urdazubi/Urdax;Navarra
31713;Baztan;Navarra
31714;Baztan;Navarra
31715;Baztan;Navarra
31720;Baztan;Navarra
31720;Bertizarana;Navarra
31730;Baztan;Navarra
31740;Doneztebe/Santesteban;Navarra
31744;Elgorriaga;Navarra
31745;Ituren;Navarra
31746;Zubieta;Navarra
31747;Saldías;Navarra
31748;Eratsun;Navarra
31749;Ezkurra;Navarra
31750;Donamaria;Navarra
31751;Oiz;Navarra
31752;Urroz;Navarra
31753;Beintza-Labaien;Navarra
31754;Arano;Navarra
31754;Goizueta;Navarra
31760;Etxalar;Navarra
31770;Lesaka;Navarra
31780;Bera;Navarra
31789;Lesaka;Navarra
31789;Bera;Navarra
31790;Arantza;Navarra
31790;Igantzi;Navarra
31791;Sunbilla;Navarra
31792;Bertizarana;Navarra
31793;Bertizarana;Navarra
31794;Baztan;Navarra
31794;Ezkurra;Navarra
31795;Baztan;Navarra
31796;Baztan;Navarra
31797;Ultzama;Navarra
31798;Anue;Navarra
31798;Lantz;Navarra
31799;Ezcabarte;Navarra
31799;Odieta;Navarra
31799;Olaibar;Navarra
31799;Ultzama;Navarra
31800;Altsasu/Alsasua;Navarra
31809;Ziordia;Navarra
31809;Olazti/Olazagutía;Navarra
31810;Bakaiku;Navarra
31810;Iturmendi;Navarra
31810;Urdiain;Navarra
31820;Etxarri Aranatz;Navarra
31829;Ergoiena;Navarra
31830;Lakuntza;Navarra
31839;Arbizu;Navarra
31840;Arruazu;Navarra
31840;Uharte Arakil;Navarra
31849;Arakil;Navarra
31849;Irañeta;Navarra
31850;Arakil;Navarra
31860;Irurtzun;Navarra
31866;Basaburua;Navarra
31867;Arakil;Navarra
31867;Atez/Atetz;Navarra
31867;Imotz;Navarra
31867;Iza/Itza;Navarra
31867;Odieta;Navarra
31868;Arakil;Navarra
31868;Iza/Itza;Navarra
31869;Basaburua;Navarra
31869;Imotz;Navarra
31870;Lekunberri;Navarra
31876;Areso;Navarra
31877;Larraun;Navarra
31878;Larraun;Navarra
31879;Larraun;Navarra
31880;Leitza;Navarra
31890;Betelu;Navarra
31891;Araitz;Navarra
31891;Larraun;Navarra
31892;Iza/Itza;Navarra
31892;Juslapeña;Navarra
32001;Ourense;Orense
32002;Barbadás;Orense
32002;Ourense;Orense
32003;Ourense;Orense
32004;Ourense;Orense
32005;Barbadás;Orense
32005;Ourense;Orense
32005;San Cibrao das Viñas;Orense
32100;Coles;Orense
32101;Vilamarín;Orense
32102;Vilamarín;Orense
32103;Ourense;Orense
32110;Paderne de Allariz;Orense
32111;Paderne de Allariz;Orense
32120;Peroxa;Orense
32120;Vilamarín;Orense
32130;San Cristovo de Cea;Orense
32133;San Cristovo de Cea;Orense
32134;San Cristovo de Cea;Orense
32135;Piñor;Orense
32135;San Cristovo de Cea;Orense
32136;San Cristovo de Cea;Orense
32137;Piñor;Orense
32137;San Cristovo de Cea;Orense
32138;Piñor;Orense
32139;San Cristovo de Cea;Orense
32140;Vilamarín;Orense
32141;San Cristovo de Cea;Orense
32141;Vilamarín;Orense
32150;Peroxa;Orense
32151;Peroxa;Orense
32152;Coles;Orense
32153;Coles;Orense
32153;Peroxa;Orense
32160;Nogueira de Ramuín;Orense
32161;Nogueira de Ramuín;Orense
32162;Nogueira de Ramuín;Orense
32163;Nogueira de Ramuín;Orense
32164;Nogueira de Ramuín;Orense
32170;Amoeiro;Orense
32171;Amoeiro;Orense
32172;Amoeiro;Orense
32172;Ourense;Orense
32200;Cortegada;Orense
32211;Cortegada;Orense
32212;Gomesende;Orense
32213;Cortegada;Orense
32220;Padrenda;Orense
32226;Padrenda;Orense
32227;Padrenda;Orense
32228;Padrenda;Orense
32229;Padrenda;Orense
32235;Pontedeva;Orense
32236;Padrenda;Orense
32300;Barco de Valdeorras;Orense
32310;Rubiá;Orense
32311;Rubiá;Orense
32312;Rubiá;Orense
32313;Barco de Valdeorras;Orense
32314;Barco de Valdeorras;Orense
32315;Barco de Valdeorras;Orense
32315;Vilamartín de Valdeorras;Orense
32316;Vilamartín de Valdeorras;Orense
32317;Barco de Valdeorras;Orense
32318;Barco de Valdeorras;Orense
32320;Rubiá;Orense
32329;Carballeda de Valdeorras;Orense
32329;Rubiá;Orense
32330;Carballeda de Valdeorras;Orense
32334;Carballeda de Valdeorras;Orense
32335;Carballeda de Valdeorras;Orense
32336;Carballeda de Valdeorras;Orense
32337;Carballeda de Valdeorras;Orense
32338;Carballeda de Valdeorras;Orense
32339;Carballeda de Valdeorras;Orense
32340;Vilamartín de Valdeorras;Orense
32348;Vilamartín de Valdeorras;Orense
32349;Vilamartín de Valdeorras;Orense
32350;Rúa;Orense
32356;Petín;Orense
32357;Bolo;Orense
32357;Larouco;Orense
32357;Petín;Orense
32357;Rúa;Orense
32357;Veiga;Orense
32358;Larouco;Orense
32359;Rúa;Orense
32360;Veiga;Orense
32365;Veiga;Orense
32366;Veiga;Orense
32367;Veiga;Orense
32368;Veiga;Orense
32369;Veiga;Orense
32370;Larouco;Orense
32370;Petín;Orense
32371;Larouco;Orense
32371;Petín;Orense
32372;Bolo;Orense
32373;Bolo;Orense
32374;Bolo;Orense
32375;Bolo;Orense
32375;Manzaneda;Orense
32400;Ribadavia;Orense
32410;Melón;Orense
32411;Melón;Orense
32412;Carballeda de Avia;Orense
32413;Carballeda de Avia;Orense
32414;Ribadavia;Orense
32415;Ribadavia;Orense
32416;Carballeda de Avia;Orense
32416;Ribadavia;Orense
32417;Arnoia;Orense
32417;Nogueira de Ramuín;Orense
32417;Ribadavia;Orense
32418;Ribadavia;Orense
32419;Leiro;Orense
32420;Leiro;Orense
32425;Leiro;Orense
32426;Leiro;Orense
32427;Leiro;Orense
32428;Leiro;Orense
32429;Leiro;Orense
32430;Castrelo de Miño;Orense
32431;Beade;Orense
32432;Beade;Orense
32433;Carballeda de Avia;Orense
32434;Carballeda de Avia;Orense
32440;Peroxa;Orense
32448;Nogueira de Ramuín;Orense
32449;Peroxa;Orense
32450;Cenlle;Orense
32452;Punxín;Orense
32453;San Amaro;Orense
32454;Cenlle;Orense
32455;San Amaro;Orense
32456;Gudiña;Orense
32456;Punxín;Orense
32457;Punxín;Orense
32459;Cenlle;Orense
32499;Mezquita;Orense
32500;Carballiño;Orense
32510;Carballiño;Orense
32511;Carballiño;Orense
32512;Boborás;Orense
32513;Carballiño;Orense
32514;Boborás;Orense
32515;Carballiño;Orense
32515;San Amaro;Orense
32516;Carballiño;Orense
32520;Avión;Orense
32520;Beariz;Orense
32520;Boborás;Orense
32521;Boborás;Orense
32522;Boborás;Orense
32523;Boborás;Orense
32524;Boborás;Orense
32525;Boborás;Orense
32526;Boborás;Orense
32526;Irixo;Orense
32530;Boborás;Orense
32530;Irixo;Orense
32534;Carballiño;Orense
32535;Irixo;Orense
32536;Irixo;Orense
32537;Irixo;Orense
32538;Irixo;Orense
32539;Irixo;Orense
32540;Gudiña;Orense
32545;Gudiña;Orense
32546;Gudiña;Orense
32547;Gudiña;Orense
32547;Vilariño de Conso;Orense
32548;Mezquita;Orense
32549;Mezquita;Orense
32550;Viana do Bolo;Orense
32554;Viana do Bolo;Orense
32555;Viana do Bolo;Orense
32556;Viana do Bolo;Orense
32557;Viana do Bolo;Orense
32557;Vilariño de Conso;Orense
32558;Viana do Bolo;Orense
32560;Viana do Bolo;Orense
32562;Viana do Bolo;Orense
32563;Viana do Bolo;Orense
32570;Maside;Orense
32572;Maside;Orense
32572;Punxín;Orense
32574;Carballiño;Orense
32574;Maside;Orense
32575;Maside;Orense
32576;Maside;Orense
32577;Maside;Orense
32578;Maside;Orense
32578;Punxín;Orense
32579;Maside;Orense
32590;Mezquita;Orense
32591;Castrelo do Val;Orense
32592;Baños de Molgas;Orense
32592;Paderne de Allariz;Orense
32593;Ourense;Orense
32600;Verín;Orense
32610;Riós;Orense
32610;Vilardevós;Orense
32611;Monterrei;Orense
32611;Riós;Orense
32612;Castrelo do Val;Orense
32612;Riós;Orense
32613;Oímbra;Orense
32614;Vilardevós;Orense
32615;Verín;Orense
32616;Vilardevós;Orense
32617;Vilardevós;Orense
32618;Monterrei;Orense
32619;Verín;Orense
32620;Laza;Orense
32621;Laza;Orense
32622;Laza;Orense
32623;Laza;Orense
32624;Castrelo do Val;Orense
32624;Monterrei;Orense
32625;Castrelo do Val;Orense
32626;Castrelo do Val;Orense
32630;Xinzo de Limia;Orense
32631;Xinzo de Limia;Orense
32631;Sarreaus;Orense
32631;Trasmiras;Orense
32632;Baltar;Orense
32632;Blancos;Orense
32632;Xinzo de Limia;Orense
32633;Baltar;Orense
32634;Blancos;Orense
32635;Xinzo de Limia;Orense
32635;Verín;Orense
32636;Xinzo de Limia;Orense
32636;Sarreaus;Orense
32637;Xinzo de Limia;Orense
32637;Verín;Orense
32640;Xinzo de Limia;Orense
32641;Porqueira;Orense
32643;Porqueira;Orense
32644;Calvos de Randín;Orense
32644;Porqueira;Orense
32645;Calvos de Randín;Orense
32645;Porqueira;Orense
32646;Baltar;Orense
32646;Calvos de Randín;Orense
32647;Calvos de Randín;Orense
32648;Calvos de Randín;Orense
32650;Vilar de Santos;Orense
32651;Vilar de Santos;Orense
32652;Rairiz de Veiga;Orense
32653;Rairiz de Veiga;Orense
32654;Rairiz de Veiga;Orense
32655;Rairiz de Veiga;Orense
32660;Allariz;Orense
32664;Allariz;Orense
32665;Allariz;Orense
32666;Allariz;Orense
32667;Allariz;Orense
32668;Allariz;Orense
32669;Allariz;Orense
32670;Xunqueira de Ambía;Orense
32678;Xunqueira de Ambía;Orense
32679;Xunqueira de Ambía;Orense
32680;Cualedro;Orense
32688;Cualedro;Orense
32689;Cualedro;Orense
32690;Allariz;Orense
32690;Taboadela;Orense
32691;Taboadela;Orense
32692;Sandiás;Orense
32693;Sandiás;Orense
32694;Trasmiras;Orense
32695;Trasmiras;Orense
32696;Sarreaus;Orense
32696;Trasmiras;Orense
32697;Verín;Orense
32698;Oímbra;Orense
32698;Verín;Orense
32699;Verín;Orense
32700;Maceda;Orense
32701;Baños de Molgas;Orense
32702;Vilar de Barrio;Orense
32703;Maceda;Orense
32704;Baños de Molgas;Orense
32705;Baños de Molgas;Orense
32705;Vilar de Barrio;Orense
32706;Maceda;Orense
32707;Maceda;Orense
32708;Xunqueira de Espadanedo;Orense
32708;Maceda;Orense
32710;Pereiro de Aguiar;Orense
32711;Pereiro de Aguiar;Orense
32720;Esgos;Orense
32720;Xunqueira de Espadanedo;Orense
32720;Maceda;Orense
32720;Nogueira de Ramuín;Orense
32730;Xunqueira de Espadanedo;Orense
32740;Parada de Sil;Orense
32746;Parada de Sil;Orense
32747;Parada de Sil;Orense
32748;Parada de Sil;Orense
32749;Parada de Sil;Orense
32750;Montederramo;Orense
32751;Montederramo;Orense
32760;Castro Caldelas;Orense
32764;Castro Caldelas;Orense
32764;Teixeira;Orense
32765;Teixeira;Orense
32766;Castro Caldelas;Orense
32767;Chandrexa de Queixa;Orense
32768;Castro Caldelas;Orense
32768;Chandrexa de Queixa;Orense
32769;Castro Caldelas;Orense
32769;Montederramo;Orense
32770;San Xoán de Río;Orense
32774;Castro Caldelas;Orense
32779;San Xoán de Río;Orense
32780;Pobra de Trives;Orense
32781;Manzaneda;Orense
32782;Manzaneda;Orense
32782;Pobra de Trives;Orense
32783;Manzaneda;Orense
32784;Manzaneda;Orense
32785;Manzaneda;Orense
32786;Chandrexa de Queixa;Orense
32787;Chandrexa de Queixa;Orense
32787;Pobra de Trives;Orense
32788;Pobra de Trives;Orense
32789;Pobra de Trives;Orense
32789;Viana do Bolo;Orense
32790;Maceda;Orense
32790;Montederramo;Orense
32791;Nogueira de Ramuín;Orense
32792;Pereiro de Aguiar;Orense
32793;Esgos;Orense
32793;Pereiro de Aguiar;Orense
32794;Castro Caldelas;Orense
32794;Chandrexa de Queixa;Orense
32794;San Xoán de Río;Orense
32800;Celanova;Orense
32810;Ramirás;Orense
32811;Ramirás;Orense
32812;Bola;Orense
32812;Ribadavia;Orense
32813;Verea;Orense
32814;Quintela de Leirado;Orense
32815;Celanova;Orense
32815;Ramirás;Orense
32816;Celanova;Orense
32816;Merca;Orense
32817;Celanova;Orense
32820;Cartelle;Orense
32821;Cartelle;Orense
32822;Cartelle;Orense
32823;Cartelle;Orense
32823;Celanova;Orense
32824;Cartelle;Orense
32825;Cartelle;Orense
32826;Cartelle;Orense
32827;Celanova;Orense
32828;Celanova;Orense
32829;Celanova;Orense
32830;Merca;Orense
32838;Merca;Orense
32839;Merca;Orense
32840;Bande;Orense
32845;Bande;Orense
32846;Bande;Orense
32846;Lobeira;Orense
32847;Bande;Orense
32848;Bande;Orense
32849;Bande;Orense
32850;Lobeira;Orense
32857;Lobeira;Orense
32858;Lobeira;Orense
32859;Bande;Orense
32859;Lobeira;Orense
32860;Entrimo;Orense
32867;Entrimo;Orense
32868;Entrimo;Orense
32869;Entrimo;Orense
32869;Lobios;Orense
32870;Lobios;Orense
32879;Lobios;Orense
32880;Muíños;Orense
32890;Barbadás;Orense
32891;Bande;Orense
32892;Lobios;Orense
32893;Lobios;Orense
32893;Parada de Sil;Orense
32894;Lobios;Orense
32895;Lobios;Orense
32896;Muíños;Orense
32897;Lobeira;Orense
32898;Muíños;Orense
32899;Muíños;Orense
32900;Ourense;Orense
32900;San Cibrao das Viñas;Orense
32901;San Cibrao das Viñas;Orense
32910;San Cibrao das Viñas;Orense
32911;San Cibrao das Viñas;Orense
32920;Barbadás;Orense
32920;Toén;Orense
32930;Barbadás;Orense
32930;Toén;Orense
32940;Barbadás;Orense
32940;Ourense;Orense
32940;Toén;Orense
32941;Toén;Orense
32946;Bande;Orense
32950;Coles;Orense
32960;Ourense;Orense
32970;Ourense;Orense
32971;Ourense;Orense
32980;Amoeiro;Orense
32980;Ourense;Orense
32981;Ourense;Orense
32990;Ourense;Orense
33001;Oviedo;Asturias
33002;Oviedo;Asturias
33003;Oviedo;Asturias
33004;Oviedo;Asturias
33005;Oviedo;Asturias
33006;Oviedo;Asturias
33007;Oviedo;Asturias
33008;Oviedo;Asturias
33009;Oviedo;Asturias
33010;Oviedo;Asturias
33010;Siero;Asturias
33011;Oviedo;Asturias
33012;Oviedo;Asturias
33013;Oviedo;Asturias
33060;Oviedo;Asturias
33069;Oviedo;Asturias
33110;Teverga;Asturias
33111;Teverga;Asturias
33112;Proaza;Asturias
33114;Proaza;Asturias
33115;Quirós;Asturias
33115;Santo Adriano;Asturias
33116;Proaza;Asturias
33116;Quirós;Asturias
33117;Quirós;Asturias
33118;Quirós;Asturias
33119;Grado;Asturias
33119;Oviedo;Asturias
33120;Pravia;Asturias
33125;Soto del Barco;Asturias
33126;Soto del Barco;Asturias
33127;Oviedo;Asturias
33127;Pravia;Asturias
33127;Soto del Barco;Asturias
33128;Pravia;Asturias
33129;Pravia;Asturias
33130;Muros de Nalón;Asturias
33138;Muros de Nalón;Asturias
33139;Pravia;Asturias
33140;Oviedo;Asturias
33150;Cudillero;Asturias
33155;Cudillero;Asturias
33156;Cudillero;Asturias
33157;Cudillero;Asturias
33159;Cudillero;Asturias
33160;Riosa;Asturias
33161;Morcín;Asturias
33162;Morcín;Asturias
33163;Morcín;Asturias
33170;Oviedo;Asturias
33170;Ribera de Arriba;Asturias
33171;Oviedo;Asturias
33171;Ribera de Arriba;Asturias
33172;Ribera de Arriba;Asturias
33173;Ribera de Arriba;Asturias
33174;Oviedo;Asturias
33179;Coaña;Asturias
33180;Noreña;Asturias
33186;Siero;Asturias
33187;Siero;Asturias
33188;Siero;Asturias
33189;Siero;Asturias
33190;Regueras;Asturias
33191;Oviedo;Asturias
33191;Regueras;Asturias
33192;Gijón;Asturias
33192;Llanera;Asturias
33192;Regueras;Asturias
33193;Oviedo;Asturias
33194;Oviedo;Asturias
33195;Oviedo;Asturias
33196;Oviedo;Asturias
33199;Oviedo;Asturias
33199;Siero;Asturias
33201;Gijón;Asturias
33202;Gijón;Asturias
33203;Gijón;Asturias
33204;Gijón;Asturias
33205;Gijón;Asturias
33206;Gijón;Asturias
33207;Gijón;Asturias
33208;Gijón;Asturias
33209;Gijón;Asturias
33210;Gijón;Asturias
33211;Gijón;Asturias
33212;Gijón;Asturias
33213;Gijón;Asturias
33290;Gijón;Asturias
33299;Gijón;Asturias
33300;Villaviciosa;Asturias
33310;Cabranes;Asturias
33310;Villaviciosa;Asturias
33311;Villaviciosa;Asturias
33312;Villaviciosa;Asturias
33313;Villaviciosa;Asturias
33314;Villaviciosa;Asturias
33315;Villaviciosa;Asturias
33316;Villaviciosa;Asturias
33317;Villaviciosa;Asturias
33318;Villaviciosa;Asturias
33320;Colunga;Asturias
33324;Colunga;Asturias
33325;Colunga;Asturias
33326;Colunga;Asturias
33326;Villaviciosa;Asturias
33327;Colunga;Asturias
33328;Colunga;Asturias
33329;Colunga;Asturias
33330;Colunga;Asturias
33340;Colunga;Asturias
33341;Colunga;Asturias
33342;Colunga;Asturias
33343;Caravia;Asturias
33344;Caravia;Asturias
33345;Ribadesella;Asturias
33346;Ribadesella;Asturias
33347;Ribadesella;Asturias
33350;Gijón;Asturias
33390;Gijón;Asturias
33391;Gijón;Asturias
33392;Gijón;Asturias
33393;Gijón;Asturias
33394;Gijón;Asturias
33401;Avilés;Asturias
33402;Avilés;Asturias
33403;Avilés;Asturias
33404;Corvera de Asturias;Asturias
33405;Castrillón;Asturias
33410;Avilés;Asturias
33410;Castrillón;Asturias
33411;Illas;Asturias
33412;Castrillón;Asturias
33412;Corvera de Asturias;Asturias
33412;Illas;Asturias
33414;Candamo;Asturias
33414;Illas;Asturias
33414;Regueras;Asturias
33416;Corvera de Asturias;Asturias
33417;Avilés;Asturias
33417;Castrillón;Asturias
33418;Avilés;Asturias
33418;Gozón;Asturias
33419;Gozón;Asturias
33420;Siero;Asturias
33422;Llanera;Asturias
33423;Llanera;Asturias
33424;Llanera;Asturias
33425;Llanera;Asturias
33426;Llanera;Asturias
33427;Llanera;Asturias
33428;Llanera;Asturias
33429;Siero;Asturias
33430;Carreño;Asturias
33438;Carreño;Asturias
33439;Carreño;Asturias
33440;Gozón;Asturias
33448;Gozón;Asturias
33449;Gozón;Asturias
33450;Castrillón;Asturias
33456;Candamo;Asturias
33456;Castrillón;Asturias
33457;Castrillón;Asturias
33458;Soto del Barco;Asturias
33459;Castrillón;Asturias
33460;Avilés;Asturias
33468;Corvera de Asturias;Asturias
33468;Gozón;Asturias
33469;Carreño;Asturias
33470;Avilés;Asturias
33470;Corvera de Asturias;Asturias
33470;Llanera;Asturias
33476;Tapia de Casariego;Asturias
33490;Avilés;Asturias
33491;Carreño;Asturias
33492;Carreño;Asturias
33500;Llanes;Asturias
33507;Llanes;Asturias
33509;Llanes;Asturias
33509;Parres;Asturias
33510;Siero;Asturias
33518;Sariego;Asturias
33518;Siero;Asturias
33519;Cudillero;Asturias
33519;Siero;Asturias
33520;Nava;Asturias
33520;Ribadedeva;Asturias
33527;Bimenes;Asturias
33528;Bimenes;Asturias
33528;Nava;Asturias
33529;Cabranes;Asturias
33529;Nava;Asturias
33530;Piloña;Asturias
33534;Piloña;Asturias
33535;Oviedo;Asturias
33535;Piloña;Asturias
33536;Piloña;Asturias
33537;Piloña;Asturias
33538;Piloña;Asturias
33539;Piloña;Asturias
33540;Parres;Asturias
33546;Parres;Asturias
33547;Cangas de Onís;Asturias
33548;Parres;Asturias
33549;Parres;Asturias
33550;Cangas de Onís;Asturias
33554;Cabrales;Asturias
33555;Cabrales;Asturias
33556;Cangas de Onís;Asturias
33556;Onís;Asturias
33557;Amieva;Asturias
33557;Ponga;Asturias
33558;Amieva;Asturias
33558;Ponga;Asturias
33559;Cangas de Onís;Asturias
33559;Parres;Asturias
33560;Ribadesella;Asturias
33566;Ribadesella;Asturias
33567;Ribadesella;Asturias
33568;Ribadesella;Asturias
33569;Ribadesella;Asturias
33570;Peñamellera Baja;Asturias
33576;Peñamellera Alta;Asturias
33577;Peñamellera Alta;Asturias
33578;Peñamellera Alta;Asturias
33579;Peñamellera Baja;Asturias
33580;Siero;Asturias
33581;Nava;Asturias
33582;Nava;Asturias
33583;Piloña;Asturias
33584;Aller;Asturias
33584;Piloña;Asturias
33585;Parres;Asturias
33586;Parres;Asturias
33587;Parres;Asturias
33588;Ribadesella;Asturias
33589;Cangas de Onís;Asturias
33590;Ribadedeva;Asturias
33591;Llanes;Asturias
33592;Llanes;Asturias
33593;Llanes;Asturias
33594;Llanes;Asturias
33595;Llanes;Asturias
33596;Llanes;Asturias
33598;Llanes;Asturias
33600;Mieres;Asturias
33610;Mieres;Asturias
33611;Mieres;Asturias
33612;Mieres;Asturias
33614;Mieres;Asturias
33615;Mieres;Asturias
33616;Mieres;Asturias
33616;Oviedo;Asturias
33617;Mieres;Asturias
33618;Mieres;Asturias
33619;Mieres;Asturias
33620;Lena;Asturias
33627;Lena;Asturias
33628;Lena;Asturias
33629;Lena;Asturias
33630;Lena;Asturias
33637;Lena;Asturias
33638;Lena;Asturias
33639;Lena;Asturias
33640;Mieres;Asturias
33650;Mieres;Asturias
33660;Oviedo;Asturias
33669;Oviedo;Asturias
33670;Aller;Asturias
33675;Aller;Asturias
33676;Aller;Asturias
33677;Aller;Asturias
33678;Aller;Asturias
33679;Aller;Asturias
33680;Aller;Asturias
33681;Aller;Asturias
33682;Mieres;Asturias
33683;Aller;Asturias
33683;Mieres;Asturias
33684;Aller;Asturias
33685;Aller;Asturias
33686;Aller;Asturias
33687;Aller;Asturias
33688;Aller;Asturias
33690;Llanera;Asturias
33691;Gijón;Asturias
33692;Lena;Asturias
33693;Lena;Asturias
33694;Lena;Asturias
33695;Lena;Asturias
33696;Oviedo;Asturias
33696;Ribera de Arriba;Asturias
33697;Gijón;Asturias
33700;Valdés;Asturias
33707;Valdés;Asturias
33708;Valdés;Asturias
33709;Valdés;Asturias
33710;Coaña;Asturias
33710;Navia;Asturias
33716;Coaña;Asturias
33717;Villayón;Asturias
33718;Villayón;Asturias
33719;Coaña;Asturias
33719;Navia;Asturias
33720;Boal;Asturias
33724;Boal;Asturias
33725;Boal;Asturias
33726;Boal;Asturias
33726;Coaña;Asturias
33727;Boal;Asturias
33728;Boal;Asturias
33729;Boal;Asturias
33730;Grandas de Salime;Asturias
33731;Boal;Asturias
33732;Illano;Asturias
33733;Illano;Asturias
33734;Illano;Asturias
33735;Pesoz;Asturias
33736;Pesoz;Asturias
33740;Tapia de Casariego;Asturias
33746;Franco;Asturias
33746;Tapia de Casariego;Asturias
33747;Tapia de Casariego;Asturias
33748;Tapia de Casariego;Asturias
33749;Tapia de Casariego;Asturias
33750;Franco;Asturias
33757;Franco;Asturias
33758;Franco;Asturias
33759;Franco;Asturias
33760;Castropol;Asturias
33768;Castropol;Asturias
33769;Castropol;Asturias
33770;Vegadeo;Asturias
33774;San Tirso de Abres;Asturias
33775;Taramundi;Asturias
33776;Santa Eulalia de Oscos;Asturias
33776;Vegadeo;Asturias
33777;Pesoz;Asturias
33777;San Martín de Oscos;Asturias
33777;Villanueva de Oscos;Asturias
33778;Castropol;Asturias
33778;Vegadeo;Asturias
33779;Santa Eulalia de Oscos;Asturias
33779;Vegadeo;Asturias
33780;Valdés;Asturias
33781;Salas;Asturias
33782;Valdés;Asturias
33782;Salas;Asturias
33783;Valdés;Asturias
33784;Valdés;Asturias
33785;Valdés;Asturias
33787;Valdés;Asturias
33788;Valdés;Asturias
33789;Valdés;Asturias
33790;Navia;Asturias
33791;Valdés;Asturias
33792;Valdés;Asturias
33793;Navia;Asturias
33794;Castropol;Asturias
33795;Coaña;Asturias
33796;Coaña;Asturias
33797;Coaña;Asturias
33798;Boal;Asturias
33799;Boal;Asturias
33800;Cangas del Narcea;Asturias
33810;Ibias;Asturias
33811;Cangas del Narcea;Asturias
33811;Ibias;Asturias
33812;Degaña;Asturias
33812;Ibias;Asturias
33813;Cangas del Narcea;Asturias
33813;Degaña;Asturias
33814;Cangas del Narcea;Asturias
33815;Allande;Asturias
33815;Cangas del Narcea;Asturias
33816;Cangas del Narcea;Asturias
33817;Cangas del Narcea;Asturias
33818;Cangas del Narcea;Asturias
33819;Cangas del Narcea;Asturias
33820;Grado;Asturias
33825;Grado;Asturias
33826;Grado;Asturias
33826;Yernes y Tameza;Asturias
33827;Belmonte de Miranda;Asturias
33827;Grado;Asturias
33828;Candamo;Asturias
33829;Candamo;Asturias
33829;Grado;Asturias
33830;Belmonte de Miranda;Asturias
33836;Belmonte de Miranda;Asturias
33836;Salas;Asturias
33837;Belmonte de Miranda;Asturias
33838;Belmonte de Miranda;Asturias
33839;Belmonte de Miranda;Asturias
33840;Somiedo;Asturias
33841;Somiedo;Asturias
33842;Belmonte de Miranda;Asturias
33842;Somiedo;Asturias
33843;Belmonte de Miranda;Asturias
33844;Belmonte de Miranda;Asturias
33845;Belmonte de Miranda;Asturias
33846;Belmonte de Miranda;Asturias
33846;Salas;Asturias
33847;Belmonte de Miranda;Asturias
33848;Salas;Asturias
33850;Salas;Asturias
33857;Salas;Asturias
33858;Salas;Asturias
33859;Salas;Asturias
33860;Salas;Asturias
33866;Salas;Asturias
33867;Salas;Asturias
33868;Salas;Asturias
33869;Salas;Asturias
33870;Tineo;Asturias
33873;Tineo;Asturias
33874;Valdés;Asturias
33874;Tineo;Asturias
33875;Tineo;Asturias
33876;Tineo;Asturias
33877;Tineo;Asturias
33878;Tineo;Asturias
33879;Tineo;Asturias
33880;Allande;Asturias
33885;Allande;Asturias
33887;Allande;Asturias
33888;Allande;Asturias
33889;Allande;Asturias
33890;Allande;Asturias
33891;Salas;Asturias
33900;Langreo;Asturias
33909;Langreo;Asturias
33910;Oviedo;Asturias
33919;Oviedo;Asturias
33920;Langreo;Asturias
33929;Langreo;Asturias
33930;Langreo;Asturias
33934;Langreo;Asturias
33935;Langreo;Asturias
33936;Siero;Asturias
33937;Siero;Asturias
33938;Siero;Asturias
33939;Langreo;Asturias
33940;San Martín del Rey Aurelio;Asturias
33945;San Martín del Rey Aurelio;Asturias
33946;San Martín del Rey Aurelio;Asturias
33947;San Martín del Rey Aurelio;Asturias
33948;San Martín del Rey Aurelio;Asturias
33950;San Martín del Rey Aurelio;Asturias
33957;San Martín del Rey Aurelio;Asturias
33958;San Martín del Rey Aurelio;Asturias
33959;San Martín del Rey Aurelio;Asturias
33960;San Martín del Rey Aurelio;Asturias
33970;Laviana;Asturias
33979;Laviana;Asturias
33980;Laviana;Asturias
33986;Laviana;Asturias
33987;Laviana;Asturias
33989;Laviana;Asturias
33990;Caso;Asturias
33991;Laviana;Asturias
33992;Laviana;Asturias
33993;Sobrescobio;Asturias
33995;Caso;Asturias
33996;Caso;Asturias
34001;Palencia;Palencia
34002;Palencia;Palencia
34003;Palencia;Palencia
34004;Palencia;Palencia
34005;Palencia;Palencia
34006;Palencia;Palencia
34100;Saldaña;Palencia
34110;Pino del Río;Palencia
34111;Pino del Río;Palencia
34111;Poza de la Vega;Palencia
34111;Saldaña;Palencia
34111;Villaluenga de la Vega;Palencia
34111;Villota del Páramo;Palencia
34112;Santervás de la Vega;Palencia
34112;Villaluenga de la Vega;Palencia
34112;Villota del Páramo;Palencia
34113;Pedrosa de la Vega;Palencia
34113;Villaluenga de la Vega;Palencia
34113;Villarrabé;Palencia
34114;Quintanilla de Onsoña;Palencia
34115;Saldaña;Palencia
34115;Valderrábano;Palencia
34116;Bustillo de la Vega;Palencia
34116;Pedrosa de la Vega;Palencia
34116;Villarrabé;Palencia
34117;Saldaña;Palencia
34118;Loma de Ucieza;Palencia
34120;Carrión de los Condes;Palencia
34126;Renedo de la Vega;Palencia
34126;Villamoronta;Palencia
34127;San Mamés de Campos;Palencia
34127;Valde-Ucieza;Palencia
34127;Loma de Ucieza;Palencia
34128;Nogal de las Huertas;Palencia
34128;Quintanilla de Onsoña;Palencia
34128;Serna;Palencia
34128;Loma de Ucieza;Palencia
34129;Bustillo del Páramo de Carrión;Palencia
34129;Calzada de los Molinos;Palencia
34129;Villaturde;Palencia
34131;Carrión de los Condes;Palencia
34131;Villoldo;Palencia
34132;Villasarracino;Palencia
34159;Ampudia;Palencia
34160;Ampudia;Palencia
34170;Mazariegos;Palencia
34170;Pedraza de Campos;Palencia
34170;Villamartín de Campos;Palencia
34170;Villaumbrales;Palencia
34190;Villamuriel de Cerrato;Palencia
34191;Ampudia;Palencia
34191;Autilla del Pino;Palencia
34191;Palencia;Palencia
34191;Santa Cecilia del Alcor;Palencia
34192;Grijota;Palencia
34192;Villaumbrales;Palencia
34200;Venta de Baños;Palencia
34208;Venta de Baños;Palencia
34208;Dueñas;Palencia
34208;Reinoso de Cerrato;Palencia
34209;Hontoria de Cerrato;Palencia
34209;Soto de Cerrato;Palencia
34209;Tariego de Cerrato;Palencia
34209;Valle de Cerrato;Palencia
34210;Dueñas;Palencia
34218;Cevico de la Torre;Palencia
34219;Alba de Cerrato;Palencia
34219;Castrillo de Onielo;Palencia
34219;Cubillas de Cerrato;Palencia
34219;Población de Cerrato;Palencia
34219;Vertavillo;Palencia
34220;Magaz de Pisuerga;Palencia
34230;Torquemada;Palencia
34239;Valdeolmillos;Palencia
34239;Villamediana;Palencia
34240;Baltanás;Palencia
34246;Castrillo de Don Juan;Palencia
34247;Cevico Navero;Palencia
34247;Hérmedes de Cerrato;Palencia
34247;Villaconancio;Palencia
34248;Antigüedad;Palencia
34248;Cobos de Cerrato;Palencia
34248;Espinosa de Cerrato;Palencia
34249;Baltanás;Palencia
34249;Hornillos de Cerrato;Palencia
34249;Villaviudas;Palencia
34250;Quintana del Puente;Palencia
34257;Palenzuela;Palencia
34257;Tabanera de Cerrato;Palencia
34257;Villahán;Palencia
34257;Villodrigo;Palencia
34258;Cobos de Cerrato;Palencia
34259;Cordovilla la Real;Palencia
34259;Herrera de Valdecañas;Palencia
34259;Villalaco;Palencia
34260;Revilla Vallejera;Palencia
34260;Vallejera;Palencia
34260;Villamedianilla;Palencia
34300;Paredes de Nava;Palencia
34304;Belmonte de Campos;Palencia
34305;Baquerín de Campos;Palencia
34305;Boada de Campos;Palencia
34305;Capillas;Palencia
34305;Castromocho;Palencia
34305;Meneses de Campos;Palencia
34305;Torremormojón;Palencia
34305;Villerías de Campos;Palencia
34306;Castil de Vela;Palencia
34306;Frechilla;Palencia
34306;Guaza de Campos;Palencia
34306;Mazuecos de Valdeginate;Palencia
34307;Valle del Retortillo;Palencia
34309;Cardeñosa de Volpejera;Palencia
34309;Cervatos de la Cueza;Palencia
34309;Riberos de la Cueza;Palencia
34309;Villamuera de la Cueza;Palencia
34309;Villanueva del Rebollar;Palencia
34310;Becerril de Campos;Palencia
34310;Perales;Palencia
34320;Cisneros;Palencia
34337;Fuentes de Nava;Palencia
34338;Abarca de Campos;Palencia
34338;Autillo de Campos;Palencia
34340;Villada;Palencia
34347;Lagartos;Palencia
34347;Ledigos;Palencia
34347;Población de Arroyo;Palencia
34347;Pozo de Urama;Palencia
34347;San Román de la Cuba;Palencia
34347;Villalcón;Palencia
34348;Villacidaler;Palencia
34349;Boadilla de Rioseco;Palencia
34349;Lagartos;Palencia
34349;Moratinos;Palencia
34349;Villacidaler;Palencia
34349;Villada;Palencia
34350;Villarramiel;Palencia
34400;Herrera de Pisuerga;Palencia
34404;Dehesa de Montejo;Palencia
34405;Espinosa de Villagonzalo;Palencia
34405;Herrera de Pisuerga;Palencia
34405;Santa Cruz de Boedo;Palencia
34406;Báscones de Ojeda;Palencia
34406;Collazos de Boedo;Palencia
34406;Dehesa de Romanos;Palencia
34406;Herrera de Pisuerga;Palencia
34407;Calahorra de Boedo;Palencia
34407;Collazos de Boedo;Palencia
34407;Olea de Boedo;Palencia
34407;Páramo de Boedo;Palencia
34407;Revilla de Collazos;Palencia
34407;Sotobañado y Priorato;Palencia
34407;Villameriel;Palencia
34408;Villameriel;Palencia
34409;Villameriel;Palencia
34410;Monzón de Campos;Palencia
34419;Amusco;Palencia
34419;Fuentes de Valdepero;Palencia
34419;Husillos;Palencia
34419;Monzón de Campos;Palencia
34419;Villalobón;Palencia
34420;Amusco;Palencia
34429;Amayuelas de Arriba;Palencia
34429;Manquillos;Palencia
34429;Perales;Palencia
34429;Ribas de Campos;Palencia
34429;San Cebrián de Campos;Palencia
34430;Piña de Campos;Palencia
34439;Támara de Campos;Palencia
34440;Frómista;Palencia
34447;Revenga de Campos;Palencia
34447;Villarmentero de Campos;Palencia
34449;Arconada;Palencia
34449;Lomas;Palencia
34449;Población de Campos;Palencia
34449;Villalcázar de Sirga;Palencia
34449;Villovieco;Palencia
34450;Astudillo;Palencia
34460;Osorno la Mayor;Palencia
34465;Valbuena de Pisuerga;Palencia
34466;Villodre;Palencia
34467;Melgar de Yuso;Palencia
34468;Boadilla del Camino;Palencia
34468;Itero de la Vega;Palencia
34468;Lantadilla;Palencia
34468;Osornillo;Palencia
34468;Reinoso de Cerrato;Palencia
34469;Marcilla de Campos;Palencia
34469;Requena de Campos;Palencia
34469;Villaherreros;Palencia
34469;Osorno la Mayor;Palencia
34470;Buenavista de Valdavia;Palencia
34470;Congosto de Valdavia;Palencia
34470;Puebla de Valdavia;Palencia
34473;Ayuela;Palencia
34473;Buenavista de Valdavia;Palencia
34473;Tabanera de Valdavia;Palencia
34473;Valderrábano;Palencia
34475;Villabasta de Valdavia;Palencia
34475;Villaeles de Valdavia;Palencia
34475;Villasila de Valdavia;Palencia
34477;Bárcena de Campos;Palencia
34477;Villanuño de Valdavia;Palencia
34477;Loma de Ucieza;Palencia
34478;Castrillo de Villavega;Palencia
34480;Alar del Rey;Palencia
34484;Dehesa de Montejo;Palencia
34485;Vid de Ojeda;Palencia
34485;Micieces de Ojeda;Palencia
34485;Olmos de Ojeda;Palencia
34485;Payo de Ojeda;Palencia
34486;Aguilar de Campoo;Palencia
34486;Cervera de Pisuerga;Palencia
34486;Olmos de Ojeda;Palencia
34486;Prádanos de Ojeda;Palencia
34486;Santibáñez de Ecla;Palencia
34487;Alar del Rey;Palencia
34487;Pernía;Palencia
34488;Cervera de Pisuerga;Palencia
34488;Olmos de Ojeda;Palencia
34490;Astudillo;Palencia
34490;Santoyo;Palencia
34491;Abia de las Torres;Palencia
34491;Espinosa de Villagonzalo;Palencia
34491;San Cristóbal de Boedo;Palencia
34491;Santa Cruz de Boedo;Palencia
34491;Villaherreros;Palencia
34491;Villaprovedo;Palencia
34492;Rebolledo de la Torre;Palencia
34492;Sotresgudo;Palencia
34492;Aguilar de Campoo;Palencia
34492;Alar del Rey;Palencia
34570;Aldea de San Nicolás;Palencia
34800;Aguilar de Campoo;Palencia
34810;Aguilar de Campoo;Palencia
34810;Salinas de Pisuerga;Palencia
34811;Aguilar de Campoo;Palencia
34811;Pomar de Valdivia;Palencia
34813;Aguilar de Campoo;Palencia
34813;Pomar de Valdivia;Palencia
34814;Berzosilla;Palencia
34814;Pomar de Valdivia;Palencia
34815;Aguilar de Campoo;Palencia
34815;Pomar de Valdivia;Palencia
34820;Barruelo de Santullán;Palencia
34828;Barruelo de Santullán;Palencia
34828;Salinas de Pisuerga;Palencia
34828;San Cebrián de Mudá;Palencia
34829;Barruelo de Santullán;Palencia
34829;Brañosera;Palencia
34830;Salinas de Pisuerga;Palencia
34839;Cervera de Pisuerga;Palencia
34839;Mudá;Palencia
34839;San Cebrián de Mudá;Palencia
34840;Cervera de Pisuerga;Palencia
34844;Cervera de Pisuerga;Palencia
34844;Dehesa de Montejo;Palencia
34844;Triollo;Palencia
34846;Cervera de Pisuerga;Palencia
34846;Polentinos;Palencia
34847;Pernía;Palencia
34848;Pernía;Palencia
34849;Pernía;Palencia
34850;Castrejón de la Peña;Palencia
34858;Castrejón de la Peña;Palencia
34859;Castrejón de la Peña;Palencia
34869;Santibáñez de la Peña;Palencia
34870;Respenda de la Peña;Palencia
34870;Santibáñez de la Peña;Palencia
34874;Respenda de la Peña;Palencia
34878;Congosto de Valdavia;Palencia
34878;Respenda de la Peña;Palencia
34878;Santibáñez de la Peña;Palencia
34879;Guardo;Palencia
34879;Santibáñez de la Peña;Palencia
34880;Guardo;Palencia
34882;Congosto de Valdavia;Palencia
34882;Guardo;Palencia
34884;Santibáñez de la Peña;Palencia
34886;Velilla del Río Carrión;Palencia
34887;Triollo;Palencia
34888;Velilla del Río Carrión;Palencia
34889;Fresno del Río;Palencia
34889;Guardo;Palencia
34889;Mantinos;Palencia
34889;Velilla del Río Carrión;Palencia
34889;Villalba de Guardo;Palencia
35000;Ingenio;La Palmas
35000;Teror;La Palmas
35000;Valleseco;La Palmas
35001;Palmas de Gran Canaria;La Palmas
35002;Palmas de Gran Canaria;La Palmas
35003;Palmas de Gran Canaria;La Palmas
35004;Palmas de Gran Canaria;La Palmas
35005;Palmas de Gran Canaria;La Palmas
35006;Palmas de Gran Canaria;La Palmas
35007;Palmas de Gran Canaria;La Palmas
35008;Palmas de Gran Canaria;La Palmas
35009;Palmas de Gran Canaria;La Palmas
35010;Palmas de Gran Canaria;La Palmas
35011;Palmas de Gran Canaria;La Palmas
35012;Palmas de Gran Canaria;La Palmas
35013;Palmas de Gran Canaria;La Palmas
35014;Palmas de Gran Canaria;La Palmas
35015;Palmas de Gran Canaria;La Palmas
35016;Palmas de Gran Canaria;La Palmas
35017;Palmas de Gran Canaria;La Palmas
35018;Palmas de Gran Canaria;La Palmas
35019;Palmas de Gran Canaria;La Palmas
35100;San Bartolomé de Tirajana;La Palmas
35106;San Bartolomé de Tirajana;La Palmas
35107;San Bartolomé de Tirajana;La Palmas
35108;San Bartolomé de Tirajana;La Palmas
35109;San Bartolomé de Tirajana;La Palmas
35110;Santa Lucía de Tirajana;La Palmas
35118;Agüimes;La Palmas
35119;Agüimes;La Palmas
35119;San Bartolomé de Tirajana;La Palmas
35120;Mogán;La Palmas
35120;San Bartolomé de Tirajana;La Palmas
35128;Mogán;La Palmas
35128;San Bartolomé de Tirajana;La Palmas
35129;Mogán;La Palmas
35130;Mogán;La Palmas
35138;Mogán;La Palmas
35139;Mogán;La Palmas
35140;Mogán;La Palmas
35149;Mogán;La Palmas
35188;Gáldar;La Palmas
35200;Telde;La Palmas
35210;Telde;La Palmas
35211;Telde;La Palmas
35212;Telde;La Palmas
35213;Telde;La Palmas
35214;Ingenio;La Palmas
35214;Telde;La Palmas
35214;Valsequillo de Gran Canaria;La Palmas
35215;Telde;La Palmas
35216;Valsequillo de Gran Canaria;La Palmas
35217;Valsequillo de Gran Canaria;La Palmas
35218;Telde;La Palmas
35219;Telde;La Palmas
35220;Palmas de Gran Canaria;La Palmas
35220;Telde;La Palmas
35229;Palmas de Gran Canaria;La Palmas
35229;Telde;La Palmas
35240;Ingenio;La Palmas
35250;Ingenio;La Palmas
35259;Ingenio;La Palmas
35260;Agüimes;La Palmas
35269;Agüimes;La Palmas
35270;Agüimes;La Palmas
35280;San Bartolomé de Tirajana;La Palmas
35280;Santa Lucía de Tirajana;La Palmas
35290;San Bartolomé de Tirajana;La Palmas
35299;San Bartolomé de Tirajana;La Palmas
35300;Arucas;La Palmas
35300;Santa Brígida;La Palmas
35307;Santa Brígida;La Palmas
35308;Santa Brígida;La Palmas
35309;Santa Brígida;La Palmas
35310;Santa Brígida;La Palmas
35320;Vega de San Mateo;La Palmas
35328;Vega de San Mateo;La Palmas
35329;Vega de San Mateo;La Palmas
35330;Teror;La Palmas
35333;Teror;La Palmas
35338;Teror;La Palmas
35339;Teror;La Palmas
35340;Valleseco;La Palmas
35349;Valleseco;La Palmas
35350;Artenara;La Palmas
35360;Tejeda;La Palmas
35368;Tejeda;La Palmas
35369;Antigua;La Palmas
35369;San Bartolomé de Tirajana;La Palmas
35370;Yaiza;La Palmas
35400;Arucas;La Palmas
35411;Arucas;La Palmas
35412;Arucas;La Palmas
35413;Arucas;La Palmas
35413;Moya;La Palmas
35414;Arucas;La Palmas
35415;Arucas;La Palmas
35418;Arucas;La Palmas
35420;Gáldar;La Palmas
35420;Moya;La Palmas
35421;Moya;La Palmas
35422;Moya;La Palmas
35423;Moya;La Palmas
35425;Ingenio;La Palmas
35430;Firgas;La Palmas
35431;Firgas;La Palmas
35432;Firgas;La Palmas
35435;Firgas;La Palmas
35450;Santa María de Guía de Gran Canaria;La Palmas
35457;Santa María de Guía de Gran Canaria;La Palmas
35458;Santa María de Guía de Gran Canaria;La Palmas
35460;Gáldar;La Palmas
35468;Gáldar;La Palmas
35469;Gáldar;La Palmas
35469;Oliva;La Palmas
35470;Aldea de San Nicolás;La Palmas
35478;Aldea de San Nicolás;La Palmas
35479;Aldea de San Nicolás;La Palmas
35480;Agaete;La Palmas
35488;Gáldar;La Palmas
35489;Agaete;La Palmas
35500;Arrecife;La Palmas
35500;Puerto del Rosario;La Palmas
35507;Teguise;La Palmas
35508;Teguise;La Palmas
35509;San Bartolomé;La Palmas
35509;Teguise;La Palmas
35510;Tías;La Palmas
35520;Haría;La Palmas
35530;Teguise;La Palmas
35539;Teguise;La Palmas
35540;Santa María de Guía de Gran Canaria;La Palmas
35540;Teguise;La Palmas
35541;Haría;La Palmas
35542;Haría;La Palmas
35543;Haría;La Palmas
35543;Teguise;La Palmas
35544;Teguise;La Palmas
35550;San Bartolomé;La Palmas
35550;Tinajo;La Palmas
35558;Teguise;La Palmas
35559;San Bartolomé;La Palmas
35560;Tinajo;La Palmas
35561;Teguise;La Palmas
35570;Yaiza;La Palmas
35571;Tías;La Palmas
35572;Tías;La Palmas
35579;Aldea de San Nicolás;La Palmas
35580;Yaiza;La Palmas
35600;Puerto del Rosario;La Palmas
35610;Antigua;La Palmas
35610;Puerto del Rosario;La Palmas
35611;Puerto del Rosario;La Palmas
35612;Puerto del Rosario;La Palmas
35613;Puerto del Rosario;La Palmas
35620;Tuineje;La Palmas
35625;Pájara;La Palmas
35626;Pájara;La Palmas
35627;Oliva;La Palmas
35627;Pájara;La Palmas
35627;Puerto del Rosario;La Palmas
35627;Tuineje;La Palmas
35628;Pájara;La Palmas
35628;Tuineje;La Palmas
35628;Valsequillo de Gran Canaria;La Palmas
35629;Tuineje;La Palmas
35630;Antigua;La Palmas
35637;Betancuria;La Palmas
35637;Puerto del Rosario;La Palmas
35638;Antigua;La Palmas
35639;Antigua;La Palmas
35640;Gáldar;La Palmas
35640;Oliva;La Palmas
35649;Oliva;La Palmas
35650;Oliva;La Palmas
35651;Oliva;La Palmas
35660;Oliva;La Palmas
36001;Pontevedra;Pontevedra
36002;Pontevedra;Pontevedra
36003;Pontevedra;Pontevedra
36004;Pontevedra;Pontevedra
36005;Pontevedra;Pontevedra
36110;Campo Lameiro;Pontevedra
36116;Cerdedo-Cotobade;Pontevedra
36117;Cerdedo-Cotobade;Pontevedra
36118;Campo Lameiro;Pontevedra
36119;Campo Lameiro;Pontevedra
36119;Cerdedo-Cotobade;Pontevedra
36120;Cerdedo-Cotobade;Pontevedra
36121;Cerdedo-Cotobade;Pontevedra
36130;Cerdedo-Cotobade;Pontevedra
36139;Cerdedo-Cotobade;Pontevedra
36140;Vilaboa;Pontevedra
36141;Vilaboa;Pontevedra
36142;Vilaboa;Pontevedra
36143;Pontevedra;Pontevedra
36150;Pontevedra;Pontevedra
36151;Pontevedra;Pontevedra
36152;Pontevedra;Pontevedra
36153;Pontevedra;Pontevedra
36154;Pontevedra;Pontevedra
36155;Pontevedra;Pontevedra
36156;Pontevedra;Pontevedra
36157;Pontevedra;Pontevedra
36158;Pontevedra;Pontevedra
36160;Pontevedra;Pontevedra
36161;Pontevedra;Pontevedra
36162;Pontevedra;Pontevedra
36163;Poio;Pontevedra
36164;Pontevedra;Pontevedra
36190;Barro;Pontevedra
36191;Barro;Pontevedra
36192;Meis;Pontevedra
36193;Barro;Pontevedra
36194;Barro;Pontevedra
36201;Vigo;Pontevedra
36202;Vigo;Pontevedra
36203;Vigo;Pontevedra
36204;Vigo;Pontevedra
36205;Vigo;Pontevedra
36206;Vigo;Pontevedra
36207;Vigo;Pontevedra
36208;Vigo;Pontevedra
36209;Vigo;Pontevedra
36210;Vigo;Pontevedra
36211;Vigo;Pontevedra
36212;Vigo;Pontevedra
36213;Vigo;Pontevedra
36214;Vigo;Pontevedra
36215;Vigo;Pontevedra
36216;Vigo;Pontevedra
36300;Baiona;Pontevedra
36307;Baiona;Pontevedra
36308;Baiona;Pontevedra
36309;Baiona;Pontevedra
36309;Oia;Pontevedra
36310;Vigo;Pontevedra
36311;Mos;Pontevedra
36312;Vigo;Pontevedra
36313;Vigo;Pontevedra
36314;Vigo;Pontevedra
36315;Vigo;Pontevedra
36316;Gondomar;Pontevedra
36317;Vigo;Pontevedra
36318;Vigo;Pontevedra
36320;Redondela;Pontevedra
36330;Vigo;Pontevedra
36331;Vigo;Pontevedra
36340;Nigrán;Pontevedra
36350;Nigrán;Pontevedra
36360;Nigrán;Pontevedra
36370;Nigrán;Pontevedra
36378;Gondomar;Pontevedra
36379;Nigrán;Pontevedra
36380;Gondomar;Pontevedra
36388;Gondomar;Pontevedra
36389;Gondomar;Pontevedra
36390;Vigo;Pontevedra
36391;Nigrán;Pontevedra
36392;Vigo;Pontevedra
36393;Baiona;Pontevedra
36400;Porriño;Pontevedra
36410;Porriño;Pontevedra
36411;Porriño;Pontevedra
36412;Porriño;Pontevedra
36413;Porriño;Pontevedra
36414;Porriño;Pontevedra
36415;Mos;Pontevedra
36416;Mos;Pontevedra
36417;Mos;Pontevedra
36418;Porriño;Pontevedra
36419;Mos;Pontevedra
36420;Crecente;Pontevedra
36428;Crecente;Pontevedra
36429;Crecente;Pontevedra
36430;Arbo;Pontevedra
36435;Arbo;Pontevedra
36436;Arbo;Pontevedra
36437;Arbo;Pontevedra
36438;Arbo;Pontevedra
36439;Arbo;Pontevedra
36440;Neves;Pontevedra
36446;Neves;Pontevedra
36447;Neves;Pontevedra
36448;Neves;Pontevedra
36449;Neves;Pontevedra
36450;Salvaterra de Miño;Pontevedra
36455;Salvaterra de Miño;Pontevedra
36456;Salvaterra de Miño;Pontevedra
36457;Salvaterra de Miño;Pontevedra
36458;Salvaterra de Miño;Pontevedra
36459;Salvaterra de Miño;Pontevedra
36460;Salceda de Caselas;Pontevedra
36460;Tui;Pontevedra
36470;Salceda de Caselas;Pontevedra
36470;Tomiño;Pontevedra
36471;Salceda de Caselas;Pontevedra
36472;Salceda de Caselas;Pontevedra
36474;Salceda de Caselas;Pontevedra
36475;Porriño;Pontevedra
36475;Salceda de Caselas;Pontevedra
36490;Crecente;Pontevedra
36491;Crecente;Pontevedra
36492;Crecente;Pontevedra
36493;Crecente;Pontevedra
36494;Arbo;Pontevedra
36500;Lalín;Pontevedra
36510;Lalín;Pontevedra
36511;Lalín;Pontevedra
36511;Rodeiro;Pontevedra
36512;Lalín;Pontevedra
36514;Agolada;Pontevedra
36514;Lalín;Pontevedra
36515;Lalín;Pontevedra
36516;Dozón;Pontevedra
36516;Lalín;Pontevedra
36517;Lalín;Pontevedra
36518;Dozón;Pontevedra
36518;Lalín;Pontevedra
36519;Lalín;Pontevedra
36520;Agolada;Pontevedra
36524;Agolada;Pontevedra
36525;Agolada;Pontevedra
36526;Agolada;Pontevedra
36527;Agolada;Pontevedra
36528;Agolada;Pontevedra
36529;Agolada;Pontevedra
36530;Rodeiro;Pontevedra
36537;Rodeiro;Pontevedra
36538;Rodeiro;Pontevedra
36539;Rodeiro;Pontevedra
36540;Silleda;Pontevedra
36543;Silleda;Pontevedra
36544;Silleda;Pontevedra
36545;Silleda;Pontevedra
36546;Silleda;Pontevedra
36547;Silleda;Pontevedra
36548;Silleda;Pontevedra
36549;Forcarei;Pontevedra
36549;Silleda;Pontevedra
36550;Forcarei;Pontevedra
36555;Forcarei;Pontevedra
36556;Forcarei;Pontevedra
36557;Forcarei;Pontevedra
36558;Forcarei;Pontevedra
36558;Cerdedo-Cotobade;Pontevedra
36559;Estrada;Pontevedra
36560;Forcarei;Pontevedra
36567;Forcarei;Pontevedra
36569;Forcarei;Pontevedra
36570;Silleda;Pontevedra
36579;Silleda;Pontevedra
36580;Vila de Cruces;Pontevedra
36581;Vila de Cruces;Pontevedra
36582;Vila de Cruces;Pontevedra
36583;Lalín;Pontevedra
36583;Vila de Cruces;Pontevedra
36584;Estrada;Pontevedra
36585;Vila de Cruces;Pontevedra
36586;Vila de Cruces;Pontevedra
36587;Silleda;Pontevedra
36587;Vila de Cruces;Pontevedra
36588;Estrada;Pontevedra
36589;Silleda;Pontevedra
36590;Vila de Cruces;Pontevedra
36596;Lalín;Pontevedra
36596;Vila de Cruces;Pontevedra
36597;Vila de Cruces;Pontevedra
36598;Lalín;Pontevedra
36598;Vila de Cruces;Pontevedra
36599;Vila de Cruces;Pontevedra
36600;Vilagarcía de Arousa;Pontevedra
36610;Vilagarcía de Arousa;Pontevedra
36611;Vilagarcía de Arousa;Pontevedra
36612;Catoira;Pontevedra
36613;Vilagarcía de Arousa;Pontevedra
36614;Vilanova de Arousa;Pontevedra
36615;Caldas de Reis;Pontevedra
36616;Meis;Pontevedra
36616;Vilanova de Arousa;Pontevedra
36617;Vilagarcía de Arousa;Pontevedra
36618;Vilagarcía de Arousa;Pontevedra
36619;Vilagarcía de Arousa;Pontevedra
36620;Vilanova de Arousa;Pontevedra
36626;Illa de Arousa;Pontevedra
36627;Vilanova de Arousa;Pontevedra
36628;Vilanova de Arousa;Pontevedra
36629;Vilagarcía de Arousa;Pontevedra
36629;Vilanova de Arousa;Pontevedra
36630;Cambados;Pontevedra
36633;Cambados;Pontevedra
36634;Cambados;Pontevedra
36635;Cambados;Pontevedra
36635;Ribadumia;Pontevedra
36636;Ribadumia;Pontevedra
36637;Meis;Pontevedra
36638;Meaño;Pontevedra
36638;Ribadumia;Pontevedra
36639;Cambados;Pontevedra
36640;Pontecesures;Pontevedra
36645;Valga;Pontevedra
36646;Valga;Pontevedra
36647;Valga;Pontevedra
36649;Pontecesures;Pontevedra
36650;Caldas de Reis;Pontevedra
36652;Portas;Pontevedra
36653;Caldas de Reis;Pontevedra
36654;Caldas de Reis;Pontevedra
36655;Caldas de Reis;Pontevedra
36656;Caldas de Reis;Pontevedra
36657;Portas;Pontevedra
36658;Estrada;Pontevedra
36658;Portas;Pontevedra
36659;Caldas de Reis;Pontevedra
36660;Moraña;Pontevedra
36668;Moraña;Pontevedra
36669;Moraña;Pontevedra
36670;Cuntis;Pontevedra
36675;Cuntis;Pontevedra
36676;Estrada;Pontevedra
36677;Cuntis;Pontevedra
36678;Cuntis;Pontevedra
36679;Cuntis;Pontevedra
36680;Estrada;Pontevedra
36681;Estrada;Pontevedra
36682;Estrada;Pontevedra
36683;Estrada;Pontevedra
36684;Estrada;Pontevedra
36685;Estrada;Pontevedra
36685;Ponteareas;Pontevedra
36686;Estrada;Pontevedra
36687;Estrada;Pontevedra
36688;Estrada;Pontevedra
36689;Estrada;Pontevedra
36690;Pontevedra;Pontevedra
36690;Soutomaior;Pontevedra
36691;Barro;Pontevedra
36691;Soutomaior;Pontevedra
36692;Barro;Pontevedra
36693;Redondela;Pontevedra
36700;Tui;Pontevedra
36710;Tui;Pontevedra
36711;Tui;Pontevedra
36712;Tui;Pontevedra
36713;Tui;Pontevedra
36714;Tui;Pontevedra
36715;Tui;Pontevedra
36720;Tui;Pontevedra
36729;Tui;Pontevedra
36730;Tomiño;Pontevedra
36739;Tomiño;Pontevedra
36740;Tomiño;Pontevedra
36746;Tomiño;Pontevedra
36747;Tomiño;Pontevedra
36748;Tomiño;Pontevedra
36749;Tomiño;Pontevedra
36750;Tomiño;Pontevedra
36760;Rosal;Pontevedra
36770;Rosal;Pontevedra
36778;Rosal;Pontevedra
36779;Oia;Pontevedra
36780;Guarda;Pontevedra
36788;Guarda;Pontevedra
36789;Guarda;Pontevedra
36790;Tomiño;Pontevedra
36791;Tomiño;Pontevedra
36792;Tomiño;Pontevedra
36794;Oia;Pontevedra
36800;Redondela;Pontevedra
36810;Redondela;Pontevedra
36811;Redondela;Pontevedra
36812;Redondela;Pontevedra
36813;Redondela;Pontevedra
36814;Redondela;Pontevedra
36815;Redondela;Pontevedra
36816;Redondela;Pontevedra
36817;Pazos de Borbén;Pontevedra
36817;Redondela;Pontevedra
36818;Redondela;Pontevedra
36820;Ponte Caldelas;Pontevedra
36826;Ponte Caldelas;Pontevedra
36827;Ponte Caldelas;Pontevedra
36828;Ponte Caldelas;Pontevedra
36829;Ponte Caldelas;Pontevedra
36830;Lama;Pontevedra
36835;Lama;Pontevedra
36836;Lama;Pontevedra
36837;Lama;Pontevedra
36838;Lama;Pontevedra
36839;Lama;Pontevedra
36840;Pazos de Borbén;Pontevedra
36841;Pazos de Borbén;Pontevedra
36842;Pazos de Borbén;Pontevedra
36843;Pazos de Borbén;Pontevedra
36844;Pazos de Borbén;Pontevedra
36845;Fornelos de Montes;Pontevedra
36846;Fornelos de Montes;Pontevedra
36847;Fornelos de Montes;Pontevedra
36848;Fornelos de Montes;Pontevedra
36849;Fornelos de Montes;Pontevedra
36850;Lama;Pontevedra
36851;Fornelos de Montes;Pontevedra
36852;Fornelos de Montes;Pontevedra
36853;Lama;Pontevedra
36853;Ponte Caldelas;Pontevedra
36854;Cerdedo-Cotobade;Pontevedra
36855;Cerdedo-Cotobade;Pontevedra
36856;Cerdedo-Cotobade;Pontevedra
36857;Cerdedo-Cotobade;Pontevedra
36858;Cerdedo-Cotobade;Pontevedra
36859;Cerdedo-Cotobade;Pontevedra
36860;Ponteareas;Pontevedra
36861;Ponteareas;Pontevedra
36862;Ponteareas;Pontevedra
36863;Ponteareas;Pontevedra
36864;Ponteareas;Pontevedra
36865;Ponteareas;Pontevedra
36866;Ponteareas;Pontevedra
36867;Ponteareas;Pontevedra
36868;Ponteareas;Pontevedra
36869;Ponteareas;Pontevedra
36870;Mondariz;Pontevedra
36872;Covelo;Pontevedra
36873;Covelo;Pontevedra
36874;Mondariz;Pontevedra
36875;Fornelos de Montes;Pontevedra
36875;Mondariz;Pontevedra
36876;Covelo;Pontevedra
36876;Mondariz;Pontevedra
36877;Covelo;Pontevedra
36877;Mondariz;Pontevedra
36878;Covelo;Pontevedra
36878;Mondariz;Pontevedra
36879;Mondariz;Pontevedra
36880;Cañiza;Pontevedra
36883;Cañiza;Pontevedra
36884;Cañiza;Pontevedra
36885;Cañiza;Pontevedra
36885;Crecente;Pontevedra
36886;Cañiza;Pontevedra
36887;Cañiza;Pontevedra
36888;Cañiza;Pontevedra
36889;Cañiza;Pontevedra
36889;Covelo;Pontevedra
36890;Mondariz-Balneario;Pontevedra
36891;Ponteareas;Pontevedra
36892;Ponteareas;Pontevedra
36893;Ponteareas;Pontevedra
36895;Ponteareas;Pontevedra
36900;Marín;Pontevedra
36910;Pontevedra;Pontevedra
36911;Marín;Pontevedra
36912;Marín;Pontevedra
36913;Marín;Pontevedra
36914;Marín;Pontevedra
36915;Marín;Pontevedra
36920;Marín;Pontevedra
36930;Bueu;Pontevedra
36936;Siero;Pontevedra
36937;Bueu;Pontevedra
36938;Bueu;Pontevedra
36939;Bueu;Pontevedra
36940;Cangas;Pontevedra
36945;Cangas;Pontevedra
36946;Cangas;Pontevedra
36947;Cangas;Pontevedra
36948;Cangas;Pontevedra
36949;Cangas;Pontevedra
36950;Moaña;Pontevedra
36954;Moaña;Pontevedra
36955;Moaña;Pontevedra
36957;Moaña;Pontevedra
36958;Moaña;Pontevedra
36959;Moaña;Pontevedra
36960;Sanxenxo;Pontevedra
36966;Sanxenxo;Pontevedra
36967;Meaño;Pontevedra
36968;Meaño;Pontevedra
36969;Meaño;Pontevedra
36969;Sanxenxo;Pontevedra
36970;Sanxenxo;Pontevedra
36979;Sanxenxo;Pontevedra
36980;Grove;Pontevedra
36988;Grove;Pontevedra
36989;Grove;Pontevedra
36990;Sanxenxo;Pontevedra
36991;Grove;Pontevedra
36992;Poio;Pontevedra
36993;Poio;Pontevedra
36995;Poio;Pontevedra
37001;Salamanca;Salamanca
37002;Salamanca;Salamanca
37003;Salamanca;Salamanca
37004;Salamanca;Salamanca
37005;Salamanca;Salamanca
37006;Salamanca;Salamanca
37007;Salamanca;Salamanca
37008;Carbajosa de la Sagrada;Salamanca
37008;Salamanca;Salamanca
37100;Ledesma;Salamanca
37110;Aldearrodrigo;Salamanca
37110;Arco;Salamanca
37110;San Pelayo de Guareña;Salamanca
37110;Santiz;Salamanca
37110;Torresmenudas;Salamanca
37110;Zamayón;Salamanca
37111;Añover de Tormes;Salamanca
37111;Palacios del Arzobispo;Salamanca
37111;San Pelayo de Guareña;Salamanca
37114;Encina de San Silvestre;Salamanca
37114;Gejuelo del Barro;Salamanca
37114;Villaseco de los Gamitos;Salamanca
37115;Almenara de Tormes;Salamanca
37115;Juzbado;Salamanca
37115;Ledesma;Salamanca
37115;Valverdón;Salamanca
37115;Vega de Tirados;Salamanca
37116;Ledesma;Salamanca
37117;Doñinos de Salamanca;Salamanca
37120;Carrascal de Barregas;Salamanca
37120;Doñinos de Salamanca;Salamanca
37129;Carrascal de Barregas;Salamanca
37129;Doñinos de Salamanca;Salamanca
37129;Florida de Liébana;Salamanca
37129;Galindo y Perahuy;Salamanca
37129;Parada de Arriba;Salamanca
37130;Canillas de Abajo;Salamanca
37130;Doñinos de Ledesma;Salamanca
37130;Mata de Ledesma;Salamanca
37130;Robliza de Cojos;Salamanca
37130;Tabera de Abajo;Salamanca
37130;Villarmayor;Salamanca
37140;Villaseco de los Reyes;Salamanca
37147;Villar de Peralonso;Salamanca
37148;Espadaña;Salamanca
37148;Tremedal de Tormes;Salamanca
37148;Villar de Peralonso;Salamanca
37148;Villaseco de los Reyes;Salamanca
37149;Tremedal de Tormes;Salamanca
37149;Villaseco de los Reyes;Salamanca
37150;Villaseco de los Reyes;Salamanca
37159;Puertas;Salamanca
37159;Villaseco de los Reyes;Salamanca
37160;Villarino de los Aires;Salamanca
37169;Villarino de los Aires;Salamanca
37170;Carrascal de Barregas;Salamanca
37170;Ciudad Rodrigo;Salamanca
37170;Golpejas;Salamanca
37170;Mata de Ledesma;Salamanca
37170;Pino de Tormes;Salamanca
37170;San Pedro del Valle;Salamanca
37170;Vega de Tirados;Salamanca
37170;Villarmayor;Salamanca
37170;Zarapicos;Salamanca
37171;Manzano;Salamanca
37171;Monleras;Salamanca
37172;Sardón de los Frailes;Salamanca
37173;Ahigal de Villarino;Salamanca
37173;Trabanca;Salamanca
37174;Villarino de los Aires;Salamanca
37175;Pereña de la Ribera;Salamanca
37176;Almendra;Salamanca
37181;Calvarrasa de Abajo;Salamanca
37181;Pelabravo;Salamanca
37183;Morille;Salamanca
37183;Mozárbez;Salamanca
37183;San Pedro de Rozados;Salamanca
37184;Villares de la Reina;Salamanca
37185;Valverdón;Salamanca
37185;Villamayor;Salamanca
37186;Aldeatejada;Salamanca
37186;Mozárbez;Salamanca
37186;San Pedro de Rozados;Salamanca
37187;Aldeatejada;Salamanca
37187;Miranda de Azán;Salamanca
37188;Arapiles;Salamanca
37188;Carbajosa de la Sagrada;Salamanca
37189;Villares de la Reina;Salamanca
37190;Terradillos;Salamanca
37191;Calvarrasa de Arriba;Salamanca
37191;Carbajosa de la Sagrada;Salamanca
37192;Carrascal de Barregas;Salamanca
37193;Cabrerizos;Salamanca
37200;Fuente de San Esteban;Salamanca
37208;Fuente de San Esteban;Salamanca
37208;San Muñoz;Salamanca
37209;Buenamadre;Salamanca
37209;Pelarrodríguez;Salamanca
37210;Vitigudino;Salamanca
37214;Cabeza del Caballo;Salamanca
37214;Peña;Salamanca
37214;Valsalabroso;Salamanca
37214;Vídola;Salamanca
37216;Cipérez;Salamanca
37216;Moronta;Salamanca
37216;Peralejos de Abajo;Salamanca
37216;Peralejos de Arriba;Salamanca
37216;Pozos de Hinojo;Salamanca
37217;Barceo;Salamanca
37217;Brincones;Salamanca
37217;Iruelos;Salamanca
37217;Sanchón de la Ribera;Salamanca
37217;Valsalabroso;Salamanca
37217;Villar de Samaniego;Salamanca
37217;Villarmuerto;Salamanca
37219;Guadramiro;Salamanca
37219;Retortillo;Salamanca
37219;Yecla de Yeltes;Salamanca
37220;Fregeneda;Salamanca
37230;Hinojosa de Duero;Salamanca
37240;Lumbrales;Salamanca
37246;Sobradillo;Salamanca
37247;Redonda;Salamanca
37248;Ahigal de los Aceiteros;Salamanca
37250;Aldeadávila de la Ribera;Salamanca
37251;Aldeadávila de la Ribera;Salamanca
37251;Masueco;Salamanca
37253;Aldeadávila de la Ribera;Salamanca
37253;Cerezal de Peñahorcada;Salamanca
37253;Zarza de Pumareda;Salamanca
37254;Mieza;Salamanca
37255;Barruecopardo;Salamanca
37256;Encinasola de los Comendadores;Salamanca
37256;Milano;Salamanca
37256;Valderrodrigo;Salamanca
37256;Villasbuenas;Salamanca
37257;Saucelle;Salamanca
37258;Vilvestre;Salamanca
37259;Saldeana;Salamanca
37260;Villavieja de Yeltes;Salamanca
37267;Villares de Yeltes;Salamanca
37270;San Felices de los Gallegos;Salamanca
37271;Bañobárez;Salamanca
37273;Cerralbo;Salamanca
37281;Cubo de Don Sancho;Salamanca
37290;Boada;Salamanca
37291;Bermellar;Salamanca
37291;Bogajo;Salamanca
37291;Cerralbo;Salamanca
37291;Fuenteliante;Salamanca
37292;Olmedo de Camaces;Salamanca
37300;Peñaranda de Bracamonte;Salamanca
37310;Macotera;Salamanca
37311;Santiago de la Puebla;Salamanca
37312;Alaraz;Salamanca
37313;Malpartida;Salamanca
37314;Salmoral;Salamanca
37315;Mancera de Abajo;Salamanca
37316;Bóveda del Río Almar;Salamanca
37317;Aldeaseca de la Frontera;Salamanca
37317;Campo de Peñaranda;Salamanca
37318;Paradinas de San Juan;Salamanca
37318;Rágama;Salamanca
37319;Cantaracillo;Salamanca
37320;Villar de Gallimazo;Salamanca
37329;Alconada;Salamanca
37329;Ventosa del Río Almar;Salamanca
37330;Babilafuente;Salamanca
37336;Huerta;Salamanca
37337;Cordovilla;Salamanca
37337;Moríñigo;Salamanca
37338;Villoruela;Salamanca
37339;Villoria;Salamanca
37340;Aldearrubia;Salamanca
37340;San Morales;Salamanca
37350;Aldealengua;Salamanca
37400;Cantalapiedra;Salamanca
37405;Cantalpino;Salamanca
37406;Palaciosrubios;Salamanca
37406;Poveda de las Cintas;Salamanca
37406;Villaflores;Salamanca
37408;Zorita de la Frontera;Salamanca
37409;Tarazona de Guareña;Salamanca
37410;Pedroso de la Armuña;Salamanca
37418;Arabayona de Mógica;Salamanca
37419;Espino de la Orbada;Salamanca
37419;Parada de Rubiales;Salamanca
37420;Gomecello;Salamanca
37426;Negrilla de Palencia;Salamanca
37426;Palencia de Negrilla;Salamanca
37427;Pedrosillo el Ralo;Salamanca
37427;Vellés;Salamanca
37428;Orbada;Salamanca
37428;Pajares de la Laguna;Salamanca
37428;Villaverde de Guareña;Salamanca
37429;Aldeanueva de Figueroa;Salamanca
37429;Arcediano;Salamanca
37429;Tardáguila;Salamanca
37430;Moriscos;Salamanca
37439;Castellanos de Moriscos;Salamanca
37439;San Cristóbal de la Cuesta;Salamanca
37440;Barbadillo;Salamanca
37440;Calzada de Don Diego;Salamanca
37446;Villalba de los Llanos;Salamanca
37447;Rollán;Salamanca
37448;Calzada de Don Diego;Salamanca
37448;Canillas de Abajo;Salamanca
37449;Carrascal de Barregas;Salamanca
37449;Galindo y Perahuy;Salamanca
37449;Parada de Arriba;Salamanca
37450;Matilla de los Caños del Río;Salamanca
37450;Vecinos;Salamanca
37451;Carrascal del Obispo;Salamanca
37452;Narros de Matalayegua;Salamanca
37452;Vecinos;Salamanca
37452;Veguillas;Salamanca
37453;Matilla de los Caños del Río;Salamanca
37453;San Pedro de Rozados;Salamanca
37453;Vecinos;Salamanca
37454;Veguillas;Salamanca
37455;San Pedro de Rozados;Salamanca
37455;Veguillas;Salamanca
37456;Vecinos;Salamanca
37456;Veguillas;Salamanca
37460;Aldehuela de la Bóveda;Salamanca
37460;Garcirrey;Salamanca
37460;Sando;Salamanca
37460;Tabera de Abajo;Salamanca
37465;Sagrada;Salamanca
37466;Aldehuela de la Bóveda;Salamanca
37466;Sanchón de la Sagrada;Salamanca
37468;Cipérez;Salamanca
37468;Sando;Salamanca
37468;Santa María de Sando;Salamanca
37468;Villasdardo;Salamanca
37470;Castillejo de Martín Viejo;Salamanca
37470;Sancti-Spíritus;Salamanca
37478;Alba de Yeltes;Salamanca
37478;Aldehuela de Yeltes;Salamanca
37478;Dios le Guarde;Salamanca
37479;Sancti-Spíritus;Salamanca
37480;Fuentes de Oñoro;Salamanca
37481;Fuentes de Oñoro;Salamanca
37488;Aldea del Obispo;Salamanca
37488;Bouza;Salamanca
37488;Puerto Seguro;Salamanca
37488;Villar de Ciervo;Salamanca
37488;Villar de la Yegua;Salamanca
37490;Cabezabellosa de la Calzada;Salamanca
37490;Pitiegua;Salamanca
37492;Robliza de Cojos;Salamanca
37493;Buenamadre;Salamanca
37493;Fuente de San Esteban;Salamanca
37493;Pelarrodríguez;Salamanca
37494;Martín de Yeltes;Salamanca
37495;Retortillo;Salamanca
37496;Castraz;Salamanca
37496;Martín de Yeltes;Salamanca
37497;Alameda de Gardón;Salamanca
37497;Carpio de Azaba;Salamanca
37497;Espeja;Salamanca
37497;Gallegos de Argañán;Salamanca
37497;Villar de Argañán;Salamanca
37497;Villar de la Yegua;Salamanca
37500;Ciudad Rodrigo;Salamanca
37510;Agallas;Salamanca
37510;Herguijuela de Ciudad Rodrigo;Salamanca
37510;Martiago;Salamanca
37510;Pastores;Salamanca
37510;Sahugo;Salamanca
37515;Encina;Salamanca
37516;Herguijuela de Ciudad Rodrigo;Salamanca
37520;Bodón;Salamanca
37521;Robleda;Salamanca
37522;Villasrubias;Salamanca
37523;Peñaparda;Salamanca
37524;Payo;Salamanca
37530;Serradilla del Llano;Salamanca
37531;Serradilla del Arroyo;Salamanca
37532;Monsagro;Salamanca
37540;Fuenteguinaldo;Salamanca
37541;Casillas de Flores;Salamanca
37542;Navasfrías;Salamanca
37550;Campillo de Azaba;Salamanca
37551;Ituero de Azaba;Salamanca
37552;Puebla de Azaba;Salamanca
37553;Puebla de Azaba;Salamanca
37554;Alamedilla;Salamanca
37555;Alberguería de Argañán;Salamanca
37589;Tenebrón;Salamanca
37590;Ciudad Rodrigo;Salamanca
37590;Morasverdes;Salamanca
37591;Atalaya;Salamanca
37591;Ciudad Rodrigo;Salamanca
37591;Zamarra;Salamanca
37592;Castillejo de Martín Viejo;Salamanca
37592;Saelices el Chico;Salamanca
37593;Ciudad Rodrigo;Salamanca
37594;Ciudad Rodrigo;Salamanca
37595;Ciudad Rodrigo;Salamanca
37596;Serradilla del Arroyo;Salamanca
37600;Tamames;Salamanca
37606;Puebla de Yeltes;Salamanca
37607;Barbalos;Salamanca
37607;Navarredonda de la Rinconada;Salamanca
37607;Rinconada de la Sierra;Salamanca
37607;Tejeda y Segoyuela;Salamanca
37609;Berrocal de Huebra;Salamanca
37609;Carrascal del Obispo;Salamanca
37609;Narros de Matalayegua;Salamanca
37609;Tamames;Salamanca
37610;Mogarraz;Salamanca
37617;Herguijuela de la Sierra;Salamanca
37618;Monforte de la Sierra;Salamanca
37619;Herguijuela de la Sierra;Salamanca
37619;Madroñal;Salamanca
37621;Aldeanueva de la Sierra;Salamanca
37621;Bastida;Salamanca
37621;Cabaco;Salamanca
37621;Cereceda de la Sierra;Salamanca
37621;Cilleros de la Bastida;Salamanca
37621;Maíllo;Salamanca
37624;Alberca;Salamanca
37630;Cabrillas;Salamanca
37638;Sepulcro-Hilario;Salamanca
37639;Aldehuela de Yeltes;Salamanca
37640;Abusejo;Salamanca
37650;Sequeros;Salamanca
37656;Cepeda;Salamanca
37657;Sotoserrano;Salamanca
37658;Garcibuey;Salamanca
37658;Villanueva del Conde;Salamanca
37659;San Miguel del Robledo;Salamanca
37659;Casas del Conde;Salamanca
37659;Nava de Francia;Salamanca
37659;San Martín del Castañar;Salamanca
37660;Miranda del Castañar;Salamanca
37670;Santibáñez de la Sierra;Salamanca
37671;San Esteban de la Sierra;Salamanca
37680;Valdefuentes de Sangusín;Salamanca
37682;Santibáñez de la Sierra;Salamanca
37683;Molinillo;Salamanca
37684;Cristóbal;Salamanca
37690;Fuente de San Esteban;Salamanca
37694;San Miguel del Robledo;Salamanca
37700;Béjar;Salamanca
37700;Guijuelo;Salamanca
37710;Candelario;Salamanca
37711;Colmenar de Montemayor;Salamanca
37712;Horcajo de Montemayor;Salamanca
37712;Pinedas;Salamanca
37713;Valdehijaderos;Salamanca
37714;Calzada de Béjar;Salamanca
37716;Cantagallo;Salamanca
37716;Hoya;Salamanca
37716;Navacarros;Salamanca
37717;Béjar;Salamanca
37717;Vallejera de Riofrío;Salamanca
37718;Aldeacipreste;Salamanca
37720;Cerro;Salamanca
37720;Puerto de Béjar;Salamanca
37724;Cerro;Salamanca
37724;Lagunilla;Salamanca
37724;Valdelageve;Salamanca
37726;Cerro;Salamanca
37727;Montemayor del Río;Salamanca
37727;Peñacaballera;Salamanca
37729;Puerto de Béjar;Salamanca
37730;Ledrada;Salamanca
37740;Santibáñez de Béjar;Salamanca
37748;Puente del Congosto;Salamanca
37749;Navamorales;Salamanca
37749;Tejado;Salamanca
37750;Cespedosa de Tormes;Salamanca
37750;Puente del Congosto;Salamanca
37751;Gallegos de Solmirón;Salamanca
37752;Tala;Salamanca
37753;Armenteros;Salamanca
37754;Armenteros;Salamanca
37755;Armenteros;Salamanca
37756;Armenteros;Salamanca
37759;Herguijuela del Campo;Salamanca
37759;Sierpe;Salamanca
37760;Linares de Riofrío;Salamanca
37762;Escurial de la Sierra;Salamanca
37763;San Miguel de Valero;Salamanca
37764;Valero;Salamanca
37765;Endrinal;Salamanca
37765;Monleón;Salamanca
37765;Tornadizo;Salamanca
37766;Endrinal;Salamanca
37766;Frades de la Sierra;Salamanca
37766;Membribe de la Sierra;Salamanca
37767;Casafranca;Salamanca
37768;Fuenterroble de Salvatierra;Salamanca
37768;Santos;Salamanca
37770;Guijuelo;Salamanca
37773;Cabeza de Béjar;Salamanca
37774;Guijo de Ávila;Salamanca
37775;Fresnedoso;Salamanca
37776;Nava de Béjar;Salamanca
37777;Sorihuela;Salamanca
37778;Guijuelo;Salamanca
37779;Aldeavieja de Tormes;Salamanca
37779;Salvatierra de Tormes;Salamanca
37780;Maya;Salamanca
37781;Monterrubio de la Sierra;Salamanca
37785;Galinduste;Salamanca
37786;Galinduste;Salamanca
37787;Montejo;Salamanca
37787;Pelayos;Salamanca
37788;Pedrosillo de los Aires;Salamanca
37789;Beleña;Salamanca
37789;Buenavista;Salamanca
37789;Fresno Alhándiga;Salamanca
37790;Fuentes de Béjar;Salamanca
37791;Peromingo;Salamanca
37791;Puebla de San Medel;Salamanca
37791;Valdelacasa;Salamanca
37791;Valverde de Valdelacasa;Salamanca
37792;Pedrosillo de los Aires;Salamanca
37793;Béjar;Salamanca
37794;Navalmoral de Béjar;Salamanca
37794;Sanchotello;Salamanca
37795;Berrocal de Salvatierra;Salamanca
37795;Guijuelo;Salamanca
37795;Montejo;Salamanca
37795;Pizarral;Salamanca
37796;Arapiles;Salamanca
37796;Mozárbez;Salamanca
37797;Calzada de Valdunciel;Salamanca
37797;Castellanos de Villiquera;Salamanca
37798;Castellanos de Villiquera;Salamanca
37798;Monterrubio de Armuña;Salamanca
37798;Valdunciel;Salamanca
37799;Forfoleda;Salamanca
37799;San Pelayo de Guareña;Salamanca
37799;Topas;Salamanca
37799;Valdelosa;Salamanca
37799;Valdunciel;Salamanca
37800;Alba de Tormes;Salamanca
37810;Garcihernández;Salamanca
37820;Peñarandilla;Salamanca
37830;Coca de Alba;Salamanca
37840;Tordillos;Salamanca
37850;Nava de Sotrobal;Salamanca
37860;Horcajo Medianero;Salamanca
37861;Chagarcía Medianero;Salamanca
37863;Anaya de Alba;Salamanca
37864;Anaya de Alba;Salamanca
37865;Larrodrigo;Salamanca
37870;Aldeaseca de Alba;Salamanca
37871;Pedrosillo de Alba;Salamanca
37872;Gajates;Salamanca
37873;Gajates;Salamanca
37874;Encinas de Abajo;Salamanca
37874;Gajates;Salamanca
37874;Garcihernández;Salamanca
37881;Valdecarros;Salamanca
37882;Alba de Tormes;Salamanca
37882;Navales;Salamanca
37882;Pedraza de Alba;Salamanca
37882;Terradillos;Salamanca
37890;Alba de Tormes;Salamanca
37891;Ejeme;Salamanca
37891;Galisancho;Salamanca
37891;Martinamor;Salamanca
37891;Pelayos;Salamanca
37891;Valdemierque;Salamanca
37892;Alba de Tormes;Salamanca
37892;Encinas de Arriba;Salamanca
37892;Sieteiglesias de Tormes;Salamanca
37893;Alba de Tormes;Salamanca
37893;Encinas de Abajo;Salamanca
37893;Machacón;Salamanca
37893;Terradillos;Salamanca
37893;Villagonzalo de Tormes;Salamanca
37894;Machacón;Salamanca
37894;Villagonzalo de Tormes;Salamanca
37900;Santa Marta de Tormes;Salamanca
38001;Santa Cruz de Tenerife;Tenerife
38002;Santa Cruz de Tenerife;Tenerife
38003;Santa Cruz de Tenerife;Tenerife
38004;Santa Cruz de Tenerife;Tenerife
38005;Santa Cruz de Tenerife;Tenerife
38006;Santa Cruz de Tenerife;Tenerife
38007;Santa Cruz de Tenerife;Tenerife
38008;Santa Cruz de Tenerife;Tenerife
38009;Santa Cruz de Tenerife;Tenerife
38010;Santa Cruz de Tenerife;Tenerife
38107;Santa Cruz de Tenerife;Tenerife
38108;San Cristóbal de La Laguna;Tenerife
38108;Santa Cruz de Tenerife;Tenerife
38109;Rosario;Tenerife
38109;Santa Cruz de Tenerife;Tenerife
38110;Santa Cruz de Tenerife;Tenerife
38111;Santa Cruz de Tenerife;Tenerife
38120;Santa Cruz de Tenerife;Tenerife
38129;Santa Cruz de Tenerife;Tenerife
38130;Santa Cruz de Tenerife;Tenerife
38139;Santa Cruz de Tenerife;Tenerife
38140;Santa Cruz de Tenerife;Tenerife
38150;Santa Cruz de Tenerife;Tenerife
38160;Santa Cruz de Tenerife;Tenerife
38170;Santa Cruz de Tenerife;Tenerife
38180;Santa Cruz de Tenerife;Tenerife
38190;Rosario;Tenerife
38201;San Cristóbal de La Laguna;Tenerife
38202;San Cristóbal de La Laguna;Tenerife
38203;San Cristóbal de La Laguna;Tenerife
38204;San Cristóbal de La Laguna;Tenerife
38205;San Cristóbal de La Laguna;Tenerife
38206;San Cristóbal de La Laguna;Tenerife
38207;San Cristóbal de La Laguna;Tenerife
38208;San Cristóbal de La Laguna;Tenerife
38240;San Cristóbal de La Laguna;Tenerife
38250;San Cristóbal de La Laguna;Tenerife
38260;San Cristóbal de La Laguna;Tenerife
38270;San Cristóbal de La Laguna;Tenerife
38280;Tegueste;Tenerife
38289;Tegueste;Tenerife
38290;Rosario;Tenerife
38291;San Cristóbal de La Laguna;Tenerife
38292;Tegueste;Tenerife
38293;San Cristóbal de La Laguna;Tenerife
38293;Tegueste;Tenerife
38294;San Cristóbal de La Laguna;Tenerife
38294;Santa Cruz de Tenerife;Tenerife
38296;San Cristóbal de La Laguna;Tenerife
38297;San Cristóbal de La Laguna;Tenerife
38297;Tegueste;Tenerife
38300;Orotava;Tenerife
38310;Orotava;Tenerife
38311;Orotava;Tenerife
38312;Orotava;Tenerife
38313;Orotava;Tenerife
38314;Orotava;Tenerife
38315;Orotava;Tenerife
38320;San Cristóbal de La Laguna;Tenerife
38320;Santa Cruz de Tenerife;Tenerife
38329;San Cristóbal de La Laguna;Tenerife
38330;San Cristóbal de La Laguna;Tenerife
38340;Tacoronte;Tenerife
38350;Tacoronte;Tenerife
38355;Tacoronte;Tenerife
38356;Tacoronte;Tenerife
38357;Tacoronte;Tenerife
38358;Tacoronte;Tenerife
38359;Sauzal;Tenerife
38360;Sauzal;Tenerife
38370;Matanza de Acentejo;Tenerife
38379;Matanza de Acentejo;Tenerife
38380;Victoria de Acentejo;Tenerife
38389;Victoria de Acentejo;Tenerife
38390;Santa Úrsula;Tenerife
38398;Santa Úrsula;Tenerife
38399;Santa Úrsula;Tenerife
38400;Puerto de la Cruz;Tenerife
38410;Realejos;Tenerife
38412;Realejos;Tenerife
38413;Realejos;Tenerife
38414;Realejos;Tenerife
38415;Realejos;Tenerife
38416;Realejos;Tenerife
38417;Realejos;Tenerife
38418;Realejos;Tenerife
38419;Realejos;Tenerife
38420;San Juan de la Rambla;Tenerife
38428;San Juan de la Rambla;Tenerife
38429;San Juan de la Rambla;Tenerife
38430;Icod de los Vinos;Tenerife
38434;Icod de los Vinos;Tenerife
38435;Silos;Tenerife
38435;Tanque;Tenerife
38438;Icod de los Vinos;Tenerife
38439;Icod de los Vinos;Tenerife
38440;Guancha;Tenerife
38441;Guancha;Tenerife
38449;Guancha;Tenerife
38450;Garachico;Tenerife
38458;Garachico;Tenerife
38459;Garachico;Tenerife
38460;Garachico;Tenerife
38460;Silos;Tenerife
38470;Silos;Tenerife
38479;Buenavista del Norte;Tenerife
38479;Silos;Tenerife
38480;Buenavista del Norte;Tenerife
38489;Buenavista del Norte;Tenerife
38500;Güímar;Tenerife
38508;Güímar;Tenerife
38509;Arafo;Tenerife
38509;Candelaria;Tenerife
38509;Güímar;Tenerife
38510;Candelaria;Tenerife
38510;Rosario;Tenerife
38520;Candelaria;Tenerife
38530;Candelaria;Tenerife
38540;Candelaria;Tenerife
38550;Arafo;Tenerife
38560;Güímar;Tenerife
38570;Fasnia;Tenerife
38579;Fasnia;Tenerife
38580;Arico;Tenerife
38588;Arico;Tenerife
38589;Arico;Tenerife
38590;Güímar;Tenerife
38591;Güímar;Tenerife
38592;Arico;Tenerife
38593;Arico;Tenerife
38594;Granadilla de Abona;Tenerife
38595;Granadilla de Abona;Tenerife
38600;Granadilla de Abona;Tenerife
38611;Granadilla de Abona;Tenerife
38612;Granadilla de Abona;Tenerife
38613;Vilaflor de Chasna;Tenerife
38614;Vilaflor de Chasna;Tenerife
38615;Adeje;Tenerife
38615;Vilaflor de Chasna;Tenerife
38616;Granadilla de Abona;Tenerife
38617;Granadilla de Abona;Tenerife
38618;Granadilla de Abona;Tenerife
38620;San Miguel de Abona;Tenerife
38626;Arona;Tenerife
38627;Arona;Tenerife
38628;San Miguel de Abona;Tenerife
38629;San Miguel de Abona;Tenerife
38629;Vilaflor de Chasna;Tenerife
38630;Arona;Tenerife
38631;Arona;Tenerife
38632;Arona;Tenerife
38639;San Miguel de Abona;Tenerife
38640;Arona;Tenerife
38649;Arona;Tenerife
38650;Arona;Tenerife
38652;Arona;Tenerife
38660;Adeje;Tenerife
38670;Adeje;Tenerife
38677;Adeje;Tenerife
38678;Adeje;Tenerife
38679;Adeje;Tenerife
38680;Guía de Isora;Tenerife
38683;Santiago del Teide;Tenerife
38684;Santiago del Teide;Tenerife
38685;Guía de Isora;Tenerife
38686;Guía de Isora;Tenerife
38687;Guía de Isora;Tenerife
38688;Guía de Isora;Tenerife
38689;Guía de Isora;Tenerife
38690;Santiago del Teide;Tenerife
38700;Santa Cruz de la Palma;Tenerife
38710;Breña Alta;Tenerife
38711;Breña Baja;Tenerife
38712;Breña Alta;Tenerife
38712;Breña Baja;Tenerife
38712;Santa Cruz de la Palma;Tenerife
38713;Breña Alta;Tenerife
38713;Santa Cruz de la Palma;Tenerife
38714;Puntallana;Tenerife
38714;Santa Cruz de la Palma;Tenerife
38715;Puntallana;Tenerife
38715;Santa Cruz de la Palma;Tenerife
38720;San Andrés y Sauces;Tenerife
38726;Barlovento;Tenerife
38727;Barlovento;Tenerife
38728;Garafía;Tenerife
38729;San Andrés y Sauces;Tenerife
38730;Villa de Mazo;Tenerife
38738;Villa de Mazo;Tenerife
38739;Villa de Mazo;Tenerife
38740;Fuencaliente de la Palma;Tenerife
38749;Fuencaliente de la Palma;Tenerife
38750;Paso;Tenerife
38758;Paso;Tenerife
38759;Llanos de Aridane;Tenerife
38759;Paso;Tenerife
38760;Llanos de Aridane;Tenerife
38767;Llanos de Aridane;Tenerife
38768;Llanos de Aridane;Tenerife
38768;Paso;Tenerife
38769;Llanos de Aridane;Tenerife
38769;Paso;Tenerife
38770;Tazacorte;Tenerife
38779;Tazacorte;Tenerife
38780;Tijarafe;Tenerife
38787;Garafía;Tenerife
38788;Garafía;Tenerife
38789;Puntagorda;Tenerife
38789;Tijarafe;Tenerife
38800;San Sebastián de la Gomera;Tenerife
38801;San Sebastián de la Gomera;Tenerife
38810;Alajeró;Tenerife
38811;Alajeró;Tenerife
38811;San Sebastián de la Gomera;Tenerife
38812;Alajeró;Tenerife
38813;Alajeró;Tenerife
38820;Hermigua;Tenerife
38829;Hermigua;Tenerife
38830;Agulo;Tenerife
38840;Vallehermoso;Tenerife
38849;Vallehermoso;Tenerife
38850;Vallehermoso;Tenerife
38852;Valle Gran Rey;Tenerife
38852;Vallehermoso;Tenerife
38869;Hermigua;Tenerife
38869;Vallehermoso;Tenerife
38870;Valle Gran Rey;Tenerife
38879;Valle Gran Rey;Tenerife
38890;Agulo;Tenerife
38890;Hermigua;Tenerife
38891;Vallehermoso;Tenerife
38892;Valle Gran Rey;Tenerife
38900;Valverde;Tenerife
38910;Valverde;Tenerife
38911;Frontera;Tenerife
38912;Frontera;Tenerife
38913;Frontera;Tenerife
38914;Pinar de El Hierro;Tenerife
38915;Valverde;Tenerife
38916;Valverde;Tenerife
38917;Pinar de El Hierro;Tenerife
39001;Santander;Cantabria
39002;Santander;Cantabria
39003;Santander;Cantabria
39004;Santander;Cantabria
39005;Santander;Cantabria
39006;Santander;Cantabria
39007;Santander;Cantabria
39008;Santander;Cantabria
39009;Santander;Cantabria
39010;Santander;Cantabria
39011;Santander;Cantabria
39012;Santander;Cantabria
39100;Santa Cruz de Bezana;Cantabria
39108;Santa Cruz de Bezana;Cantabria
39110;Santa Cruz de Bezana;Cantabria
39120;Piélagos;Cantabria
39130;Marina de Cudeyo;Cantabria
39140;Ribamontán al Mar;Cantabria
39146;Ribamontán al Mar;Cantabria
39150;Ribamontán al Mar;Cantabria
39160;Ribamontán al Mar;Cantabria
39170;Bareyo;Cantabria
39178;Liérganes;Cantabria
39180;Noja;Cantabria
39191;Bareyo;Cantabria
39192;Meruelo;Cantabria
39193;Arnuero;Cantabria
39193;Escalante;Cantabria
39195;Arnuero;Cantabria
39197;Argoños;Cantabria
39197;Santoña;Cantabria
39200;Campoo de Enmedio;Cantabria
39200;Reinosa;Cantabria
39210;Hermandad de Campoo de Suso;Cantabria
39211;Hermandad de Campoo de Suso;Cantabria
39212;Campoo de Enmedio;Cantabria
39212;Hermandad de Campoo de Suso;Cantabria
39213;Campoo de Enmedio;Cantabria
39213;Hermandad de Campoo de Suso;Cantabria
39213;Rozas de Valdearroyo;Cantabria
39220;Valderredible;Cantabria
39229;Valderredible;Cantabria
39230;Valderredible;Cantabria
39232;Alfoz de Bricia;Cantabria
39232;Valderredible;Cantabria
39248;Valdeprado del Río;Cantabria
39250;Berzosilla;Cantabria
39250;Valderredible;Cantabria
39290;Campoo de Yuso;Cantabria
39291;Campoo de Yuso;Cantabria
39291;Campoo de Enmedio;Cantabria
39292;Campoo de Yuso;Cantabria
39293;Campoo de Yuso;Cantabria
39294;Campoo de Yuso;Cantabria
39300;Torrelavega;Cantabria
39310;Miengo;Cantabria
39311;Cartes;Cantabria
39312;Miengo;Cantabria
39312;Polanco;Cantabria
39313;Polanco;Cantabria
39314;Santillana del Mar;Cantabria
39315;Torrelavega;Cantabria
39316;Torrelavega;Cantabria
39317;Torrelavega;Cantabria
39318;Miengo;Cantabria
39320;Alfoz de Lloredo;Cantabria
39329;Alfoz de Lloredo;Cantabria
39330;Santillana del Mar;Cantabria
39340;Suances;Cantabria
39350;Suances;Cantabria
39360;Santillana del Mar;Cantabria
39360;Suances;Cantabria
39390;Santillana del Mar;Cantabria
39400;Corrales de Buelna;Cantabria
39407;Cieza;Cantabria
39408;Corrales de Buelna;Cantabria
39409;San Felices de Buelna;Cantabria
39410;Valdeolea;Cantabria
39417;Rozas de Valdearroyo;Cantabria
39417;Valdeprado del Río;Cantabria
39418;Valdeolea;Cantabria
39419;Valdeprado del Río;Cantabria
39419;Valderredible;Cantabria
39420;Bárcena de Pie de Concha;Cantabria
39420;Molledo;Cantabria
39430;Molledo;Cantabria
39438;Molledo;Cantabria
39439;Molledo;Cantabria
39450;Arenas de Iguña;Cantabria
39451;Anievas;Cantabria
39451;Arenas de Iguña;Cantabria
39460;Cartes;Cantabria
39460;Corrales de Buelna;Cantabria
39470;Piélagos;Cantabria
39477;Piélagos;Cantabria
39478;Piélagos;Cantabria
39479;Piélagos;Cantabria
39490;Santiurde de Reinosa;Cantabria
39491;Campoo de Enmedio;Cantabria
39491;Pesquera;Cantabria
39491;San Miguel de Aguayo;Cantabria
39491;Santiurde de Reinosa;Cantabria
39500;Cabezón de la Sal;Cantabria
39506;Cabezón de la Sal;Cantabria
39507;Cabezón de la Sal;Cantabria
39507;Udías;Cantabria
39509;Cabezón de la Sal;Cantabria
39509;Mazcuerras;Cantabria
39510;Cabuérniga;Cantabria
39510;Ruente;Cantabria
39511;Cabuérniga;Cantabria
39513;Ruente;Cantabria
39517;Tojos;Cantabria
39518;Cabuérniga;Cantabria
39518;Tojos;Cantabria
39520;Comillas;Cantabria
39525;Alfoz de Lloredo;Cantabria
39526;Alfoz de Lloredo;Cantabria
39527;Ruiloba;Cantabria
39528;Comillas;Cantabria
39528;Valdáliga;Cantabria
39530;Reocín;Cantabria
39530;Santillana del Mar;Cantabria
39538;Reocín;Cantabria
39539;Alfoz de Lloredo;Cantabria
39539;Reocín;Cantabria
39540;San Vicente de la Barquera;Cantabria
39547;San Vicente de la Barquera;Cantabria
39548;San Vicente de la Barquera;Cantabria
39548;Val de San Vicente;Cantabria
39549;Herrerías;Cantabria
39549;San Vicente de la Barquera;Cantabria
39549;Val de San Vicente;Cantabria
39550;Herrerías;Cantabria
39550;Lamasón;Cantabria
39551;Herrerías;Cantabria
39553;Rionansa;Cantabria
39554;Rionansa;Cantabria
39555;Tudanca;Cantabria
39556;Polaciones;Cantabria
39557;Polaciones;Cantabria
39558;Cabuérniga;Cantabria
39559;Rionansa;Cantabria
39560;Val de San Vicente;Cantabria
39569;Val de San Vicente;Cantabria
39570;Potes;Cantabria
39571;Cabezón de Liébana;Cantabria
39572;Pesaguero;Cantabria
39573;Cabezón de Liébana;Cantabria
39574;Cabezón de Liébana;Cantabria
39574;Pesaguero;Cantabria
39575;Vega de Liébana;Cantabria
39577;Vega de Liébana;Cantabria
39580;Cillorigo de Liébana;Cantabria
39580;Peñarrubia;Cantabria
39580;Tresviso;Cantabria
39582;Camaleño;Cantabria
39583;Cillorigo de Liébana;Cantabria
39584;Cillorigo de Liébana;Cantabria
39585;Cillorigo de Liébana;Cantabria
39586;Camaleño;Cantabria
39587;Camaleño;Cantabria
39588;Camaleño;Cantabria
39589;Camaleño;Cantabria
39590;Alfoz de Lloredo;Cantabria
39590;Reocín;Cantabria
39591;Cabezón de la Sal;Cantabria
39591;Reocín;Cantabria
39592;Cabezón de la Sal;Cantabria
39592;Mazcuerras;Cantabria
39592;Valdáliga;Cantabria
39593;Valdáliga;Cantabria
39594;Herrerías;Cantabria
39594;Val de San Vicente;Cantabria
39600;Camargo;Cantabria
39608;Camargo;Cantabria
39609;Camargo;Cantabria
39610;Astillero;Cantabria
39611;Astillero;Cantabria
39612;Piélagos;Cantabria
39613;Astillero;Cantabria
39618;Marina de Cudeyo;Cantabria
39619;Medio Cudeyo;Cantabria
39620;Santa María de Cayón;Cantabria
39626;Santa María de Cayón;Cantabria
39627;Penagos;Cantabria
39627;Santa María de Cayón;Cantabria
39630;Villafufre;Cantabria
39638;Villafufre;Cantabria
39639;Saro;Cantabria
39639;Villacarriedo;Cantabria
39640;Villacarriedo;Cantabria
39649;Villacarriedo;Cantabria
39650;Castañeda;Cantabria
39650;Santa María de Cayón;Cantabria
39660;Castañeda;Cantabria
39670;Puente Viesgo;Cantabria
39679;Puente Viesgo;Cantabria
39680;Corvera de Toranzo;Cantabria
39682;Corvera de Toranzo;Cantabria
39682;Luena;Cantabria
39682;Vega de Pas;Cantabria
39683;San Pedro del Romeral;Cantabria
39683;Vega de Pas;Cantabria
39685;Vega de Pas;Cantabria
39686;San Pedro del Romeral;Cantabria
39687;Luena;Cantabria
39688;Luena;Cantabria
39689;Santiurde de Toranzo;Cantabria
39690;Villaescusa;Cantabria
39691;Santiurde de Toranzo;Cantabria
39692;Villaescusa;Cantabria
39694;Santa María de Cayón;Cantabria
39696;Selaya;Cantabria
39697;Corvera de Toranzo;Cantabria
39698;Santiurde de Toranzo;Cantabria
39699;Corvera de Toranzo;Cantabria
39700;Castro-Urdiales;Cantabria
39706;Castro-Urdiales;Cantabria
39707;Castro-Urdiales;Cantabria
39708;Castro-Urdiales;Cantabria
39709;Castro-Urdiales;Cantabria
39710;Medio Cudeyo;Cantabria
39715;Entrambasaguas;Cantabria
39716;Entrambasaguas;Cantabria
39718;Liérganes;Cantabria
39718;Medio Cudeyo;Cantabria
39719;Entrambasaguas;Cantabria
39719;Marina de Cudeyo;Cantabria
39720;Riotuerto;Cantabria
39722;Liérganes;Cantabria
39723;Miera;Cantabria
39723;Riotuerto;Cantabria
39724;Medio Cudeyo;Cantabria
39725;Miera;Cantabria
39726;San Roque de Riomiera;Cantabria
39727;Liérganes;Cantabria
39728;Miera;Cantabria
39728;Ruesga;Cantabria
39728;San Roque de Riomiera;Cantabria
39728;Soba;Cantabria
39730;Hazas de Cesto;Cantabria
39738;Hazas de Cesto;Cantabria
39738;Solórzano;Cantabria
39739;Hazas de Cesto;Cantabria
39740;Santoña;Cantabria
39749;Santoña;Cantabria
39750;Colindres;Cantabria
39760;Bárcena de Cicero;Cantabria
39761;Bárcena de Cicero;Cantabria
39761;Voto;Cantabria
39762;Voto;Cantabria
39764;Voto;Cantabria
39766;Voto;Cantabria
39770;Laredo;Cantabria
39776;Liendo;Cantabria
39777;Laredo;Cantabria
39778;Guriezo;Cantabria
39778;Limpias;Cantabria
39780;Castro-Urdiales;Cantabria
39780;Guriezo;Cantabria
39786;Guriezo;Cantabria
39787;Guriezo;Cantabria
39788;Guriezo;Cantabria
39790;Bárcena de Cicero;Cantabria
39791;Bárcena de Cicero;Cantabria
39791;Solórzano;Cantabria
39792;Marina de Cudeyo;Cantabria
39792;Medio Cudeyo;Cantabria
39793;Ribamontán al Monte;Cantabria
39794;Ribamontán al Monte;Cantabria
39795;Escalante;Cantabria
39798;Castro-Urdiales;Cantabria
39800;Ramales de la Victoria;Cantabria
39805;Ramales de la Victoria;Cantabria
39805;Soba;Cantabria
39806;Soba;Cantabria
39807;Soba;Cantabria
39808;Soba;Cantabria
39809;Ramales de la Victoria;Cantabria
39811;Ramales de la Victoria;Cantabria
39812;Ruesga;Cantabria
39813;Arredondo;Cantabria
39813;Soba;Cantabria
39815;Ramales de la Victoria;Cantabria
39815;Ruesga;Cantabria
39820;Limpias;Cantabria
39840;Ampuero;Cantabria
39849;Ampuero;Cantabria
39850;Ampuero;Cantabria
39860;Rasines;Cantabria
39880;Guriezo;Cantabria
39880;Valle de Villaverde;Cantabria
40001;Segovia;Segovia
40002;Segovia;Segovia
40003;Segovia;Segovia
40004;Segovia;Segovia
40005;Segovia;Segovia
40006;Segovia;Segovia
40100;Real Sitio de San Ildefonso;Segovia
40109;Real Sitio de San Ildefonso;Segovia
40120;Garcillán;Segovia
40121;Anaya;Segovia
40122;Santa María la Real de Nieva;Segovia
40123;Santa María la Real de Nieva;Segovia
40130;Martín Miguel;Segovia
40131;Juarros de Riomoros;Segovia
40132;Marazoleja;Segovia
40133;Marazuela;Segovia
40134;Sangarcía;Segovia
40135;Santa María la Real de Nieva;Segovia
40136;Santa María la Real de Nieva;Segovia
40140;Valverde del Majano;Segovia
40141;Abades;Segovia
40141;Santiuste de Pedraza;Segovia
40142;Lastras del Pozo;Segovia
40142;Marugán;Segovia
40142;Monterrubio;Segovia
40144;Bercial;Segovia
40144;Sangarcía;Segovia
40145;Muñopedro;Segovia
40146;Labajos;Segovia
40150;Villacastín;Segovia
40151;Ituero y Lama;Segovia
40152;Zarzuela del Monte;Segovia
40153;Segovia;Segovia
40154;Segovia;Segovia
40160;Torrecaballeros;Segovia
40161;Navafría;Segovia
40162;Aldealengua de Pedraza;Segovia
40162;Gallegos;Segovia
40163;Matabuena;Segovia
40164;Arcones;Segovia
40165;Prádena;Segovia
40165;Ventosilla y Tejadilla;Segovia
40170;Collado Hermoso;Segovia
40170;Pelayos del Arroyo;Segovia
40170;Sotosalbos;Segovia
40171;Santiuste de Pedraza;Segovia
40171;Torre Val de San Pedro;Segovia
40172;Pedraza;Segovia
40173;Arahuetes;Segovia
40173;Pedraza;Segovia
40173;Santiuste de Pedraza;Segovia
40174;Valleruela de Pedraza;Segovia
40175;Matilla;Segovia
40176;Orejana;Segovia
40176;Valleruela de Sepúlveda;Segovia
40180;Basardilla;Segovia
40180;Brieva;Segovia
40180;Pelayos del Arroyo;Segovia
40180;Santo Domingo de Pirón;Segovia
40181;Turégano;Segovia
40182;Caballar;Segovia
40183;Muñoveros;Segovia
40184;Arahuetes;Segovia
40184;Puebla de Pedraza;Segovia
40184;Rebollo;Segovia
40185;Arevalillo de Cega;Segovia
40185;Cubillo;Segovia
40185;Valdevacas de Montejo;Segovia
40185;Valdevacas y Guijar;Segovia
40190;Bernuy de Porreros;Segovia
40191;Armuña;Segovia
40191;Espirdo;Segovia
40192;Adrada de Pirón;Segovia
40192;Torreiglesias;Segovia
40193;Palazuelos de Eresma;Segovia
40194;Palazuelos de Eresma;Segovia
40194;Trescasas;Segovia
40195;Segovia;Segovia
40196;Lastrilla;Segovia
40196;Segovia;Segovia
40197;San Cristóbal de Segovia;Segovia
40200;Cuéllar;Segovia
40210;Cuéllar;Segovia
40211;Cuéllar;Segovia
40212;San Cristóbal de Cuéllar;Segovia
40213;Vallelado;Segovia
40214;Mata de Cuéllar;Segovia
40215;Cuéllar;Segovia
40216;Chañe;Segovia
40216;Remondo;Segovia
40217;Fresneda de Cuéllar;Segovia
40218;Fuente el Olmo de Íscar;Segovia
40219;Villaverde de Íscar;Segovia
40220;Olombrada;Segovia
40230;Cuéllar;Segovia
40231;Cuéllar;Segovia
40232;Cuéllar;Segovia
40233;Olombrada;Segovia
40234;Membibre de la Hoz;Segovia
40235;Aldeasoña;Segovia
40236;Laguna de Contreras;Segovia
40237;Sacramenia;Segovia
40238;Valtiendas;Segovia
40239;Cuevas de Provanco;Segovia
40240;Gomezserracín;Segovia
40241;Cuéllar;Segovia
40242;Cuéllar;Segovia
40250;Mozoncillo;Segovia
40260;Fuentepelayo;Segovia
40270;Carbonero el Mayor;Segovia
40280;Navalmanzano;Segovia
40290;Roda de Eresma;Segovia
40291;Escarabajosa de Cabezas;Segovia
40291;Tabanera la Luenga;Segovia
40292;Aldea Real;Segovia
40293;Zarzuela del Pinar;Segovia
40294;Pinarnegrillo;Segovia
40295;San Martín y Mudrián;Segovia
40296;Pinarejos;Segovia
40297;Sanchonuño;Segovia
40298;Frumales;Segovia
40300;Sepúlveda;Segovia
40310;Santa Marta del Cerro;Segovia
40310;Sepúlveda;Segovia
40311;Sepúlveda;Segovia
40311;Sotillo;Segovia
40312;Duruelo;Segovia
40312;Sepúlveda;Segovia
40313;Torreadrada;Segovia
40314;Fuentesoto;Segovia
40314;Valtiendas;Segovia
40315;Castro de Fuentidueña;Segovia
40315;Castrojimeno;Segovia
40316;Castroserracín;Segovia
40317;Sepúlveda;Segovia
40317;Urueñas;Segovia
40318;Castroserna de Abajo;Segovia
40318;Condado de Castilnovo;Segovia
40318;Prádena;Segovia
40320;Cantalejo;Segovia
40330;Fuenterrebollo;Segovia
40331;Carrascal del Río;Segovia
40331;Navalilla;Segovia
40331;Valle de Tabladillo;Segovia
40332;Cobos de Fuentidueña;Segovia
40332;San Miguel de Bernuy;Segovia
40340;Aguilafuente;Segovia
40340;Sebúlcor;Segovia
40350;Escalona del Prado;Segovia
40351;Sauquillo de Cabezas;Segovia
40352;Lastras de Cuéllar;Segovia
40353;Hontalbilla;Segovia
40354;Adrados;Segovia
40354;Perosillo;Segovia
40354;Cozuelos de Fuentidueña;Segovia
40355;Fuentesaúco de Fuentidueña;Segovia
40356;Calabazas de Fuentidueña;Segovia
40357;Fuentidueña;Segovia
40358;Fuentepiñel;Segovia
40359;Fuente el Olmo de Fuentidueña;Segovia
40359;Torrecilla del Pinar;Segovia
40360;Cantimpalos;Segovia
40370;Turégano;Segovia
40380;Cantalejo;Segovia
40380;Sebúlcor;Segovia
40389;Aldealcorvo;Segovia
40389;Cantalejo;Segovia
40389;San Pedro de Gaíllos;Segovia
40389;Sepúlveda;Segovia
40390;Valseca;Segovia
40391;Encinillas;Segovia
40392;Cabañas de Polendos;Segovia
40392;Escobar de Polendos;Segovia
40393;Escobar de Polendos;Segovia
40394;Torreiglesias;Segovia
40395;Veganzones;Segovia
40396;Cabezuela;Segovia
40400;Espinar;Segovia
40408;Navas de San Antonio;Segovia
40410;Espinar;Segovia
40418;Fresno de Cantespino;Segovia
40419;Espinar;Segovia
40420;Losa;Segovia
40420;Real Sitio de San Ildefonso;Segovia
40420;Navas de Riofrío;Segovia
40421;Ortigosa del Monte;Segovia
40422;Otero de Herreros;Segovia
40423;Valdeprados;Segovia
40423;Vegas de Matute;Segovia
40424;Espinar;Segovia
40430;Bernardos;Segovia
40440;Santa María la Real de Nieva;Segovia
40441;Migueláñez;Segovia
40442;Samboal;Segovia
40443;Samboal;Segovia
40444;Melque de Cercos;Segovia
40445;Juarros de Voltoya;Segovia
40446;Martín Muñoz de las Posadas;Segovia
40447;Nieva;Segovia
40448;Santa María la Real de Nieva;Segovia
40449;Santa María la Real de Nieva;Segovia
40450;Nava de la Asunción;Segovia
40460;Santiuste de San Juan Bautista;Segovia
40461;Nava de la Asunción;Segovia
40462;Aldeanueva del Codonal;Segovia
40462;Aldehuela del Codonal;Segovia
40463;Codorniz;Segovia
40464;Codorniz;Segovia
40465;San Cristóbal de la Vega;Segovia
40466;Martín Muñoz de la Dehesa;Segovia
40466;Rapariegos;Segovia
40467;Tolocirio;Segovia
40468;Montejo de Arévalo;Segovia
40469;Donhierro;Segovia
40470;Navas de Oro;Segovia
40480;Coca;Segovia
40490;Hontanares de Eresma;Segovia
40490;Huertos;Segovia
40491;Armuña;Segovia
40492;Añe;Segovia
40493;Yanguas de Eresma;Segovia
40494;Armuña;Segovia
40494;Santa María la Real de Nieva;Segovia
40495;Domingo García;Segovia
40495;Ortigosa de Pestaño;Segovia
40496;Coca;Segovia
40496;Fuente de Santa Cruz;Segovia
40496;Villeguillo;Segovia
40500;Riaza;Segovia
40510;Riaza;Segovia
40511;Riaza;Segovia
40512;Ayllón;Segovia
40512;Riaza;Segovia
40513;Ribota;Segovia
40514;Ayllón;Segovia
40515;Riofrío de Riaza;Segovia
40516;Fresno de Cantespino;Segovia
40517;Riaza;Segovia
40517;Sequera de Fresno;Segovia
40518;Fresno de Cantespino;Segovia
40520;Ayllón;Segovia
40529;Alconada de Maderuelo;Segovia
40529;Corral de Ayllón;Segovia
40529;Riaguas de San Bartolomé;Segovia
40530;Aldeonte;Segovia
40530;Barbolla;Segovia
40531;Aldeonte;Segovia
40531;Encinas;Segovia
40531;Navares de Ayuso;Segovia
40532;Aldeanueva de la Serrezuela;Segovia
40532;Navares de Enmedio;Segovia
40532;Navares de las Cuevas;Segovia
40533;Aldehorno;Segovia
40540;Fresno de la Fuente;Segovia
40540;Pradales;Segovia
40541;Honrubia de la Cuesta;Segovia
40541;Villaverde de Montejo;Segovia
40542;Montejo de la Vega de la Serrezuela;Segovia
40542;Moral de Hornuez;Segovia
40542;Villaverde de Montejo;Segovia
40550;Bercimuel;Segovia
40550;Cedillo de la Torre;Segovia
40551;Campo de San Pedro;Segovia
40551;Cilleruelo de San Mamés;Segovia
40552;Campo de San Pedro;Segovia
40553;Campo de San Pedro;Segovia
40554;Maderuelo;Segovia
40555;Aldealengua de Santa María;Segovia
40556;Languilla;Segovia
40560;Boceguillas;Segovia
40567;Pajarejos;Segovia
40568;Boceguillas;Segovia
40569;Grajera;Segovia
40590;Casla;Segovia
40590;Santo Tomé del Puerto;Segovia
40591;Cerezo de Abajo;Segovia
40592;Cerezo de Abajo;Segovia
40592;Cerezo de Arriba;Segovia
40593;Castillejo de Mesleón;Segovia
40594;Ayllón;Segovia
41001;Sevilla;Sevilla
41002;Sevilla;Sevilla
41003;Sevilla;Sevilla
41004;Sevilla;Sevilla
41005;Sevilla;Sevilla
41006;Sevilla;Sevilla
41007;Sevilla;Sevilla
41008;Sevilla;Sevilla
41009;Sevilla;Sevilla
41010;Sevilla;Sevilla
41011;Sevilla;Sevilla
41012;Sevilla;Sevilla
41013;Sevilla;Sevilla
41014;Sevilla;Sevilla
41015;Sevilla;Sevilla
41016;Sevilla;Sevilla
41017;Sevilla;Sevilla
41018;Sevilla;Sevilla
41019;Sevilla;Sevilla
41020;Sevilla;Sevilla
41089;Dos Hermanas;Sevilla
41092;Sevilla;Sevilla
41100;Coria del Río;Sevilla
41110;Bollullos de la Mitación;Sevilla
41111;Almensilla;Sevilla
41120;Gelves;Sevilla
41130;Puebla del Río;Sevilla
41140;Isla Mayor;Sevilla
41150;Isla Mayor;Sevilla
41200;Alcalá del Río;Sevilla
41200;Burguillos;Sevilla
41209;Alcalá del Río;Sevilla
41210;Guillena;Sevilla
41218;Guillena;Sevilla
41219;Guillena;Sevilla
41220;Burguillos;Sevilla
41230;Castilblanco de los Arroyos;Sevilla
41240;Almadén de la Plata;Sevilla
41250;Real de la Jara;Sevilla
41300;Rinconada;Sevilla
41309;Rinconada;Sevilla
41310;Brenes;Sevilla
41318;Villaverde del Río;Sevilla
41319;Alcalá del Río;Sevilla
41320;Cantillana;Sevilla
41330;Tocina;Sevilla
41330;Villanueva del Río y Minas;Sevilla
41339;Carmona;Sevilla
41340;Tocina;Sevilla
41350;Villanueva del Río y Minas;Sevilla
41359;Villanueva del Río y Minas;Sevilla
41360;Pedroso;Sevilla
41370;Cazalla de la Sierra;Sevilla
41380;Alanís;Sevilla
41388;San Nicolás del Puerto;Sevilla
41389;San Nicolás del Puerto;Sevilla
41390;Guadalcanal;Sevilla
41400;Écija;Sevilla
41409;Écija;Sevilla
41410;Carmona;Sevilla
41420;Fuentes de Andalucía;Sevilla
41429;Campana;Sevilla
41430;Luisiana;Sevilla
41439;Fuentes de Andalucía;Sevilla
41439;Luisiana;Sevilla
41439;Cañada Rosal;Sevilla
41440;Alcolea del Río;Sevilla
41440;Lora del Río;Sevilla
41449;Alcolea del Río;Sevilla
41450;Constantina;Sevilla
41460;Navas de la Concepción;Sevilla
41470;Peñaflor;Sevilla
41471;Utrera;Sevilla
41479;Puebla de los Infantes;Sevilla
41489;Aznalcázar;Sevilla
41500;Alcalá de Guadaíra;Sevilla
41510;Mairena del Alcor;Sevilla
41520;Alcalá de Guadaíra;Sevilla
41520;Viso del Alcor;Sevilla
41530;Morón de la Frontera;Sevilla
41540;Puebla de Cazalla;Sevilla
41550;Aguadulce;Sevilla
41560;Estepa;Sevilla
41563;Écija;Sevilla
41564;Lora de Estepa;Sevilla
41565;Corrales;Sevilla
41565;Gilena;Sevilla
41566;Pedrera;Sevilla
41567;Écija;Sevilla
41567;Herrera;Sevilla
41568;Rubio;Sevilla
41569;Marinaleda;Sevilla
41570;Badolatosa;Sevilla
41580;Casariche;Sevilla
41590;Roda de Andalucía;Sevilla
41599;Badolatosa;Sevilla
41599;Roda de Andalucía;Sevilla
41600;Arahal;Sevilla
41610;Paradas;Sevilla
41620;Marchena;Sevilla
41630;Lantejuela;Sevilla
41640;Osuna;Sevilla
41650;Saucejo;Sevilla
41657;Corrales;Sevilla
41658;Martín de la Jara;Sevilla
41659;Saucejo;Sevilla
41660;Villanueva de San Juan;Sevilla
41661;Algámitas;Sevilla
41670;Pruna;Sevilla
41700;Dos Hermanas;Sevilla
41701;Dos Hermanas;Sevilla
41702;Dos Hermanas;Sevilla
41703;Dos Hermanas;Sevilla
41704;Dos Hermanas;Sevilla
41710;Utrera;Sevilla
41719;Utrera;Sevilla
41720;Palacios y Villafranca;Sevilla
41720;Utrera;Sevilla
41727;Palacios y Villafranca;Sevilla
41727;Utrera;Sevilla
41728;Dos Hermanas;Sevilla
41728;Palacios y Villafranca;Sevilla
41728;Utrera;Sevilla
41729;Cabezas de San Juan;Sevilla
41730;Cabezas de San Juan;Sevilla
41730;Cazalla de la Sierra;Sevilla
41740;Lebrija;Sevilla
41749;Cuervo de Sevilla;Sevilla
41750;Molares;Sevilla
41760;Coronil;Sevilla
41770;Montellano;Sevilla
41780;Coripe;Sevilla
41800;Sanlúcar la Mayor;Sevilla
41804;Olivares;Sevilla
41805;Benacazón;Sevilla
41806;Umbrete;Sevilla
41807;Espartinas;Sevilla
41808;Villanueva del Ariscal;Sevilla
41809;Albaida del Aljarafe;Sevilla
41810;Castilleja del Campo;Sevilla
41820;Carrión de los Céspedes;Sevilla
41830;Huévar del Aljarafe;Sevilla
41840;Pilas;Sevilla
41849;Aznalcázar;Sevilla
41850;Villamanrique de la Condesa;Sevilla
41860;Gerena;Sevilla
41870;Aznalcóllar;Sevilla
41880;Ronquillo;Sevilla
41888;Garrobo;Sevilla
41888;San Nicolás del Puerto;Sevilla
41889;Castillo de las Guardas;Sevilla
41890;Castillo de las Guardas;Sevilla
41897;Madroño;Sevilla
41898;Castillo de las Guardas;Sevilla
41898;Madroño;Sevilla
41899;Castillo de las Guardas;Sevilla
41900;Camas;Sevilla
41907;Valencina de la Concepción;Sevilla
41908;Castilleja de Guzmán;Sevilla
41909;Salteras;Sevilla
41910;Camas;Sevilla
41920;San Juan de Aznalfarache;Sevilla
41927;Mairena del Aljarafe;Sevilla
41928;Palomares del Río;Sevilla
41930;Bormujos;Sevilla
41940;Tomares;Sevilla
41950;Castilleja de la Cuesta;Sevilla
41960;Gines;Sevilla
41970;Santiponce;Sevilla
41980;Algaba;Sevilla
41989;Algaba;Sevilla
42001;Soria;Soria
42002;Soria;Soria
42003;Soria;Soria
42004;Soria;Soria
42005;Soria;Soria
42100;Ágreda;Soria
42100;Ólvega;Soria
42107;Ágreda;Soria
42107;Beratón;Soria
42107;Cueva de Ágreda;Soria
42108;Ágreda;Soria
42108;Castilruiz;Soria
42108;Dévanos;Soria
42108;Ólvega;Soria
42109;Vozmediano;Soria
42110;Ólvega;Soria
42111;Aldealpozo;Soria
42111;Arancón;Soria
42111;Valdegeña;Soria
42112;Aldealpozo;Soria
42112;Hinojosa del Campo;Soria
42112;Pinilla del Campo;Soria
42112;Pozalmuro;Soria
42112;Tajahuerce;Soria
42112;Villar del Campo;Soria
42113;Castilruiz;Soria
42113;Fuentestrún;Soria
42113;Matalebreras;Soria
42113;Trévago;Soria
42113;Valdelagua del Cerro;Soria
42114;Cigudosa;Soria
42114;San Felices;Soria
42114;Valdeprado;Soria
42120;Gómara;Soria
42124;Fuentelmonge;Soria
42124;Noviercas;Soria
42124;Torlengua;Soria
42125;Deza;Soria
42126;Almazul;Soria
42126;Cihuela;Soria
42126;Deza;Soria
42127;Almazul;Soria
42127;Gómara;Soria
42127;Montenegro de Cameros;Soria
42127;Serón de Nágima;Soria
42128;Bliecos;Soria
42128;Tejado;Soria
42129;Aliud;Soria
42129;Buberos;Soria
42129;Gómara;Soria
42129;Villaseca de Arciel;Soria
42130;Almenar de Soria;Soria
42131;Almenar de Soria;Soria
42132;Noviercas;Soria
42133;Alconaba;Soria
42134;Candilichera;Soria
42134;Renieblas;Soria
42135;Aldealafuente;Soria
42135;Cabrejas del Campo;Soria
42136;Portillo de Soria;Soria
42136;Torrubia de Soria;Soria
42137;Carabantes;Soria
42137;Quiñonería;Soria
42137;Reznos;Soria
42138;Almenar de Soria;Soria
42138;Borobia;Soria
42138;Ciria;Soria
42140;San Leonardo de Yagüe;Soria
42141;Espeja de San Marcelino;Soria
42141;Nafría de Ucero;Soria
42141;Santa María de las Hoyas;Soria
42142;Espeja de San Marcelino;Soria
42142;Espejón;Soria
42143;Fuentearmegil;Soria
42143;Nafría de Ucero;Soria
42144;Herrera de Soria;Soria
42144;Vadillo;Soria
42145;Cidones;Soria
42146;Abejar;Soria
42146;Cabrejas del Pinar;Soria
42147;Cabrejas del Pinar;Soria
42148;Casarejos;Soria
42148;Cubilla;Soria
42148;Muriel Viejo;Soria
42148;Talveila;Soria
42149;Navaleno;Soria
42149;Soria;Soria
42150;Vinuesa;Soria
42151;Vinuesa;Soria
42152;Soria;Soria
42153;Royo;Soria
42155;Molinos de Duero;Soria
42156;Molinos de Duero;Soria
42156;Salduero;Soria
42157;Covaleda;Soria
42158;Duruelo de la Sierra;Soria
42159;Royo;Soria
42161;Almarza;Soria
42161;Arévalo de la Sierra;Soria
42162;Buitrago;Soria
42162;Fuentecantos;Soria
42162;Fuentelsaz de Soria;Soria
42162;Garray;Soria
42163;Garray;Soria
42164;Almarza;Soria
42165;Rebollar;Soria
42165;Rollamienta;Soria
42165;Sotillo del Rincón;Soria
42165;Valdeavellano de Tera;Soria
42165;Villar del Ala;Soria
42166;Sotillo del Rincón;Soria
42167;Almarza;Soria
42169;Almarza;Soria
42169;Póveda de Soria;Soria
42170;Fuentelsaz de Soria;Soria
42171;Aldealices;Soria
42171;Ausejo de la Sierra;Soria
42171;Castilfrío de la Sierra;Soria
42171;Estepa de San Juan;Soria
42171;Villares de Soria;Soria
42172;Oncala;Soria
42172;Yanguas;Soria
42173;Aldehuelas;Soria
42173;Santa Cruz de Yanguas;Soria
42173;Vizmanos;Soria
42174;Aldehuelas;Soria
42174;San Pedro Manrique;Soria
42174;Villar del Río;Soria
42175;Cerbón;Soria
42175;San Pedro Manrique;Soria
42175;Valdeprado;Soria
42176;Santa Cruz de Yanguas;Soria
42176;Villar del Río;Soria
42177;Villar del Río;Soria
42177;Yanguas;Soria
42180;Aldealseñor;Soria
42180;Almajano;Soria
42180;Carrascosa de la Sierra;Soria
42180;Cirujales del Río;Soria
42180;Villares de Soria;Soria
42181;Carrascosa de la Sierra;Soria
42181;Cerbón;Soria
42181;Fuentes de Magaña;Soria
42181;Losilla;Soria
42181;Magaña;Soria
42181;Valtajeros;Soria
42182;Aldehuela de Periáñez;Soria
42182;Arancón;Soria
42189;Narros;Soria
42189;Renieblas;Soria
42189;Suellacabras;Soria
42189;Velilla de la Sierra;Soria
42190;Golmayo;Soria
42190;Soria;Soria
42191;Cubo de la Solana;Soria
42191;Rábanos;Soria
42192;Golmayo;Soria
42192;Villaciervos;Soria
42193;Blacos;Soria
42193;Calatañazor;Soria
42193;Golmayo;Soria
42193;Muriel de la Fuente;Soria
42193;Torreblacos;Soria
42193;Valdenebro;Soria
42194;Rioseco de Soria;Soria
42194;Torreblacos;Soria
42195;Burgo de Osma-Ciudad de Osma;Soria
42196;Burgo de Osma-Ciudad de Osma;Soria
42196;Valdenebro;Soria
42200;Almazán;Soria
42210;Barca;Soria
42211;Centenera de Andaluz;Soria
42211;Matamala de Almazán;Soria
42212;Almazán;Soria
42213;Alpanseque;Soria
42213;Baraona;Soria
42214;Baraona;Soria
42214;Villasayas;Soria
42215;Frechilla de Almazán;Soria
42216;Adradas;Soria
42216;Baraona;Soria
42216;Coscurita;Soria
42216;Morón de Almazán;Soria
42216;Taroda;Soria
42217;Coscurita;Soria
42218;Borjabad;Soria
42218;Nepas;Soria
42218;Tejado;Soria
42218;Viana de Duero;Soria
42220;Cañamaque;Soria
42220;Monteagudo de las Vicarías;Soria
42222;Almaluez;Soria
42223;Coscurita;Soria
42223;Morón de Almazán;Soria
42224;Escobosa de Almazán;Soria
42224;Nolay;Soria
42224;Soliedra;Soria
42225;Alentisque;Soria
42225;Maján;Soria
42225;Momblona;Soria
42225;Velilla de los Ajos;Soria
42230;Medinaceli;Soria
42230;Miño de Medinaceli;Soria
42240;Medinaceli;Soria
42248;Medinaceli;Soria
42249;Arcos de Jalón;Soria
42249;Medinaceli;Soria
42250;Arcos de Jalón;Soria
42257;Arcos de Jalón;Soria
42258;Almaluez;Soria
42258;Arcos de Jalón;Soria
42259;Arcos de Jalón;Soria
42260;Santa María de Huerta;Soria
42269;Arcos de Jalón;Soria
42269;Alconchel de Ariza;Soria
42269;Monreal de Ariza;Soria
42269;Pozuel de Ariza;Soria
42269;Torrehermosa;Soria
42290;Cubo de la Solana;Soria
42290;Golmayo;Soria
42290;Rábanos;Soria
42291;Quintana Redonda;Soria
42292;Quintana Redonda;Soria
42293;Fuentepinilla;Soria
42293;Quintana Redonda;Soria
42293;Valderrodilla;Soria
42294;Fuentepinilla;Soria
42294;Golmayo;Soria
42294;Quintana Redonda;Soria
42294;Tardelcuende;Soria
42294;Valderrodilla;Soria
42295;Alcubilla de las Peñas;Soria
42295;Baraona;Soria
42296;Miño de Medinaceli;Soria
42296;Yelo;Soria
42300;Burgo de Osma-Ciudad de Osma;Soria
42310;Burgo de Osma-Ciudad de Osma;Soria
42311;Burgo de Osma-Ciudad de Osma;Soria
42311;Caracena;Soria
42311;Carrascosa de Abajo;Soria
42311;Fresno de Caracena;Soria
42311;Montejo de Tiermes;Soria
42312;Burgo de Osma-Ciudad de Osma;Soria
42312;Villanueva de Gormaz;Soria
42313;Burgo de Osma-Ciudad de Osma;Soria
42313;Gormaz;Soria
42313;Quintanas de Gormaz;Soria
42313;Recuerda;Soria
42313;Valdenebro;Soria
42314;Recuerda;Soria
42315;Recuerda;Soria
42315;Retortillo de Soria;Soria
42316;Burgo de Osma-Ciudad de Osma;Soria
42316;Retortillo de Soria;Soria
42317;Talveila;Soria
42317;Ucero;Soria
42317;Valdemaluque;Soria
42318;Burgo de Osma-Ciudad de Osma;Soria
42318;Valdemaluque;Soria
42320;Langa de Duero;Soria
42320;San Esteban de Gormaz;Soria
42328;Castillejo de Robledo;Soria
42328;Langa de Duero;Soria
42328;Miño de San Esteban;Soria
42329;Langa de Duero;Soria
42330;San Esteban de Gormaz;Soria
42339;Fuentecambrón;Soria
42340;San Esteban de Gormaz;Soria
42341;Liceras;Soria
42341;Montejo de Tiermes;Soria
42342;Fuentecambrón;Soria
42342;Montejo de Tiermes;Soria
42342;San Esteban de Gormaz;Soria
42343;Montejo de Tiermes;Soria
42344;Montejo de Tiermes;Soria
42344;Retortillo de Soria;Soria
42345;San Esteban de Gormaz;Soria
42350;Burgo de Osma-Ciudad de Osma;Soria
42351;Alcubilla de Avellaneda;Soria
42351;Burgo de Osma-Ciudad de Osma;Soria
42351;Fuentearmegil;Soria
42351;San Esteban de Gormaz;Soria
42353;Alcubilla de Avellaneda;Soria
42360;Berlanga de Duero;Soria
42366;Bayubas de Abajo;Soria
42366;Bayubas de Arriba;Soria
42366;Berlanga de Duero;Soria
42366;Tajueco;Soria
42367;Berlanga de Duero;Soria
42367;Caltojar;Soria
42368;Arenillas;Soria
42368;Barcones;Soria
42368;Rello;Soria
42368;Riba de Escalote;Soria
42369;Berlanga de Duero;Soria
42391;Burgo de Osma-Ciudad de Osma;Soria
42391;San Esteban de Gormaz;Soria
42392;Velamazán;Soria
43001;Tarragona;Tarragona
43002;Tarragona;Tarragona
43003;Tarragona;Tarragona
43004;Tarragona;Tarragona
43005;Tarragona;Tarragona
43006;Tarragona;Tarragona
43007;Tarragona;Tarragona
43008;Tarragona;Tarragona
43100;Tarragona;Tarragona
43110;Canonja;Tarragona
43120;Constantí;Tarragona
43130;Tarragona;Tarragona
43140;Pobla de Mafumet;Tarragona
43141;Vilallonga del Camp;Tarragona
43142;Rourell;Tarragona
43143;Masó;Tarragona
43143;Milá;Tarragona
43144;Vallmoll;Tarragona
43150;Catllar;Tarragona
43151;Pallaresos;Tarragona
43152;Perafort;Tarragona
43153;Garidells;Tarragona
43154;Secuita;Tarragona
43155;Perafort;Tarragona
43201;Reus;Tarragona
43202;Reus;Tarragona
43203;Reus;Tarragona
43204;Reus;Tarragona
43205;Reus;Tarragona
43206;Reus;Tarragona
43206;Vila-seca;Tarragona
43207;Reus;Tarragona
43300;Mont-roig del Camp;Tarragona
43310;Colldejou;Tarragona
43311;Vilanova d'Escornalbou;Tarragona
43312;Vilanova d'Escornalbou;Tarragona
43320;Pratdip;Tarragona
43320;Tivissa;Tarragona
43330;Riudoms;Tarragona
43340;Montbrió del Camp;Tarragona
43350;Borges del Camp;Tarragona
43360;Cornudella de Montsant;Tarragona
43361;Morera de Montsant;Tarragona
43362;Cornudella de Montsant;Tarragona
43363;Ulldemolins;Tarragona
43364;Capafonts;Tarragona
43364;Febró;Tarragona
43364;Mont-ral;Tarragona
43364;Prades;Tarragona
43365;Alforja;Tarragona
43365;Arbolí;Tarragona
43370;Palma d'Ebre;Tarragona
43371;Margalef;Tarragona
43372;Bisbal de Falset;Tarragona
43373;Cabacés;Tarragona
43374;Vilella Baixa;Tarragona
43375;Vilella Alta;Tarragona
43376;Poboleda;Tarragona
43379;Morera de Montsant;Tarragona
43380;Vilaplana;Tarragona
43381;Aleixar;Tarragona
43382;Maspujols;Tarragona
43390;Riudecols;Tarragona
43391;Vinyols i els Arcs;Tarragona
43392;Castellvell del Camp;Tarragona
43393;Almoster;Tarragona
43400;Montblanc;Tarragona
43410;Montblanc;Tarragona
43411;Blancafort;Tarragona
43412;Solivella;Tarragona
43413;Passanant i Belltall;Tarragona
43414;Montblanc;Tarragona
43415;Montblanc;Tarragona
43420;Santa Coloma de Queralt;Tarragona
43421;Bellprat;Tarragona
43421;Pontils;Tarragona
43422;Barberá de la Conca;Tarragona
43423;Pira;Tarragona
43424;Sarral;Tarragona
43425;Forés;Tarragona
43425;Passanant i Belltall;Tarragona
43425;Sarral;Tarragona
43426;Rocafort de Queralt;Tarragona
43427;Conesa;Tarragona
43427;Llorac;Tarragona
43427;Savallá del Comtat;Tarragona
43427;Vallfogona de Riucorb;Tarragona
43428;Piles;Tarragona
43428;Sarral;Tarragona
43429;Barberá de la Conca;Tarragona
43429;Piles;Tarragona
43429;Santa Coloma de Queralt;Tarragona
43430;Vimbodí i Poblet;Tarragona
43431;Bellprat;Tarragona
43439;Vallclara;Tarragona
43439;Vilanova de Prades;Tarragona
43440;Espluga de Francolí;Tarragona
43442;Barberá de la Conca;Tarragona
43448;Vimbodí i Poblet;Tarragona
43449;Senan;Tarragona
43449;Vimbodí i Poblet;Tarragona
43450;Riba;Tarragona
43459;Montblanc;Tarragona
43459;Mont-ral;Tarragona
43460;Alcover;Tarragona
43470;Selva del Camp;Tarragona
43479;Albiol;Tarragona
43480;Vila-seca;Tarragona
43481;Vila-seca;Tarragona
43490;Vilaverd;Tarragona
43491;Valls;Tarragona
43495;Arnes;Tarragona
43500;Tortosa;Tarragona
43510;Tortosa;Tarragona
43511;Tivenys;Tarragona
43512;Benifallet;Tarragona
43513;Rasquera;Tarragona
43514;Mas de Barberans;Tarragona
43515;Galera;Tarragona
43516;Godall;Tarragona
43517;Tortosa;Tarragona
43519;Perelló;Tarragona
43520;Roquetes;Tarragona
43527;Tortosa;Tarragona
43528;Alfara de Carles;Tarragona
43529;Roquetes;Tarragona
43530;Alcanar;Tarragona
43540;Sant Carles de la Rápita;Tarragona
43549;Amposta;Tarragona
43550;Ulldecona;Tarragona
43558;Freginals;Tarragona
43558;Ulldecona;Tarragona
43559;Ulldecona;Tarragona
43560;Sénia;Tarragona
43569;Alcanar;Tarragona
43570;Santa Bárbara;Tarragona
43580;Deltebre;Tarragona
43590;Tortosa;Tarragona
43591;Aldover;Tarragona
43592;Xerta;Tarragona
43593;Paüls;Tarragona
43594;Pinell de Brai;Tarragona
43595;Prat de Comte;Tarragona
43596;Horta de Sant Joan;Tarragona
43597;Arnes;Tarragona
43635;Alforja;Tarragona
43700;Vendrell;Tarragona
43710;Santa Oliva;Tarragona
43711;Banyeres del Penedés;Tarragona
43712;Llorens del Penedés;Tarragona
43713;Sant Jaume dels Domenys;Tarragona
43714;Aiguamúrcia;Tarragona
43714;Montmell;Tarragona
43715;Querol;Tarragona
43716;Albinyana;Tarragona
43717;Bisbal del Penedés;Tarragona
43718;Albinyana;Tarragona
43718;Masllorens;Tarragona
43718;Montmell;Tarragona
43718;Santa Oliva;Tarragona
43719;Bellvei;Tarragona
43720;Arbos;Tarragona
43730;Falset;Tarragona
43730;Marsá;Tarragona
43736;Figuera;Tarragona
43736;Masroig;Tarragona
43736;Molar;Tarragona
43737;Gratallops;Tarragona
43737;Lloar;Tarragona
43737;Torroja del Priorat;Tarragona
43738;Bellmunt del Priorat;Tarragona
43739;Porrera;Tarragona
43740;Móra d'Ebre;Tarragona
43746;Tivissa;Tarragona
43747;Benissanet;Tarragona
43747;Miravet;Tarragona
43748;Ginestar;Tarragona
43749;Garcia;Tarragona
43750;Flix;Tarragona
43760;Morell;Tarragona
43761;Pobla de Montornés;Tarragona
43762;Riera de Gaiá;Tarragona
43763;Nou de Gaiá;Tarragona
43763;Vespella de Gaiá;Tarragona
43764;Catllar;Tarragona
43765;Secuita;Tarragona
43770;Móra la Nova;Tarragona
43771;Riudecanyes;Tarragona
43772;Botarell;Tarragona
43773;Argentera;Tarragona
43773;Duesaigües;Tarragona
43774;Pradell de la Teixeta;Tarragona
43774;Torre de Fontaubella;Tarragona
43775;Marsá;Tarragona
43776;Capsanes;Tarragona
43777;Guiamets;Tarragona
43780;Gandesa;Tarragona
43781;Fatarella;Tarragona
43782;Vilalba dels Arcs;Tarragona
43783;Pobla de Massaluca;Tarragona
43784;Corbera d'Ebre;Tarragona
43785;Bot;Tarragona
43786;Batea;Tarragona
43787;Caseres;Tarragona
43790;Riba-roja d'Ebre;Tarragona
43791;Ascó;Tarragona
43792;Torre de l'Espanyol;Tarragona
43792;Vinebre;Tarragona
43800;Valls;Tarragona
43810;Pla de Santa Maria;Tarragona
43811;Cabra del Camp;Tarragona
43811;Figuerola del Camp;Tarragona
43812;Bráfim;Tarragona
43812;Montferri;Tarragona
43812;Montmell;Tarragona
43812;Puigpelat;Tarragona
43812;Rodonyá;Tarragona
43813;Alió;Tarragona
43813;Valls;Tarragona
43814;Vila-rodona;Tarragona
43815;Aiguamúrcia;Tarragona
43815;Mont-roig del Camp;Tarragona
43816;Querol;Tarragona
43817;Pont d'Armentera;Tarragona
43820;Calafell;Tarragona
43830;Torredembarra;Tarragona
43839;Creixell;Tarragona
43840;Salou;Tarragona
43850;Cambrils;Tarragona
43860;Ametlla de Mar;Tarragona
43870;Amposta;Tarragona
43877;Sant Jaume d'Enveja;Tarragona
43878;Masdenverge;Tarragona
43879;Amposta;Tarragona
43879;Masdenverge;Tarragona
43879;Sant Jaume d'Enveja;Tarragona
43880;Vendrell;Tarragona
43881;Cunit;Tarragona
43882;Calafell;Tarragona
43883;Roda de Berá;Tarragona
43884;Bonastre;Tarragona
43885;Salomó;Tarragona
43886;Renau;Tarragona
43886;Vilabella;Tarragona
43887;Nulles;Tarragona
43890;Vandellós i l'Hospitalet de l'Infant;Tarragona
43891;Vandellós i l'Hospitalet de l'Infant;Tarragona
43892;Mont-roig del Camp;Tarragona
43893;Altafulla;Tarragona
43894;Camarles;Tarragona
43895;Ampolla;Tarragona
43896;Aldea;Tarragona
43897;Tortosa;Tarragona
44001;Teruel;Teruel
44002;Teruel;Teruel
44003;Teruel;Teruel
44100;Albarracín;Teruel
44110;Gea de Albarracín;Teruel
44111;Torres de Albarracín;Teruel
44112;Tramacastilla;Teruel
44113;Noguera de Albarracín;Teruel
44114;Griegos;Teruel
44114;Villar del Cobo;Teruel
44115;Guadalaviar;Teruel
44120;Terriente;Teruel
44121;Albarracín;Teruel
44121;Bezas;Teruel
44121;Rubiales;Teruel
44121;Teruel;Teruel
44122;Jabaloyas;Teruel
44122;Saldón;Teruel
44122;Valdecuenca;Teruel
44123;Albarracín;Teruel
44123;Jabaloyas;Teruel
44123;Toril y Masegoso;Teruel
44123;Vallecillo;Teruel
44124;Moscardón;Teruel
44125;Royuela;Teruel
44126;Calomarde;Teruel
44126;Frías de Albarracín;Teruel
44130;Villastar;Teruel
44131;Villel;Teruel
44132;Libros;Teruel
44132;Tramacastiel;Teruel
44133;Riodeva;Teruel
44133;Tramacastiel;Teruel
44134;Alobras;Teruel
44134;Cuervo;Teruel
44134;Tormón;Teruel
44134;Veguillas de la Sierra;Teruel
44140;Cantavieja;Teruel
44140;Cañada de Benatanduz;Teruel
44141;Cuba;Teruel
44141;Mirambel;Teruel
44141;Tronchón;Teruel
44142;Iglesuela del Cid;Teruel
44143;Fortanete;Teruel
44144;Villarroya de los Pinares;Teruel
44145;Allepuz;Teruel
44146;Monteagudo del Castillo;Teruel
44147;Cedrillas;Teruel
44150;Aliaga;Teruel
44155;Ababuj;Teruel
44155;Camarillas;Teruel
44155;Pobo;Teruel
44156;Aguilar del Alfambra;Teruel
44156;Jorcas;Teruel
44157;Aliaga;Teruel
44157;Hinojosa de Jarque;Teruel
44158;Aliaga;Teruel
44159;Miravete de la Sierra;Teruel
44160;Alfambra;Teruel
44161;Escorihuela;Teruel
44161;Orrios;Teruel
44161;Perales del Alfambra;Teruel
44162;Cuevas Labradas;Teruel
44162;Peralejos;Teruel
44162;Teruel;Teruel
44163;Perales del Alfambra;Teruel
44164;Lidón;Teruel
44164;Visiedo;Teruel
44165;Argente;Teruel
44166;Rubielos de la Cérida;Teruel
44167;Camañas;Teruel
44168;Cañada Vellida;Teruel
44168;Galve;Teruel
44169;Cuevas de Almudén;Teruel
44169;Jarque de la Val;Teruel
44169;Mezquita de Jarque;Teruel
44190;Teruel;Teruel
44191;Camarena de la Sierra;Teruel
44191;Cascante del Río;Teruel
44191;Cubla;Teruel
44191;Valacloche;Teruel
44192;Teruel;Teruel
44193;Corbalán;Teruel
44193;Teruel;Teruel
44194;Celadas;Teruel
44195;Teruel;Teruel
44200;Calamocha;Teruel
44210;Calamocha;Teruel
44211;Calamocha;Teruel
44212;Anadón;Teruel
44212;Huesa del Común;Teruel
44212;Loscos;Teruel
44213;Huesa del Común;Teruel
44213;Plou;Teruel
44220;Barrachina;Teruel
44220;Calamocha;Teruel
44221;Torrecilla del Rebollar;Teruel
44222;Torrecilla del Rebollar;Teruel
44223;Villanueva del Rebollar de la Sierra;Teruel
44230;Tornos;Teruel
44231;Castejón de Tornos;Teruel
44232;Bello;Teruel
44233;Odón;Teruel
44300;Monreal del Campo;Teruel
44310;Ródenas;Teruel
44311;Villar del Salz;Teruel
44312;Ojos Negros;Teruel
44313;Ojos Negros;Teruel
44314;Blancas;Teruel
44315;Pozuel del Campo;Teruel
44320;Báguena;Teruel
44330;Burbáguena;Teruel
44340;Fuentes Claras;Teruel
44350;Caminreal;Teruel
44357;Bañón;Teruel
44357;Calamocha;Teruel
44358;Cosa;Teruel
44358;Torre los Negros;Teruel
44359;Caminreal;Teruel
44359;Torralba de los Sisones;Teruel
44360;Santa Eulalia;Teruel
44366;Orihuela del Tremedal;Teruel
44367;Bronchales;Teruel
44368;Monterde de Albarracín;Teruel
44368;Pozondón;Teruel
44369;Almohaja;Teruel
44369;Peracense;Teruel
44370;Cella;Teruel
44380;Villarquemado;Teruel
44381;Torremocha de Jiloca;Teruel
44382;Aguatón;Teruel
44382;Singra;Teruel
44382;Torrelacárcel;Teruel
44390;San Martín del Río;Teruel
44391;Calamocha;Teruel
44392;Calamocha;Teruel
44393;Torrijo del Campo;Teruel
44394;Bueña;Teruel
44394;Villafranca del Campo;Teruel
44395;Alba;Teruel
44396;Teruel;Teruel
44397;Teruel;Teruel
44400;Mora de Rubielos;Teruel
44409;Cabra de Mora;Teruel
44409;Castellar;Teruel
44410;Mosqueruela;Teruel
44411;Puertomingalvo;Teruel
44412;Linares de Mora;Teruel
44413;Valdelinares;Teruel
44414;Nogueruelas;Teruel
44415;Fuentes de Rubielos;Teruel
44415;Rubielos de Mora;Teruel
44420;Manzanera;Teruel
44421;Arcos de las Salinas;Teruel
44421;Torrijas;Teruel
44422;Abejuela;Teruel
44422;Manzanera;Teruel
44423;Manzanera;Teruel
44424;Albentosa;Teruel
44424;Sarrión;Teruel
44430;Valbona;Teruel
44431;Alcalá de la Selva;Teruel
44432;Alcalá de la Selva;Teruel
44433;Gúdar;Teruel
44440;Formiche Alto;Teruel
44441;Formiche Alto;Teruel
44450;Puebla de Valverde;Teruel
44459;Camarena de la Sierra;Teruel
44460;Sarrión;Teruel
44477;Albentosa;Teruel
44478;Olba;Teruel
44479;Olba;Teruel
44480;San Agustín;Teruel
44490;Ferreruela de Huerva;Teruel
44491;Bádenas;Teruel
44491;Cucalón;Teruel
44491;Lanzuela;Teruel
44492;Allueva;Teruel
44492;Bea;Teruel
44492;Fonfría;Teruel
44492;Lagueruela;Teruel
44493;Loscos;Teruel
44493;Monforte de Moyuela;Teruel
44494;Villahermosa del Campo;Teruel
44495;Calamocha;Teruel
44496;Calamocha;Teruel
44497;Nogueras;Teruel
44497;Santa Cruz de Nogueras;Teruel
44500;Andorra;Teruel
44509;Alloza;Teruel
44510;Puebla de Híjar;Teruel
44511;Puebla de Híjar;Teruel
44520;Samper de Calanda;Teruel
44530;Híjar;Teruel
44540;Albalate del Arzobispo;Teruel
44547;Ariño;Teruel
44548;Oliete;Teruel
44549;Alacón;Teruel
44550;Alcorisa;Teruel
44555;Pitarque;Teruel
44556;Berge;Teruel
44556;Molinos;Teruel
44557;Crivillén;Teruel
44557;Mata de los Olmos;Teruel
44557;Olmos;Teruel
44558;Estercuel;Teruel
44558;Gargallo;Teruel
44559;Ejulve;Teruel
44559;Villarluengo;Teruel
44560;Castellote;Teruel
44561;Seno;Teruel
44562;Castellote;Teruel
44563;Bordón;Teruel
44563;Castellote;Teruel
44564;Mas de las Matas;Teruel
44565;Castellote;Teruel
44566;Aguaviva;Teruel
44566;Parras de Castellote;Teruel
44570;Calanda;Teruel
44579;Foz-Calanda;Teruel
44580;Valderrobres;Teruel
44586;Peñarroya de Tastavins;Teruel
44587;Fuentespalda;Teruel
44588;Beceite;Teruel
44589;Portellada;Teruel
44589;Ráfales;Teruel
44590;Azaila;Teruel
44591;Vinaceite;Teruel
44591;Almochuel;Teruel
44592;Castelnou;Teruel
44592;Jatiel;Teruel
44593;Urrea de Gaén;Teruel
44594;Valdealgorfa;Teruel
44595;Valjunquera;Teruel
44596;Fresneda;Teruel
44597;Torre del Compte;Teruel
44600;Alcañiz;Teruel
44610;Calaceite;Teruel
44620;Valdeltormo;Teruel
44621;Mazaleón;Teruel
44622;Arens de Lledó;Teruel
44623;Cretas;Teruel
44624;Lledó;Teruel
44630;Castelserás;Teruel
44640;Codoñera;Teruel
44640;Torrecilla de Alcañiz;Teruel
44641;Torrevelilla;Teruel
44642;Belmonte de San José;Teruel
44643;Cañada de Verich;Teruel
44643;Ginebrosa;Teruel
44650;Fórnoles;Teruel
44651;Cerollera;Teruel
44652;Monroyo;Teruel
44653;Torre de Arcas;Teruel
44660;Alcañiz;Teruel
44661;Alcañiz;Teruel
44700;Montalbán;Teruel
44706;Castel de Cabra;Teruel
44707;Cañizar del Olivar;Teruel
44707;Zoma;Teruel
44708;Palomar de Arroyos;Teruel
44709;Montalbán;Teruel
44709;Torre de las Arcas;Teruel
44710;Rillo;Teruel
44711;Fuentes Calientes;Teruel
44712;Rillo;Teruel
44720;Pancrudo;Teruel
44721;Alpeñés;Teruel
44721;Cosa;Teruel
44730;Martín del Río;Teruel
44730;Pancrudo;Teruel
44740;Vivel del Río Martín;Teruel
44741;Fuenferrada;Teruel
44742;Vivel del Río Martín;Teruel
44750;Martín del Río;Teruel
44760;Utrillas;Teruel
44761;Utrillas;Teruel
44769;Utrillas;Teruel
44770;Escucha;Teruel
44779;Escucha;Teruel
44780;Muniesa;Teruel
44790;Blesa;Teruel
44791;Cortes de Aragón;Teruel
44791;Hoz de la Vieja;Teruel
44791;Maicas;Teruel
44792;Alcaine;Teruel
44792;Josa;Teruel
44792;Obón;Teruel
44793;Salcedillo;Teruel
44793;Segura de los Baños;Teruel
45001;Toledo;Toledo
45002;Toledo;Toledo
45003;Toledo;Toledo
45004;Toledo;Toledo
45005;Toledo;Toledo
45006;Toledo;Toledo
45007;Toledo;Toledo
45008;Toledo;Toledo
45100;Sonseca;Toledo
45109;Orgaz;Toledo
45109;Sonseca;Toledo
45110;Ajofrín;Toledo
45111;Cobisa;Toledo
45112;Burguillos de Toledo;Toledo
45112;Navalmorales;Toledo
45113;Chueca;Toledo
45114;Mazarambroz;Toledo
45120;Menasalbas;Toledo
45120;San Pablo de los Montes;Toledo
45121;Menasalbas;Toledo
45122;Argés;Toledo
45123;Layos;Toledo
45124;Casasbuenas;Toledo
45125;Pulgar;Toledo
45126;Cuerva;Toledo
45126;Mazarambroz;Toledo
45127;Ventas con Peña Aguilera;Toledo
45128;Menasalbas;Toledo
45130;Navalucillos;Toledo
45138;Navalucillos;Toledo
45139;Navalucillos;Toledo
45140;Navalmorales;Toledo
45150;Navahermosa;Toledo
45159;Hontanar;Toledo
45159;Navahermosa;Toledo
45160;Guadamur;Toledo
45161;Polán;Toledo
45162;Noez;Toledo
45163;Totanés;Toledo
45164;Gálvez;Toledo
45165;San Martín de Montalbán;Toledo
45170;San Martín de Pusa;Toledo
45179;Villarejo de Montalbán;Toledo
45180;Camarena;Toledo
45181;Camarenilla;Toledo
45182;Arcicóllar;Toledo
45183;Ventas de Retamosa;Toledo
45190;Nambroca;Toledo
45191;Nambroca;Toledo
45200;Illescas;Toledo
45210;Yuncos;Toledo
45211;Recas;Toledo
45211;Yuncos;Toledo
45212;Lominchar;Toledo
45213;Palomeque;Toledo
45214;Cedillo del Condado;Toledo
45215;Viso de San Juan;Toledo
45216;Carranque;Toledo
45217;Ugena;Toledo
45220;Yeles;Toledo
45221;Esquivias;Toledo
45222;Borox;Toledo
45223;Seseña;Toledo
45224;Seseña;Toledo
45225;Barcience;Toledo
45230;Numancia de la Sagra;Toledo
45240;Alameda de la Sagra;Toledo
45250;Añover de Tajo;Toledo
45260;Villaseca de la Sagra;Toledo
45270;Mocejón;Toledo
45276;Mohedas de la Jara;Toledo
45280;Olías del Rey;Toledo
45290;Pantoja;Toledo
45291;Cobeja;Toledo
45292;Villaseca de la Sagra;Toledo
45300;Ocaña;Toledo
45310;Villatobas;Toledo
45311;Dosbarrios;Toledo
45312;Cabañas de Yepes;Toledo
45313;Yepes;Toledo
45314;Ciruelos;Toledo
45340;Ontígola;Toledo
45350;Noblejas;Toledo
45360;Villarrubia de Santiago;Toledo
45370;Santa Cruz de la Zarza;Toledo
45370;Villarrubia de Santiago;Toledo
45400;Mora;Toledo
45400;Quintanar de la Orden;Toledo
45410;Villanueva de Bogas;Toledo
45420;Almonacid de Toledo;Toledo
45430;Mascaraque;Toledo
45440;Villaminaya;Toledo
45450;Orgaz;Toledo
45460;Manzaneque;Toledo
45460;Real de San Vicente;Toledo
45470;Yébenes;Toledo
45479;Marjaliza;Toledo
45480;Urda;Toledo
45480;Yébenes;Toledo
45500;Torrijos;Toledo
45510;Fuensalida;Toledo
45511;Huecas;Toledo
45512;Portillo de Toledo;Toledo
45513;Santa Cruz del Retamar;Toledo
45514;Quismondo;Toledo
45515;Maqueda;Toledo
45516;Puebla de Montalbán;Toledo
45517;Escalonilla;Toledo
45518;Gerindote;Toledo
45519;Novés;Toledo
45520;Villaluenga de la Sagra;Toledo
45521;Burujón;Toledo
45522;Albarreal de Tajo;Toledo
45523;Alcabón;Toledo
45524;Rielves;Toledo
45525;Barcience;Toledo
45526;Santo Domingo-Caudilla;Toledo
45529;Yuncler;Toledo
45530;Santa Olalla;Toledo
45531;Carmena;Toledo
45532;Carriches;Toledo
45533;Carpio de Tajo;Toledo
45534;Mata;Toledo
45540;Erustes;Toledo
45540;Fuensalida;Toledo
45541;Mesegar de Tajo;Toledo
45542;Casar de Escalona;Toledo
45543;Otero;Toledo
45544;Domingo Pérez;Toledo
45551;Illán de Vacas;Toledo
45560;Oropesa;Toledo
45567;Lagartera;Toledo
45568;Ventas de San Julián;Toledo
45569;Oropesa;Toledo
45569;Torralba de Oropesa;Toledo
45570;Puente del Arzobispo;Toledo
45571;Alcolea de Tajo;Toledo
45571;Azután;Toledo
45572;Torrico;Toledo
45572;Valdeverdeja;Toledo
45573;Navalmoralejo;Toledo
45574;Estrella;Toledo
45575;Aldeanueva de San Bartolomé;Toledo
45576;Aldeanueva de San Bartolomé;Toledo
45576;Mohedas de la Jara;Toledo
45577;Puerto de San Vicente;Toledo
45578;Campillo de la Jara;Toledo
45580;Calera y Chozas;Toledo
45580;Calzada de Oropesa;Toledo
45588;Herreruela de Oropesa;Toledo
45589;Caleruela;Toledo
45590;Magán;Toledo
45591;Yunclillos;Toledo
45592;Cabañas de la Sagra;Toledo
45593;Bargas;Toledo
45594;Villamiel de Toledo;Toledo
45600;Oropesa;Toledo
45600;Talavera de la Reina;Toledo
45610;Navalcán;Toledo
45611;Parrillas;Toledo
45612;Velada;Toledo
45613;Talavera de la Reina;Toledo
45614;Talavera de la Reina;Toledo
45620;Montesclaros;Toledo
45621;Segurilla;Toledo
45622;Mejorada;Toledo
45630;Navamorcuende;Toledo
45631;Almendral de la Cañada;Toledo
45632;Sartajada;Toledo
45633;Iglesuela;Toledo
45634;Buenaventura;Toledo
45635;Sotillo de las Palomas;Toledo
45636;Marrupe;Toledo
45637;Cervera de los Montes;Toledo
45638;Pepino;Toledo
45640;Real de San Vicente;Toledo
45641;Castillo de Bayuela;Toledo
45642;Cardiel de los Montes;Toledo
45643;Garciotum;Toledo
45644;Nuño Gómez;Toledo
45645;Hinojosa de San Vicente;Toledo
45646;San Román de los Montes;Toledo
45650;Espinoso del Rey;Toledo
45651;Torrecilla de la Jara;Toledo
45652;Retamoso de la Jara;Toledo
45653;Santa Ana de Pusa;Toledo
45654;San Bartolomé de las Abiertas;Toledo
45660;Belvís de la Jara;Toledo
45661;Aldeanueva de Barbarroya;Toledo
45662;Alcaudete de la Jara;Toledo
45662;Mejorada;Toledo
45663;Herencias;Toledo
45664;Herencias;Toledo
45670;Nava de Ricomalillo;Toledo
45671;Sevilleja de la Jara;Toledo
45672;Sevilleja de la Jara;Toledo
45673;Sevilleja de la Jara;Toledo
45674;Robledo del Mazo;Toledo
45675;Robledo del Mazo;Toledo
45676;Robledo del Mazo;Toledo
45677;Robledo del Mazo;Toledo
45678;Robledo del Mazo;Toledo
45680;Cebolla;Toledo
45682;Cerralbos;Toledo
45683;Cazalegas;Toledo
45684;Lucillos;Toledo
45685;Montearagón;Toledo
45686;Calera y Chozas;Toledo
45687;Alcañizo;Toledo
45690;Pueblanueva;Toledo
45691;Pueblanueva;Toledo
45692;Malpica de Tajo;Toledo
45693;Malpica de Tajo;Toledo
45694;Talavera de la Reina;Toledo
45695;Calera y Chozas;Toledo
45700;Consuegra;Toledo
45710;Madridejos;Toledo
45720;Camuñas;Toledo
45730;Villafranca de los Caballeros;Toledo
45740;Villasequilla;Toledo
45749;Villamuelas;Toledo
45750;Huerta de Valdecarábanos;Toledo
45760;Guardia;Toledo
45770;Romeral;Toledo
45780;Tembleque;Toledo
45789;Turleque;Toledo
45790;Quero;Toledo
45800;Quintanar de la Orden;Toledo
45810;Villanueva de Alcardete;Toledo
45820;Toboso;Toledo
45830;Miguel Esteban;Toledo
45840;Puebla de Almoradiel;Toledo
45850;Villa de Don Fadrique;Toledo
45860;Villacañas;Toledo
45870;Lillo;Toledo
45880;Corral de Almaguer;Toledo
45890;Cabezamesada;Toledo
45900;Almorox;Toledo
45908;Aldea en Cabo;Toledo
45908;Paredes de Escalona;Toledo
45909;Santa Cruz del Retamar;Toledo
45910;Escalona;Toledo
45917;Nombela;Toledo
45918;Pelahustán;Toledo
45919;Hormigos;Toledo
45920;Torre de Esteban Hambrán;Toledo
45930;Méntrida;Toledo
45940;Valmojado;Toledo
45950;Casarrubios del Monte;Toledo
45960;Chozas de Canales;Toledo
46001;Valencia;Valencia
46002;Valencia;Valencia
46003;Valencia;Valencia
46004;Valencia;Valencia
46005;Valencia;Valencia
46006;Valencia;Valencia
46007;Valencia;Valencia
46008;Valencia;Valencia
46009;Valencia;Valencia
46010;Valencia;Valencia
46011;Valencia;Valencia
46012;Valencia;Valencia
46013;Valencia;Valencia
46014;Xirivella;Valencia
46014;Valencia;Valencia
46015;Valencia;Valencia
46016;Tavernes Blanques;Valencia
46016;Valencia;Valencia
46017;Valencia;Valencia
46018;Valencia;Valencia
46019;Valencia;Valencia
46020;Valencia;Valencia
46021;Valencia;Valencia
46022;Valencia;Valencia
46023;Valencia;Valencia
46024;Valencia;Valencia
46025;Valencia;Valencia
46026;Valencia;Valencia
46035;Valencia;Valencia
46100;Burjassot;Valencia
46110;Godella;Valencia
46111;Rocafort;Valencia
46112;Valencia;Valencia
46113;Moncada;Valencia
46114;Vinalesa;Valencia
46115;Alfara del Patriarca;Valencia
46116;Moncada;Valencia
46117;Bétera;Valencia
46118;Serra;Valencia
46119;Náquera;Valencia
46120;Alboraia/Alboraya;Valencia
46130;Massamagrell;Valencia
46131;Bonrepós i Mirambell;Valencia
46131;Valencia;Valencia
46132;Almássera;Valencia
46133;Meliana;Valencia
46134;Foios;Valencia
46135;Albalat dels Sorells;Valencia
46135;Emperador;Valencia
46135;Valencia;Valencia
46136;Museros;Valencia
46137;Pobla de Farnals;Valencia
46138;Rafelbunyol;Valencia
46139;Pobla de Farnals;Valencia
46140;Ademuz;Valencia
46140;Castielfabib;Valencia
46140;Puebla de San Miguel;Valencia
46141;Castielfabib;Valencia
46143;Torrebaja;Valencia
46145;Vallanca;Valencia
46146;Casas Bajas;Valencia
46147;Casas Altas;Valencia
46148;Algimia de Alfara;Valencia
46149;Gilet;Valencia
46160;Llíria;Valencia
46162;Andilla;Valencia
46162;Higueruelas;Valencia
46163;Marines;Valencia
46164;Pedralba;Valencia
46165;Bugarra;Valencia
46166;Gestalgar;Valencia
46167;Chulilla;Valencia
46168;Losa del Obispo;Valencia
46168;Sot de Chera;Valencia
46169;Olocau;Valencia
46169;Gátova;Valencia
46170;Villar del Arzobispo;Valencia
46171;Casinos;Valencia
46172;Alcublas;Valencia
46173;Benagéber;Valencia
46174;Domeño;Valencia
46175;Calles;Valencia
46175;Domeño;Valencia
46176;Chelva;Valencia
46177;Tuéjar;Valencia
46178;Alpuente;Valencia
46178;Titaguas;Valencia
46178;Yesa;Valencia
46179;Aras de los Olmos;Valencia
46180;Benaguasil;Valencia
46181;Benissanó;Valencia
46182;Paterna;Valencia
46183;Eliana;Valencia
46184;San Antonio de Benagéber;Valencia
46185;Pobla de Vallbona;Valencia
46190;Riba-roja de Túria;Valencia
46191;Vilamarxant;Valencia
46192;Montserrat;Valencia
46193;Montroi/Montroy;Valencia
46194;Real;Valencia
46195;Llombai;Valencia
46196;Catadau;Valencia
46197;Alfarp;Valencia
46198;Dos Aguas;Valencia
46198;Millares;Valencia
46199;Cortes de Pallás;Valencia
46200;Paiporta;Valencia
46210;Picanya;Valencia
46220;Picassent;Valencia
46229;Picassent;Valencia
46230;Alginet;Valencia
46240;Carlet;Valencia
46250;Alcúdia;Valencia
46250;Sagunto/Sagunt;Valencia
46260;Alberic;Valencia
46266;Antella;Valencia
46267;Gavarda;Valencia
46268;Alzira;Valencia
46269;Tous;Valencia
46270;Villanueva de Castellón;Valencia
46290;Alcásser;Valencia
46291;Benimodo;Valencia
46292;Massalavés;Valencia
46293;Alcántera de Xúquer;Valencia
46293;Beneixida;Valencia
46294;Cárcer;Valencia
46294;Cotes;Valencia
46295;Sellent;Valencia
46295;Sumacárcer;Valencia
46300;Utiel;Valencia
46310;Venta del Moro;Valencia
46311;Venta del Moro;Valencia
46312;Utiel;Valencia
46313;Utiel;Valencia
46314;Fuenterrobles;Valencia
46315;Caudete de las Fuentes;Valencia
46317;Villargordo del Cabriel;Valencia
46320;Sinarcas;Valencia
46321;Utiel;Valencia
46330;Camporrobles;Valencia
46340;Requena;Valencia
46350;Chera;Valencia
46351;Chelva;Valencia
46351;Requena;Valencia
46352;Requena;Valencia
46353;Requena;Valencia
46354;Requena;Valencia
46355;Requena;Valencia
46356;Requena;Valencia
46357;Requena;Valencia
46360;Buñol;Valencia
46367;Yátova;Valencia
46368;Macastre;Valencia
46369;Alborache;Valencia
46370;Chiva;Valencia
46380;Cheste;Valencia
46388;Godelleta;Valencia
46389;Turís;Valencia
46390;Requena;Valencia
46391;Requena;Valencia
46392;Siete Aguas;Valencia
46393;Loriguilla;Valencia
46400;Cullera;Valencia
46408;Cullera;Valencia
46409;Cullera;Valencia
46410;Sueca;Valencia
46417;Riola;Valencia
46418;Fortaleny;Valencia
46419;Sueca;Valencia
46420;Sueca;Valencia
46430;Sollana;Valencia
46439;Sollana;Valencia
46440;Almussafes;Valencia
46450;Benifaió;Valencia
46460;Silla;Valencia
46469;Beniparrell;Valencia
46470;Albal;Valencia
46470;Catarroja;Valencia
46470;Massanassa;Valencia
46500;Sagunto/Sagunt;Valencia
46501;Petrés;Valencia
46510;Quartell;Valencia
46511;Benifairó de les Valls;Valencia
46512;Faura;Valencia
46514;Benavites;Valencia
46515;Quart de les Valls;Valencia
46520;Sagunto/Sagunt;Valencia
46529;Canet d'En Berenguer;Valencia
46530;Pusol;Valencia
46530;Sagunto/Sagunt;Valencia
46540;Puig de Santa Maria;Valencia
46550;Albuixech;Valencia
46560;Massalfassar;Valencia
46590;Estivella;Valencia
46591;Albalat dels Tarongers;Valencia
46592;Segart;Valencia
46593;Algar de Palancia;Valencia
46594;Alfara de la Baronia;Valencia
46595;Torres Torres;Valencia
46600;Alzira;Valencia
46610;Guadassuar;Valencia
46611;Benimuslem;Valencia
46612;Corbera;Valencia
46613;Llaurí;Valencia
46614;Favara;Valencia
46620;Ayora;Valencia
46621;Zarra;Valencia
46622;Teresa de Cofrentes;Valencia
46623;Jarafuel;Valencia
46624;Jalance;Valencia
46625;Cofrentes;Valencia
46630;Font de la Figuera;Valencia
46635;Fontanars dels Alforins;Valencia
46640;Mogente/Moixent;Valencia
46650;Canals;Valencia
46659;Canals;Valencia
46660;Manuel;Valencia
46666;Rafelguaraf;Valencia
46667;Barxeta;Valencia
46668;Llocnou d'En Fenollet;Valencia
46668;Rafelguaraf;Valencia
46669;Énova;Valencia
46669;Sant Joanet;Valencia
46669;Senyera;Valencia
46670;Pobla Llarga;Valencia
46680;Algemesí;Valencia
46687;Albalat de la Ribera;Valencia
46688;Polinyá de Xúquer;Valencia
46689;Benicull de Xúquer;Valencia
46690;Alcúdia de Crespins;Valencia
46691;Vallada;Valencia
46692;Montesa;Valencia
46701;Gandia;Valencia
46702;Gandia;Valencia
46703;Benirredrá;Valencia
46710;Daimús;Valencia
46711;Guardamar de la Safor;Valencia
46711;Miramar;Valencia
46712;Piles;Valencia
46713;Bellreguard;Valencia
46714;Palmera;Valencia
46715;Alqueria de la Comtessa;Valencia
46716;Rafelcofer;Valencia
46717;Font d'En Carrós;Valencia
46720;Vilallonga/Villalonga;Valencia
46721;Potries;Valencia
46722;Beniarjó;Valencia
46722;Beniflá;Valencia
46723;Almoines;Valencia
46724;Palma de Gandía;Valencia
46725;Alfauir;Valencia
46725;Rótova;Valencia
46726;Almiserá;Valencia
46726;Castellonet de la Conquesta;Valencia
46726;Llocnou de Sant Jeroni;Valencia
46727;Real de Gandia;Valencia
46728;Gandia;Valencia
46729;Ador;Valencia
46730;Gandia;Valencia
46740;Carcaixent;Valencia
46749;Carcaixent;Valencia
46750;Simat de la Valldigna;Valencia
46758;Barx;Valencia
46760;Tavernes de la Valldigna;Valencia
46770;Xeraco;Valencia
46780;Oliva;Valencia
46790;Xeresa;Valencia
46791;Benifairó de la Valldigna;Valencia
46792;Alzira;Valencia
46792;Carcaixent;Valencia
46800;Xátiva;Valencia
46810;Enguera;Valencia
46811;Enguera;Valencia
46812;Aielo de Malferit;Valencia
46813;Cerdá;Valencia
46814;Llanera de Ranes;Valencia
46814;Torrella;Valencia
46815;Llosa de Ranes;Valencia
46816;Llanera de Ranes;Valencia
46816;Rotglá i Corberá;Valencia
46817;Estubeny;Valencia
46818;Granja de la Costera;Valencia
46818;Vallés;Valencia
46819;Novelé/Novetlé;Valencia
46820;Anna;Valencia
46821;Chella;Valencia
46822;Bolbaite;Valencia
46823;Navarrés;Valencia
46824;Quesa;Valencia
46825;Bicorp;Valencia
46830;Benigánim;Valencia
46837;Quatretonda;Valencia
46838;Benicolet;Valencia
46838;Llutxent;Valencia
46838;Pinet;Valencia
46839;Bellús;Valencia
46839;Benissuera;Valencia
46839;Guadasséquies;Valencia
46839;Sempere;Valencia
46840;Pobla del Duc;Valencia
46841;Castelló de Rugat;Valencia
46842;Aielo de Rugat;Valencia
46842;Montitxelvo/Montichelvo;Valencia
46842;Rugat;Valencia
46842;Terrateig;Valencia
46843;Ráfol de Salem;Valencia
46843;Salem;Valencia
46844;Beniatjar;Valencia
46844;Otos;Valencia
46850;Olleria;Valencia
46860;Albaida;Valencia
46868;Bélgida;Valencia
46869;Atzeneta d'Albaida;Valencia
46869;Benissoda;Valencia
46869;Carrícola;Valencia
46870;Ontinyent;Valencia
46880;Bocairent;Valencia
46890;Agullent;Valencia
46891;Bufali;Valencia
46891;Palomar;Valencia
46892;Montaverner;Valencia
46893;Alfarrasí;Valencia
46894;Genovés;Valencia
46900;Torrent;Valencia
46901;Torrent;Valencia
46909;Torrent;Valencia
46910;Alfafar;Valencia
46910;Benetússer;Valencia
46910;Llocnou de la Corona;Valencia
46910;Sedaví;Valencia
46920;Mislata;Valencia
46930;Quart de Poblet;Valencia
46940;Manises;Valencia
46950;Xirivella;Valencia
46960;Aldaia;Valencia
46970;Alaquás;Valencia
46980;Paterna;Valencia
46988;Paterna;Valencia
46989;Paterna;Valencia
47001;Valladolid;Valladolid
47002;Valladolid;Valladolid
47003;Valladolid;Valladolid
47004;Valladolid;Valladolid
47005;Valladolid;Valladolid
47006;Valladolid;Valladolid
47007;Valladolid;Valladolid
47008;Valladolid;Valladolid
47009;Valladolid;Valladolid
47010;Valladolid;Valladolid
47011;Valladolid;Valladolid
47012;Valladolid;Valladolid
47013;Valladolid;Valladolid
47014;Valladolid;Valladolid
47015;Valladolid;Valladolid
47016;Valladolid;Valladolid
47017;Valladolid;Valladolid
47018;Valladolid;Valladolid
47100;Tordesillas;Valladolid
47110;Casasola de Arión;Valladolid
47111;Villalar de los Comuneros;Valladolid
47112;Pedrosa del Rey;Valladolid
47113;Tordesillas;Valladolid
47113;Villalbarba;Valladolid
47114;Matilla de los Caños;Valladolid
47114;Torrecilla de la Abadesa;Valladolid
47114;Velilla;Valladolid
47115;Bercero;Valladolid
47115;Berceruelo;Valladolid
47116;Pollos;Valladolid
47120;Mota del Marqués;Valladolid
47129;Adalia;Valladolid
47129;Barruelo del Valle;Valladolid
47129;San Cebrián de Mazote;Valladolid
47129;San Pelayo;Valladolid
47129;Torrecilla de la Torre;Valladolid
47130;Simancas;Valladolid
47131;Geria;Valladolid
47131;Robladillo;Valladolid
47131;Velliza;Valladolid
47131;Villán de Tordesillas;Valladolid
47132;San Miguel del Pino;Valladolid
47132;Tordesillas;Valladolid
47133;Marzales;Valladolid
47133;Vega de Valdetronco;Valladolid
47134;Gallegos de Hornija;Valladolid
47134;San Salvador;Valladolid
47134;Torrelobatón;Valladolid
47134;Villasexmir;Valladolid
47140;Laguna de Duero;Valladolid
47140;Valladolid;Valladolid
47150;Viana de Cega;Valladolid
47151;Boecillo;Valladolid
47152;Valladolid;Valladolid
47153;Laguna de Duero;Valladolid
47153;Valladolid;Valladolid
47155;Santovenia de Pisuerga;Valladolid
47160;Aldea de San Miguel;Valladolid
47160;Portillo;Valladolid
47161;Tudela de Duero;Valladolid
47162;Aldeamayor de San Martín;Valladolid
47164;San Miguel del Arroyo;Valladolid
47165;Camporredondo;Valladolid
47166;Viloria;Valladolid
47169;Aldeamayor de San Martín;Valladolid
47169;Laguna de Duero;Valladolid
47169;Tudela de Duero;Valladolid
47170;Renedo de Esgueva;Valladolid
47171;Castronuevo de Esgueva;Valladolid
47172;Villarmentero de Esgueva;Valladolid
47173;Olmos de Esgueva;Valladolid
47174;Villanueva de los Infantes;Valladolid
47175;Piña de Esgueva;Valladolid
47176;Esguevillas de Esgueva;Valladolid
47177;Amusquillo;Valladolid
47180;Villafuerte;Valladolid
47181;Villaco;Valladolid
47182;Castroverde de Cerrato;Valladolid
47183;Torre de Esgueva;Valladolid
47184;Fombellida;Valladolid
47185;Canillas de Esgueva;Valladolid
47186;Encinas de Esgueva;Valladolid
47190;Wamba;Valladolid
47191;Ciguñuela;Valladolid
47192;Castrodeza;Valladolid
47193;Cistérniga;Valladolid
47194;Fuensaldaña;Valladolid
47194;Mucientes;Valladolid
47195;Arroyo de la Encomienda;Valladolid
47196;Pedraja de Portillo;Valladolid
47197;Valladolid;Valladolid
47200;Valoria la Buena;Valladolid
47209;San Martín de Valvení;Valladolid
47210;Ataquines;Valladolid
47219;Muriel;Valladolid
47219;Salvador de Zapardiel;Valladolid
47219;San Pablo de la Moraleja;Valladolid
47220;Pozaldez;Valladolid
47230;Matapozuelos;Valladolid
47231;Serrada;Valladolid
47232;Ventosa de la Cuesta;Valladolid
47238;Alcazarén;Valladolid
47238;Hornillos de Eresma;Valladolid
47238;Matapozuelos;Valladolid
47239;Villanueva de Duero;Valladolid
47240;Valdestillas;Valladolid
47250;Mojados;Valladolid
47260;Cabezón de Pisuerga;Valladolid
47270;Cigales;Valladolid
47280;Corcos;Valladolid
47281;Corcos;Valladolid
47282;Trigueros del Valle;Valladolid
47283;Quintanilla de Trigueros;Valladolid
47290;Cubillas de Santa Marta;Valladolid
47300;Peñafiel;Valladolid
47310;Campaspero;Valladolid
47311;Canalejas de Peñafiel;Valladolid
47311;Fompedraza;Valladolid
47312;Bahabón;Valladolid
47313;Cogeces del Monte;Valladolid
47313;Peñafiel;Valladolid
47313;Torre de Peñafiel;Valladolid
47313;Torrescárcela;Valladolid
47314;Langayo;Valladolid
47314;Manzanillo;Valladolid
47314;Peñafiel;Valladolid
47315;Pesquera de Duero;Valladolid
47316;Curiel de Duero;Valladolid
47316;Piñel de Abajo;Valladolid
47316;Piñel de Arriba;Valladolid
47316;Roturas;Valladolid
47317;Bocos de Duero;Valladolid
47317;Corrales de Duero;Valladolid
47317;San Llorente;Valladolid
47317;Valdearcos de la Vega;Valladolid
47318;Castrillo de Duero;Valladolid
47318;Olmos de Peñafiel;Valladolid
47318;Peñafiel;Valladolid
47319;Rábano;Valladolid
47319;Torre de Peñafiel;Valladolid
47320;Montemayor de Pililla;Valladolid
47320;Tudela de Duero;Valladolid
47328;Parrilla;Valladolid
47329;Castrillo-Tejeriego;Valladolid
47329;Villabáñez;Valladolid
47329;Villavaquerín;Valladolid
47330;Santibáñez de Valcorba;Valladolid
47330;Traspinedo;Valladolid
47331;Santibáñez de Valcorba;Valladolid
47340;Sardón de Duero;Valladolid
47350;Quintanilla de Onésimo;Valladolid
47359;Olivares de Duero;Valladolid
47359;Valbuena de Duero;Valladolid
47360;Quintanilla de Arriba;Valladolid
47400;Medina del Campo;Valladolid
47410;Olmedo;Valladolid
47418;Aguasal;Valladolid
47418;Fuente-Olmedo;Valladolid
47418;Llano de Olmedo;Valladolid
47419;Almenara de Adaja;Valladolid
47419;Bocigas;Valladolid
47419;Puras;Valladolid
47420;Íscar;Valladolid
47430;Pedrajas de San Esteban;Valladolid
47440;Cogeces de Íscar;Valladolid
47440;Megeces;Valladolid
47450;Pozal de Gallinas;Valladolid
47451;Olmedo;Valladolid
47452;Zarza;Valladolid
47453;Ramiro;Valladolid
47454;Moraleja de las Panaderas;Valladolid
47460;Campillo;Valladolid
47461;Brahojos de Medina;Valladolid
47462;Bobadilla del Campo;Valladolid
47463;Velascálvaro;Valladolid
47464;Nueva Villa de las Torres;Valladolid
47465;Villaverde de Medina;Valladolid
47470;Carpio;Valladolid
47480;Fresno el Viejo;Valladolid
47490;Rueda;Valladolid
47491;Seca;Valladolid
47492;Medina del Campo;Valladolid
47492;Rueda;Valladolid
47493;Medina del Campo;Valladolid
47493;San Vicente del Palacio;Valladolid
47494;Cervillego de la Cruz;Valladolid
47494;Fuente el Sol;Valladolid
47494;Lomoviejo;Valladolid
47494;Rubí de Bracamonte;Valladolid
47500;Nava del Rey;Valladolid
47509;Rueda;Valladolid
47510;Alaejos;Valladolid
47511;Siete Iglesias de Trabancos;Valladolid
47512;Castrejón de Trabancos;Valladolid
47513;Torrecilla de la Orden;Valladolid
47520;Castronuño;Valladolid
47529;Villafranca de Duero;Valladolid
47530;San Román de Hornija;Valladolid
47600;Villalón de Campos;Valladolid
47606;Gatón de Campos;Valladolid
47606;Villafrades de Campos;Valladolid
47607;Herrín de Campos;Valladolid
47607;Villacid de Campos;Valladolid
47608;Bustillo de Chaves;Valladolid
47608;Villagómez la Nueva;Valladolid
47608;Villanueva de la Condesa;Valladolid
47609;Fontihoyuelo;Valladolid
47609;Santervás de Campos;Valladolid
47609;Vega de Ruiponce;Valladolid
47609;Villacarralón;Valladolid
47610;Zaratán;Valladolid
47620;Villanubla;Valladolid
47630;Mudarra;Valladolid
47639;Villalba de los Alcores;Valladolid
47640;Peñaflor de Hornija;Valladolid
47641;Castromonte;Valladolid
47650;Cuenca de Campos;Valladolid
47664;Castroponce;Valladolid
47670;Becilla de Valderaduey;Valladolid
47670;Unión de Campos;Valladolid
47671;Urones de Castroponce;Valladolid
47672;Valdunquillo;Valladolid
47673;Quintanilla del Molar;Valladolid
47673;Roales de Campos;Valladolid
47674;Barcial de la Loma;Valladolid
47675;Bolaños de Campos;Valladolid
47675;Villalán de Campos;Valladolid
47676;Villavicencio de los Caballeros;Valladolid
47680;Mayorga;Valladolid
47686;Melgar de Arriba;Valladolid
47687;Melgar de Abajo;Valladolid
47688;Monasterio de Vega;Valladolid
47689;Cabezón de Valderaduey;Valladolid
47689;Castrobol;Valladolid
47689;Saelices de Mayorga;Valladolid
47689;Villalba de la Loma;Valladolid
47690;Valverde de Campos;Valladolid
47691;Moral de la Reina;Valladolid
47692;Ceinos de Campos;Valladolid
47800;Medina de Rioseco;Valladolid
47801;Valladolid;Valladolid
47810;Villafrechós;Valladolid
47811;Morales de Campos;Valladolid
47811;Santa Eufemia del Arroyo;Valladolid
47812;Palazuelo de Vedija;Valladolid
47813;Berrueces;Valladolid
47813;Villanueva de San Mancio;Valladolid
47814;Aguilar de Campos;Valladolid
47814;Villamuriel de Campos;Valladolid
47815;Tamariz de Campos;Valladolid
47815;Villabaruz de Campos;Valladolid
47816;Medina de Rioseco;Valladolid
47816;Montealegre de Campos;Valladolid
47816;Valdenebro de los Valles;Valladolid
47820;Villabrágima;Valladolid
47830;Tordehumos;Valladolid
47831;Pozuelo de la Orden;Valladolid
47832;Cabreros del Monte;Valladolid
47840;Villagarcía de Campos;Valladolid
47850;Villanueva de los Caballeros;Valladolid
47851;San Pedro de Latarce;Valladolid
47860;Villardefrades;Valladolid
47862;Urueña;Valladolid
47870;Tiedra;Valladolid
47880;Benafarces;Valladolid
47882;Castromembibre;Valladolid
47883;Villavellid;Valladolid
48001;Bilbao;Vizcaya
48002;Bilbao;Vizcaya
48003;Arrigorriaga;Vizcaya
48003;Bilbao;Vizcaya
48004;Bilbao;Vizcaya
48005;Bilbao;Vizcaya
48006;Bilbao;Vizcaya
48007;Bilbao;Vizcaya
48008;Bilbao;Vizcaya
48009;Bilbao;Vizcaya
48010;Bilbao;Vizcaya
48011;Bilbao;Vizcaya
48012;Bilbao;Vizcaya
48013;Bilbao;Vizcaya
48014;Bilbao;Vizcaya
48015;Bilbao;Vizcaya
48100;Mungia;Vizcaya
48110;Gatika;Vizcaya
48111;Laukiz;Vizcaya
48112;Maruri-Jatabe;Vizcaya
48113;Gamiz-Fika;Vizcaya
48114;Arrieta;Vizcaya
48115;Morga;Vizcaya
48116;Fruiz;Vizcaya
48120;Meñaka;Vizcaya
48120;Mungia;Vizcaya
48130;Bakio;Vizcaya
48140;Arantzazu;Vizcaya
48140;Igorre;Vizcaya
48141;Dima;Vizcaya
48142;Artea;Vizcaya
48143;Areatza;Vizcaya
48144;Zeanuri;Vizcaya
48145;Ubide;Vizcaya
48150;Sondika;Vizcaya
48160;Derio;Vizcaya
48170;Derio;Vizcaya
48170;Zamudio;Vizcaya
48180;Loiu;Vizcaya
48190;Sopuerta;Vizcaya
48191;Galdames;Vizcaya
48191;Sopuerta;Vizcaya
48192;Gordexola;Vizcaya
48194;Gordexola;Vizcaya
48195;Larrabetzu;Vizcaya
48196;Lezama;Vizcaya
48200;Durango;Vizcaya
48200;Garai;Vizcaya
48210;Otxandio;Vizcaya
48212;Mañaria;Vizcaya
48213;Izurtza;Vizcaya
48215;Iurreta;Vizcaya
48220;Abadiño;Vizcaya
48230;Elorrio;Vizcaya
48240;Berriz;Vizcaya
48249;Berriz;Vizcaya
48250;Zaldibar;Vizcaya
48260;Ermua;Vizcaya
48269;Mallabia;Vizcaya
48270;Markina-Xemein;Vizcaya
48276;Markina-Xemein;Vizcaya
48277;Etxebarria;Vizcaya
48278;Markina-Xemein;Vizcaya
48278;Ziortza-Bolibar;Vizcaya
48280;Lekeitio;Vizcaya
48287;Ea;Vizcaya
48288;Ispaster;Vizcaya
48289;Amoroto;Vizcaya
48289;Gizaburuaga;Vizcaya
48289;Mendexa;Vizcaya
48291;Atxondo;Vizcaya
48292;Atxondo;Vizcaya
48300;Gernika-Lumo;Vizcaya
48309;Errigoiti;Vizcaya
48310;Elantxobe;Vizcaya
48311;Ea;Vizcaya
48311;Ibarrangelu;Vizcaya
48312;Nabarniz;Vizcaya
48313;Ereño;Vizcaya
48314;Gautegiz Arteaga;Vizcaya
48315;Kortezubi;Vizcaya
48320;Ajangiz;Vizcaya
48330;Lemoa;Vizcaya
48340;Amorebieta-Etxano;Vizcaya
48348;Amorebieta-Etxano;Vizcaya
48350;Busturia;Vizcaya
48360;Mundaka;Vizcaya
48370;Bermeo;Vizcaya
48380;Aulesti;Vizcaya
48381;Munitibar-Arbatzegi Gerrikaitz;Vizcaya
48382;Mendata;Vizcaya
48383;Arratzu;Vizcaya
48390;Bedia;Vizcaya
48390;Arratzu;Vizcaya
48391;Muxika;Vizcaya
48391;Arratzu;Vizcaya
48392;Muxika;Vizcaya
48393;Forua;Vizcaya
48394;Murueta;Vizcaya
48395;Sukarrieta;Vizcaya
48410;Orozko;Vizcaya
48419;Orozko;Vizcaya
48450;Etxebarri;Vizcaya
48460;Urduña/Orduña;Vizcaya
48480;Arrigorriaga;Vizcaya
48480;Zaratamo;Vizcaya
48490;Ugao-Miraballes;Vizcaya
48498;Arakaldo;Vizcaya
48498;Arrankudiaga;Vizcaya
48499;Zeberio;Vizcaya
48500;Abanto y Ciérvana-Abanto Zierbena;Vizcaya
48508;Zierbena;Vizcaya
48510;Valle de Trápaga-Trapagaran;Vizcaya
48520;Valle de Trápaga-Trapagaran;Vizcaya
48530;Ortuella;Vizcaya
48540;Abanto y Ciérvana-Abanto Zierbena;Vizcaya
48550;Muskiz;Vizcaya
48600;Sopela;Vizcaya
48610;Urduliz;Vizcaya
48620;Gorliz;Vizcaya
48620;Lemoiz;Vizcaya
48620;Plentzia;Vizcaya
48630;Gorliz;Vizcaya
48640;Berango;Vizcaya
48650;Barrika;Vizcaya
48700;Ondarroa;Vizcaya
48710;Berriatua;Vizcaya
48800;Balmaseda;Vizcaya
48810;Alonsotegi;Vizcaya
48820;Güeñes;Vizcaya
48830;Güeñes;Vizcaya
48840;Güeñes;Vizcaya
48850;Zalla;Vizcaya
48850;Erandio;Vizcaya
48860;Zalla;Vizcaya
48869;Sopuerta;Vizcaya
48869;Zalla;Vizcaya
48870;Sopuerta;Vizcaya
48879;Artzentales;Vizcaya
48880;Trucios-Turtzioz;Vizcaya
48890;Karrantza Harana/Valle de Carranza;Vizcaya
48891;Karrantza Harana/Valle de Carranza;Vizcaya
48895;Lanestosa;Vizcaya
48901;Barakaldo;Vizcaya
48902;Barakaldo;Vizcaya
48903;Barakaldo;Vizcaya
48910;Sestao;Vizcaya
48920;Portugalete;Vizcaya
48930;Getxo;Vizcaya
48940;Leioa;Vizcaya
48950;Erandio;Vizcaya
48960;Galdakao;Vizcaya
48970;Basauri;Vizcaya
48980;Santurtzi;Vizcaya
48990;Getxo;Vizcaya
48991;Getxo;Vizcaya
48992;Getxo;Vizcaya
48993;Getxo;Vizcaya
49001;Zamora;Zamora
49002;Zamora;Zamora
49003;Zamora;Zamora
49004;Zamora;Zamora
49005;Zamora;Zamora
49006;Zamora;Zamora
49007;Zamora;Zamora
49008;Zamora;Zamora
49009;Zamora;Zamora
49010;Zamora;Zamora
49011;Zamora;Zamora
49012;Zamora;Zamora
49013;Zamora;Zamora
49014;Zamora;Zamora
49015;Zamora;Zamora
49016;Zamora;Zamora
49017;Zamora;Zamora
49018;Zamora;Zamora
49019;Zamora;Zamora
49020;Zamora;Zamora
49021;Zamora;Zamora
49022;Zamora;Zamora
49023;Zamora;Zamora
49024;Zamora;Zamora
49025;Zamora;Zamora
49026;Zamora;Zamora
49027;Zamora;Zamora
49028;Zamora;Zamora
49029;Zamora;Zamora
49030;Zamora;Zamora
49031;Zamora;Zamora
49032;Zamora;Zamora
49100;Villanueva del Campo;Zamora
49110;Castroverde de Campos;Zamora
49120;Molacillos;Zamora
49121;Mombuey;Zamora
49121;Monfarracinos;Zamora
49122;Torres del Carrizal;Zamora
49123;Benegiles;Zamora
49124;Aspariegos;Zamora
49125;Cerecinos del Carrizal;Zamora
49126;Arquillinos;Zamora
49126;Villalba de la Lampreana;Zamora
49127;Castronuevo;Zamora
49127;Pobladura de Valderaduey;Zamora
49128;Cañizo;Zamora
49129;San Martín de Valderaduey;Zamora
49129;Villárdiga;Zamora
49130;Manganeses de la Lampreana;Zamora
49131;Villamayor de Campos;Zamora
49132;Villar de Fallaves;Zamora
49133;Vega de Villalobos;Zamora
49134;Villalobos;Zamora
49135;Revellinos;Zamora
49135;San Agustín del Pozo;Zamora
49135;Vidayanes;Zamora
49136;Villafáfila;Zamora
49137;Villafáfila;Zamora
49137;Villarrín de Campos;Zamora
49140;Tábara;Zamora
49141;Faramontanos de Tábara;Zamora
49142;Pajares de la Lampreana;Zamora
49143;Piedrahita de Castro;Zamora
49144;San Cebrián de Castro;Zamora
49145;Perilla de Castro;Zamora
49145;Santa Eufemia del Barco;Zamora
49146;Olmillos de Castro;Zamora
49147;Olmillos de Castro;Zamora
49148;Moreruela de Tábara;Zamora
49148;Pozuelo de Tábara;Zamora
49149;Montamarta;Zamora
49150;Moraleja del Vino;Zamora
49151;Arcenillas;Zamora
49151;Casaseca de las Chanas;Zamora
49151;Gema;Zamora
49152;Sanzoles;Zamora
49153;Venialbo;Zamora
49154;Pego;Zamora
49155;Bóveda de Toro;Zamora
49156;Guarrate;Zamora
49157;Madridanos;Zamora
49158;Villalazán;Zamora
49159;Villaralbo;Zamora
49160;Carbajales de Alba;Zamora
49161;Santa Eufemia del Barco;Zamora
49162;Andavías;Zamora
49162;Palacios del Pan;Zamora
49163;Manzanal del Barco;Zamora
49164;Muelas del Pan;Zamora
49164;Videmala;Zamora
49165;Muelas del Pan;Zamora
49165;Videmala;Zamora
49166;Villalcampo;Zamora
49167;Muelas del Pan;Zamora
49170;Perdigón;Zamora
49171;Pereruela;Zamora
49172;Pereruela;Zamora
49173;Pereruela;Zamora
49174;Fresno de Sayago;Zamora
49174;Pereruela;Zamora
49176;Peñausende;Zamora
49177;Alfaraz de Sayago;Zamora
49177;Almeida de Sayago;Zamora
49177;Moraleja de Sayago;Zamora
49177;Peñausende;Zamora
49178;Peñausende;Zamora
49180;Almaraz de Duero;Zamora
49180;Zamora;Zamora
49181;Villaseco del Pan;Zamora
49182;San Pedro de la Nave-Almendra;Zamora
49183;San Pedro de la Nave-Almendra;Zamora
49190;Morales del Vino;Zamora
49191;Cazurra;Zamora
49191;Jambrina;Zamora
49191;Morales del Vino;Zamora
49191;Peleas de Abajo;Zamora
49192;Hiniesta;Zamora
49192;Roales;Zamora
49192;Valcabado;Zamora
49193;Zamora;Zamora
49200;Bermillo de Sayago;Zamora
49210;Almeida de Sayago;Zamora
49211;Bermillo de Sayago;Zamora
49211;Carbellino;Zamora
49211;Roelos de Sayago;Zamora
49211;Salce;Zamora
49212;Muga de Sayago;Zamora
49213;Fariza;Zamora
49214;Fariza;Zamora
49215;Bermillo de Sayago;Zamora
49215;Luelmo;Zamora
49216;Bermillo de Sayago;Zamora
49216;Fresno de Sayago;Zamora
49220;Fermoselle;Zamora
49230;Villar del Buey;Zamora
49231;Villar del Buey;Zamora
49232;Villar del Buey;Zamora
49240;Villar del Buey;Zamora
49250;Villadepera;Zamora
49250;Villardiegua de la Ribera;Zamora
49251;Argañín;Zamora
49251;Gamones;Zamora
49252;Torregamones;Zamora
49253;Moralina;Zamora
49254;Moral de Sayago;Zamora
49255;Bermillo de Sayago;Zamora
49260;Bermillo de Sayago;Zamora
49270;Pereruela;Zamora
49271;Pereruela;Zamora
49272;Pereruela;Zamora
49280;Pereruela;Zamora
49281;Pereruela;Zamora
49300;Puebla de Sanabria;Zamora
49310;Mombuey;Zamora
49317;Cernadilla;Zamora
49317;Manzanal de los Infantes;Zamora
49318;Mombuey;Zamora
49318;Peque;Zamora
49318;Rionegro del Puente;Zamora
49319;Manzanal de los Infantes;Zamora
49319;Muelas de los Caballeros;Zamora
49320;Palacios de Sanabria;Zamora
49320;Robleda-Cervantes;Zamora
49321;Palacios de Sanabria;Zamora
49321;Robleda-Cervantes;Zamora
49322;Palacios de Sanabria;Zamora
49322;Rosinos de la Requejada;Zamora
49323;Rosinos de la Requejada;Zamora
49324;Asturianos;Zamora
49324;Rosinos de la Requejada;Zamora
49325;Asturianos;Zamora
49325;Cernadilla;Zamora
49326;Rionegro del Puente;Zamora
49327;Cubo de Benavente;Zamora
49327;Molezuelas de la Carballeda;Zamora
49327;Uña de Quintana;Zamora
49330;Rionegro del Puente;Zamora
49330;Vega de Tera;Zamora
49331;Calzadilla de Tera;Zamora
49331;Vega de Tera;Zamora
49332;Camarzana de Tera;Zamora
49332;Vega de Tera;Zamora
49333;Pueblica de Valverde;Zamora
49333;Santa María de Valverde;Zamora
49333;Villanueva de las Peras;Zamora
49334;Ferreras de Abajo;Zamora
49335;Ferreras de Abajo;Zamora
49335;Ferreras de Arriba;Zamora
49336;Otero de Bodas;Zamora
49337;Ferreras de Arriba;Zamora
49337;Otero de Bodas;Zamora
49340;Justel;Zamora
49341;Espadañedo;Zamora
49341;Muelas de los Caballeros;Zamora
49342;Espadañedo;Zamora
49342;Rosinos de la Requejada;Zamora
49343;Justel;Zamora
49344;Muelas de los Caballeros;Zamora
49345;Espadañedo;Zamora
49346;Espadañedo;Zamora
49347;Espadañedo;Zamora
49348;Asturianos;Zamora
49349;Rosinos de la Requejada;Zamora
49350;Galende;Zamora
49352;Galende;Zamora
49357;Robleda-Cervantes;Zamora
49357;San Justo;Zamora
49358;San Justo;Zamora
49358;Trefacio;Zamora
49359;San Justo;Zamora
49359;Trefacio;Zamora
49360;Galende;Zamora
49361;Galende;Zamora
49362;Galende;Zamora
49390;Puebla de Sanabria;Zamora
49390;Robleda-Cervantes;Zamora
49391;Pedralba de la Pradería;Zamora
49392;Pedralba de la Pradería;Zamora
49393;Puebla de Sanabria;Zamora
49394;Cobreros;Zamora
49394;Requejo;Zamora
49395;Cobreros;Zamora
49395;Galende;Zamora
49396;Cobreros;Zamora
49400;Fuentesaúco;Zamora
49410;Fuentelapeña;Zamora
49419;Castrillo de la Guareña;Zamora
49420;Vadillo de la Guareña;Zamora
49430;Villaescusa;Zamora
49440;Cañizal;Zamora
49450;Vallesa de la Guareña;Zamora
49500;Alcañices;Zamora
49510;Fonfría;Zamora
49511;Fonfría;Zamora
49512;Fonfría;Zamora
49512;Gallegos del Río;Zamora
49512;Rabanales;Zamora
49513;Fonfría;Zamora
49513;Samir de los Caños;Zamora
49514;Alcañices;Zamora
49514;Fonfría;Zamora
49514;Pino del Oro;Zamora
49515;Rábano de Aliste;Zamora
49515;Viñas;Zamora
49516;Trabazos;Zamora
49517;Alcañices;Zamora
49517;Trabazos;Zamora
49517;Viñas;Zamora
49518;Alcañices;Zamora
49518;Rábano de Aliste;Zamora
49518;Trabazos;Zamora
49519;Rabanales;Zamora
49519;Trabazos;Zamora
49520;Figueruela de Arriba;Zamora
49521;Figueruela de Arriba;Zamora
49522;Mahide;Zamora
49523;San Vitero;Zamora
49524;San Vitero;Zamora
49524;Viñas;Zamora
49525;Rábano de Aliste;Zamora
49525;San Vitero;Zamora
49530;Coreses;Zamora
49539;Algodre;Zamora
49539;Gallegos del Pan;Zamora
49539;Villalube;Zamora
49540;Ferreruela;Zamora
49540;Losacio;Zamora
49540;Olmillos de Castro;Zamora
49541;Losacino;Zamora
49542;Gallegos del Río;Zamora
49542;Vegalatrave;Zamora
49543;Losacino;Zamora
49550;Ferreruela;Zamora
49559;Gallegos del Río;Zamora
49560;Mahide;Zamora
49561;Mahide;Zamora
49562;Villardeciervos;Zamora
49563;Villardeciervos;Zamora
49570;Lubián;Zamora
49571;Hermisende;Zamora
49572;Hermisende;Zamora
49573;Lubián;Zamora
49574;Lubián;Zamora
49580;Pías;Zamora
49582;Pías;Zamora
49583;Porto;Zamora
49590;Fresno de la Ribera;Zamora
49590;Matilla la Seca;Zamora
49591;Riofrío de Aliste;Zamora
49592;Riofrío de Aliste;Zamora
49592;San Vicente de la Cabeza;Zamora
49593;Manzanal de Arriba;Zamora
49594;Manzanal de Arriba;Zamora
49600;Benavente;Zamora
49610;Ayoó de Vidriales;Zamora
49610;Santibáñez de Vidriales;Zamora
49618;Fuente Encalada;Zamora
49618;Santibáñez de Vidriales;Zamora
49618;Villageriz;Zamora
49619;Ayoó de Vidriales;Zamora
49619;Santibáñez de Vidriales;Zamora
49620;Santa Cristina de la Polvorosa;Zamora
49621;Granucillo;Zamora
49621;Santibáñez de Vidriales;Zamora
49622;Brime de Urz;Zamora
49622;Granucillo;Zamora
49622;Quintanilla de Urz;Zamora
49622;Quiruelas de Vidriales;Zamora
49622;Santibáñez de Vidriales;Zamora
49623;Quiruelas de Vidriales;Zamora
49623;Villanázar;Zamora
49624;Micereces de Tera;Zamora
49624;Santibáñez de Tera;Zamora
49625;Santibáñez de Tera;Zamora
49626;Camarzana de Tera;Zamora
49626;Melgar de Tera;Zamora
49626;Santa Croya de Tera;Zamora
49627;Camarzana de Tera;Zamora
49628;San Pedro de Ceque;Zamora
49629;Brime de Sog;Zamora
49630;Villalpando;Zamora
49638;Prado;Zamora
49638;Quintanilla del Olmo;Zamora
49639;Cotanes del Monte;Zamora
49639;Quintanilla del Monte;Zamora
49639;Tapioles;Zamora
49640;Cerecinos de Campos;Zamora
49650;San Esteban del Molar;Zamora
49660;Castrogonzalo;Zamora
49660;Villanueva de Azoague;Zamora
49670;Fuentes de Ropel;Zamora
49680;San Miguel del Valle;Zamora
49680;Valdescorriel;Zamora
49690;San Cristóbal de Entreviñas;Zamora
49691;San Cristóbal de Entreviñas;Zamora
49692;Matilla de Arzón;Zamora
49693;Fresno de la Polvorosa;Zamora
49693;Morales de Rey;Zamora
49694;Manganeses de la Polvorosa;Zamora
49695;Villaferrueña;Zamora
49696;Alcubilla de Nogales;Zamora
49696;Arrabalde;Zamora
49696;Santa María de la Vega;Zamora
49697;Morales de Valverde;Zamora
49697;Navianos de Valverde;Zamora
49697;Pueblica de Valverde;Zamora
49697;Villanázar;Zamora
49697;Villaveza de Valverde;Zamora
49698;Bretocino;Zamora
49698;Burganes de Valverde;Zamora
49698;Friera de Valverde;Zamora
49698;Villanázar;Zamora
49699;Arcos de la Polvorosa;Zamora
49699;Milles de la Polvorosa;Zamora
49699;Santa Colomba de las Monjas;Zamora
49699;Villanueva de Azoague;Zamora
49700;Corrales del Vino;Zamora
49706;Corrales del Vino;Zamora
49707;Santa Clara de Avedillo;Zamora
49708;Casaseca de Campeán;Zamora
49708;Villanueva de Campeán;Zamora
49709;Cabañas de Sayago;Zamora
49710;Cubo de Tierra del Vino;Zamora
49714;Fuentespreadas;Zamora
49715;Piñero;Zamora
49716;Argujillo;Zamora
49717;Cuelgamures;Zamora
49717;San Miguel de la Ribera;Zamora
49718;Mayalde;Zamora
49719;Maderal;Zamora
49719;Villamor de los Escuderos;Zamora
49720;Perdigón;Zamora
49721;Entrala;Zamora
49722;Perdigón;Zamora
49730;Cubillos;Zamora
49731;Moreruela de los Infanzones;Zamora
49740;Granja de Moreruela;Zamora
49741;Granja de Moreruela;Zamora
49742;Manganeses de la Lampreana;Zamora
49743;San Cebrián de Castro;Zamora
49750;Santovenia;Zamora
49751;Bretó;Zamora
49760;Barcial del Barco;Zamora
49760;Villaveza del Agua;Zamora
49770;Villabrázaro;Zamora
49780;Pobladura del Valle;Zamora
49781;Torre del Valle;Zamora
49782;Villabrázaro;Zamora
49783;Coomonte;Zamora
49783;Maire de Castroponce;Zamora
49800;Toro;Zamora
49810;Morales de Toro;Zamora
49820;Villabuena del Puente;Zamora
49830;Belver de los Montes;Zamora
49831;Bustillo del Oro;Zamora
49832;Malva;Zamora
49833;Fuentesecas;Zamora
49834;Abezames;Zamora
49835;Pozoantiguo;Zamora
49836;Toro;Zamora
49840;Vezdemarbán;Zamora
49850;Pinilla de Toro;Zamora
49860;Villalonso;Zamora
49870;Villavendimio;Zamora
49871;Villardondiego;Zamora
49880;Peleagonzalo;Zamora
49881;Toro;Zamora
49882;Valdefinjas;Zamora
50001;Zaragoza;Zaragoza
50002;Zaragoza;Zaragoza
50003;Zaragoza;Zaragoza
50004;Zaragoza;Zaragoza
50005;Zaragoza;Zaragoza
50006;Zaragoza;Zaragoza
50007;Zaragoza;Zaragoza
50008;Zaragoza;Zaragoza
50009;Zaragoza;Zaragoza
50010;Zaragoza;Zaragoza
50011;Zaragoza;Zaragoza
50012;Zaragoza;Zaragoza
50013;Zaragoza;Zaragoza
50014;Zaragoza;Zaragoza
50015;Zaragoza;Zaragoza
50016;Zaragoza;Zaragoza
50017;Zaragoza;Zaragoza
50018;Zaragoza;Zaragoza
50019;Zaragoza;Zaragoza
50020;Zaragoza;Zaragoza
50021;Zaragoza;Zaragoza
50022;Zaragoza;Zaragoza
50057;Zaragoza;Zaragoza
50059;Zaragoza;Zaragoza
50090;Zaragoza;Zaragoza
50100;Almunia de Doña Godina;Zaragoza
50108;Almonacid de la Sierra;Zaragoza
50109;Alpartir;Zaragoza
50120;Zaragoza;Zaragoza
50130;Belchite;Zaragoza
50131;Lécera;Zaragoza
50132;Codo;Zaragoza
50133;Almonacid de la Cuba;Zaragoza
50134;Lagata;Zaragoza
50134;Samper del Salz;Zaragoza
50135;Fuentes de Ebro;Zaragoza
50135;Mediana de Aragón;Zaragoza
50136;Letux;Zaragoza
50137;Puebla de Albortón;Zaragoza
50138;Valmadrid;Zaragoza
50139;Zaragoza;Zaragoza
50140;Azuara;Zaragoza
50141;Jaulín;Zaragoza
50142;Fuendetodos;Zaragoza
50143;Moyuela;Zaragoza
50143;Plenas;Zaragoza
50144;Moneva;Zaragoza
50150;Herrera de los Navarros;Zaragoza
50151;Luesma;Zaragoza
50152;Mezalocha;Zaragoza
50153;Villanueva de Huerva;Zaragoza
50154;Tosos;Zaragoza
50155;Aguilón;Zaragoza
50156;Villar de los Navarros;Zaragoza
50160;Leciñena;Zaragoza
50161;Perdiguera;Zaragoza
50162;Villamayor de Gállego;Zaragoza
50163;Farlete;Zaragoza
50164;Monegrillo;Zaragoza
50170;Mequinenza;Zaragoza
50171;Puebla de Alfindén;Zaragoza
50172;Alfajarín;Zaragoza
50173;Nuez de Ebro;Zaragoza
50174;Villafranca de Ebro;Zaragoza
50175;Osera de Ebro;Zaragoza
50177;Bujaraloz;Zaragoza
50178;Almolda;Zaragoza
50180;Utebo;Zaragoza
50190;Zaragoza;Zaragoza
50191;Zaragoza;Zaragoza
50193;Zaragoza;Zaragoza
50194;Zaragoza;Zaragoza
50195;Pastriz;Zaragoza
50196;Muela;Zaragoza
50200;Ateca;Zaragoza
50210;Nuévalos;Zaragoza
50211;Castejón de las Armas;Zaragoza
50212;Carenas;Zaragoza
50213;Cimballa;Zaragoza
50213;Monterde;Zaragoza
50214;Campillo de Aragón;Zaragoza
50215;Moros;Zaragoza
50216;Villalengua;Zaragoza
50217;Torrijo de la Cañada;Zaragoza
50219;Munébrega;Zaragoza
50219;Valtorres;Zaragoza
50219;Vilueña;Zaragoza
50220;Ariza;Zaragoza
50227;Sisamón;Zaragoza
50228;Cabolafuente;Zaragoza
50229;Bordalba;Zaragoza
50230;Alhama de Aragón;Zaragoza
50236;Ibdes;Zaragoza
50237;Jaraba;Zaragoza
50238;Calmarza;Zaragoza
50238;Godojos;Zaragoza
50239;Bubierca;Zaragoza
50239;Contamina;Zaragoza
50239;Embid de Ariza;Zaragoza
50240;Morés;Zaragoza
50246;Brea de Aragón;Zaragoza
50247;Morés;Zaragoza
50248;Sestrica;Zaragoza
50249;Sestrica;Zaragoza
50250;Illueca;Zaragoza
50257;Gotor;Zaragoza
50258;Jarque;Zaragoza
50258;Oseja;Zaragoza
50259;Aranda de Moncayo;Zaragoza
50259;Pomer;Zaragoza
50260;Morata de Jalón;Zaragoza
50266;Arándiga;Zaragoza
50267;Mesones de Isuela;Zaragoza
50268;Calcena;Zaragoza
50268;Purujosa;Zaragoza
50268;Trasobares;Zaragoza
50269;Chodes;Zaragoza
50269;Nigüella;Zaragoza
50269;Tierga;Zaragoza
50270;Ricla;Zaragoza
50280;Calatorao;Zaragoza
50290;Épila;Zaragoza
50291;Monreal de Ariza;Zaragoza
50292;Cetina;Zaragoza
50293;Terrer;Zaragoza
50294;Lucena de Jalón;Zaragoza
50294;Salillas de Jalón;Zaragoza
50295;Lumpiaque;Zaragoza
50295;Rueda de Jalón;Zaragoza
50296;Bardallur;Zaragoza
50296;Plasencia de Jalón;Zaragoza
50296;Urrea de Jalón;Zaragoza
50297;Bárboles;Zaragoza
50297;Grisén;Zaragoza
50297;Pleitas;Zaragoza
50298;Pinseque;Zaragoza
50299;Calatayud;Zaragoza
50299;Paracuellos de la Ribera;Zaragoza
50299;Sabiñán;Zaragoza
50300;Calatayud;Zaragoza
50310;Villarroya de la Sierra;Zaragoza
50311;Torralba de Ribota;Zaragoza
50312;Cervera de la Cañada;Zaragoza
50313;Aniñón;Zaragoza
50314;Clarés de Ribota;Zaragoza
50315;Malanquilla;Zaragoza
50316;Berdejo;Zaragoza
50316;Bijuesca;Zaragoza
50316;Torrelapaja;Zaragoza
50320;Frasno;Zaragoza
50321;Frasno;Zaragoza
50322;Frasno;Zaragoza
50323;Frasno;Zaragoza
50324;Santa Cruz de Grío;Zaragoza
50325;Tobed;Zaragoza
50326;Codos;Zaragoza
50330;Miedes de Aragón;Zaragoza
50331;Mara;Zaragoza
50331;Orera;Zaragoza
50331;Ruesca;Zaragoza
50332;Belmonte de Gracián;Zaragoza
50333;Villalba de Perejil;Zaragoza
50334;Sediles;Zaragoza
50335;Calatayud;Zaragoza
50336;Calatayud;Zaragoza
50340;Maluenda;Zaragoza
50341;Olvés;Zaragoza
50342;Paracuellos de Jiloca;Zaragoza
50343;Velilla de Jiloca;Zaragoza
50344;Morata de Jiloca;Zaragoza
50345;Alarba;Zaragoza
50346;Castejón de Alarba;Zaragoza
50347;Acered;Zaragoza
50348;Atea;Zaragoza
50351;Cubel;Zaragoza
50360;Daroca;Zaragoza
50366;Balconchán;Zaragoza
50366;Manchones;Zaragoza
50366;Murero;Zaragoza
50366;Orcajo;Zaragoza
50367;Langa del Castillo;Zaragoza
50367;Retascón;Zaragoza
50368;Cerveruela;Zaragoza
50368;Mainar;Zaragoza
50368;Torralbilla;Zaragoza
50368;Villarroya del Campo;Zaragoza
50369;Anento;Zaragoza
50369;Lechón;Zaragoza
50369;Nombrevilla;Zaragoza
50370;Villanueva de Jiloca;Zaragoza
50371;Valdehorna;Zaragoza
50372;Val de San Martín;Zaragoza
50373;Berrueco;Zaragoza
50373;Cuerlas;Zaragoza
50373;Gallocanta;Zaragoza
50373;Santed;Zaragoza
50374;Aldehuela de Liestos;Zaragoza
50374;Torralba de los Frailes;Zaragoza
50374;Used;Zaragoza
50375;Abanto;Zaragoza
50376;Cubel;Zaragoza
50390;Fuentes de Jiloca;Zaragoza
50391;Montón;Zaragoza
50391;Villafeliche;Zaragoza
50400;Cariñena;Zaragoza
50408;Aguarón;Zaragoza
50409;Cosuenda;Zaragoza
50410;Cuarte de Huerva;Zaragoza
50420;Cadrete;Zaragoza
50430;María de Huerva;Zaragoza
50440;Mozota;Zaragoza
50441;Botorrita;Zaragoza
50450;Muel;Zaragoza
50460;Longares;Zaragoza
50461;Alfamén;Zaragoza
50470;Encinacorba;Zaragoza
50480;Paniza;Zaragoza
50481;Aladrén;Zaragoza
50482;Vistabella;Zaragoza
50490;Villadoz;Zaragoza
50490;Villarreal de Huerva;Zaragoza
50491;Badules;Zaragoza
50491;Fombuena;Zaragoza
50491;Romanos;Zaragoza
50500;Tarazona;Zaragoza
50510;Novallas;Zaragoza
50511;Malón;Zaragoza
50512;Torrellas;Zaragoza
50513;Fayos;Zaragoza
50513;Grisel;Zaragoza
50513;Santa Cruz de Moncayo;Zaragoza
50513;Tarazona;Zaragoza
50513;Vierlas;Zaragoza
50514;Tarazona;Zaragoza
50520;Magallón;Zaragoza
50529;Alberite de San Juan;Zaragoza
50529;Fuendejalón;Zaragoza
50529;Pozuelo de Aragón;Zaragoza
50530;Novillas;Zaragoza
50540;Borja;Zaragoza
50546;Ambel;Zaragoza
50546;Bulbuente;Zaragoza
50546;Talamantes;Zaragoza
50547;Bureta;Zaragoza
50547;Tabuenca;Zaragoza
50548;Buste;Zaragoza
50549;Albeta;Zaragoza
50549;Maleján;Zaragoza
50550;Mallén;Zaragoza
50560;Agón;Zaragoza
50561;Bisimbre;Zaragoza
50562;Fréscano;Zaragoza
50570;Ainzón;Zaragoza
50580;Vera de Moncayo;Zaragoza
50581;Lituénigo;Zaragoza
50582;Litago;Zaragoza
50583;Trasmoz;Zaragoza
50584;San Martín de la Virgen de Moncayo;Zaragoza
50590;Añón de Moncayo;Zaragoza
50591;Alcalá de Moncayo;Zaragoza
50600;Ejea de los Caballeros;Zaragoza
50610;Frago;Zaragoza
50610;Luna;Zaragoza
50610;Pedrosas;Zaragoza
50611;Erla;Zaragoza
50611;Frago;Zaragoza
50612;Castejón de Valdejasa;Zaragoza
50612;Pedrosas;Zaragoza
50612;Sierra de Luna;Zaragoza
50613;Castejón de Valdejasa;Zaragoza
50614;Ardisa;Zaragoza
50614;Puendeluna;Zaragoza
50615;Luna;Zaragoza
50615;Valpalmas;Zaragoza
50616;Piedratajada;Zaragoza
50616;Marracos;Zaragoza
50617;Ejea de los Caballeros;Zaragoza
50619;Asín;Zaragoza
50619;Ejea de los Caballeros;Zaragoza
50619;Luesia;Zaragoza
50619;Orés;Zaragoza
50619;Biel;Zaragoza
50620;Zaragoza;Zaragoza
50629;Sobradiel;Zaragoza
50630;Alagón;Zaragoza
50637;Remolinos;Zaragoza
50638;Cabañas de Ebro;Zaragoza
50639;Figueruelas;Zaragoza
50640;Longares;Zaragoza
50640;Luceni;Zaragoza
50641;Boquiñeni;Zaragoza
50650;Gallur;Zaragoza
50660;Tauste;Zaragoza
50668;Pradilla de Ebro;Zaragoza
50669;Tauste;Zaragoza
50670;Sádaba;Zaragoza
50678;Uncastillo;Zaragoza
50679;Layana;Zaragoza
50679;Sádaba;Zaragoza
50680;Sos del Rey Católico;Zaragoza
50682;Sigüés;Zaragoza
50683;Artieda;Zaragoza
50683;Mianos;Zaragoza
50683;Sigüés;Zaragoza
50684;Salvatierra de Esca;Zaragoza
50685;Bagüés;Zaragoza
50685;Pintanos;Zaragoza
50685;Urriés;Zaragoza
50686;Petilla de Aragón;Zaragoza
50686;Navardún;Zaragoza
50687;Isuerre;Zaragoza
50687;Lobera de Onsella;Zaragoza
50688;Longás;Zaragoza
50689;Sos del Rey Católico;Zaragoza
50689;Undués de Lerda;Zaragoza
50690;Pedrola;Zaragoza
50691;Alcalá de Ebro;Zaragoza
50692;Joyosa;Zaragoza
50692;Zaragoza;Zaragoza
50693;Torres de Berrellén;Zaragoza
50694;Ejea de los Caballeros;Zaragoza
50695;Biota;Zaragoza
50696;Castiliscar;Zaragoza
50696;Sos del Rey Católico;Zaragoza
50697;Sos del Rey Católico;Zaragoza
50700;Caspe;Zaragoza
50709;Caspe;Zaragoza
50710;Maella;Zaragoza
50720;Zaragoza;Zaragoza
50730;Burgo de Ebro;Zaragoza
50740;Fuentes de Ebro;Zaragoza
50750;Pina de Ebro;Zaragoza
50760;Velilla de Ebro;Zaragoza
50770;Quinto;Zaragoza
50780;Sástago;Zaragoza
50781;Alborge;Zaragoza
50782;Cinco Olivas;Zaragoza
50783;Alforque;Zaragoza
50784;Zaida;Zaragoza
50786;Gelsa;Zaragoza
50790;Escatrón;Zaragoza
50791;Escatrón;Zaragoza
50792;Chiprana;Zaragoza
50793;Fabara;Zaragoza
50794;Nonaspe;Zaragoza
50795;Fayón;Zaragoza
50800;Zuera;Zaragoza
50810;Zuera;Zaragoza
50820;Zaragoza;Zaragoza
50830;Villanueva de Gállego;Zaragoza
50830;Zuera;Zaragoza
50840;San Mateo de Gállego;Zaragoza
50850;Murillo de Gállego;Zaragoza
50850;Santa Eulalia de Gállego;Zaragoza
51001;Ceuta;Ceuta
51002;Ceuta;Ceuta
51003;Ceuta;Ceuta
51004;Ceuta;Ceuta
51005;Ceuta;Ceuta
52001;Melilla;Melilla
52002;Melilla;Melilla
52003;Melilla;Melilla
52004;Melilla;Melilla
52005;Melilla;Melilla
52006;Melilla;Melilla
